team,league,season,final_position,pts,wins,draws,losses,gf,ga,gd,manager,stadium,city,founded,capacity,nickname,chairman,players_used,Age,Poss,Playing Time_MP,Playing Time_Starts,Playing Time_Min,Playing Time_90s,Performance_Gls,Performance_Ast,Performance_G+A,Performance_G-PK,Performance_PK,Performance_PKatt,Performance_CrdY,Performance_CrdR,Per 90 Minutes_Gls,Per 90 Minutes_Ast,Per 90 Minutes_G+A,Per 90 Minutes_G-PK,Per 90 Minutes_G+A-PK,url,players_used_shooting,90s,Standard_Gls,Standard_Sh,Standard_SoT,Standard_SoT%,Standard_Sh/90,Standard_SoT/90,Standard_G/Sh,Standard_G/SoT,Standard_PK,Standard_PKatt,url_shooting,players_used_misc,90s_misc,Performance_CrdY_misc,Performance_CrdR_misc,Performance_2CrdY,Performance_Fls,Performance_Fld,Performance_Off,Performance_Crs,Performance_Int,Performance_TklW,Performance_PKwon,Performance_PKcon,Performance_OG,url_misc,players_used_playing_time,Age_playing_time,Playing Time_MP_playing_time,Playing Time_Min_playing_time,Playing Time_Mn/MP,Playing Time_Min%,Playing Time_90s_playing_time,Starts_Starts,Starts_Mn/Start,Starts_Compl,Subs_Subs,Subs_Mn/Sub,Subs_unSub,Team Success_PPM,Team Success_onG,Team Success_onGA,Team Success_+/-,Team Success_+/-90,url_playing_time
Arsenal,ENG-Premier League,2324,2,89,28,5,5,91,29,62,Mikel Arteta,Emirates Stadium,London,1886,"60,704",The Gunners,Stan Kroenke|Josh Kroenke,25,25.0,58.2,38,418,3420,38,86,62,148,76,10,10,64,2,2.26,1.63,3.89,2.0,3.63,/en/squads/18bb7c10/2023-2024/Arsenal-Stats,25,38,86,647,209,32.3,17.03,5.5,0.12,0.36,10,10,/en/squads/18bb7c10/2023-2024/Arsenal-Stats,25,38,64,2,1,391,394,87,670,292,348,9,3,1,/en/squads/18bb7c10/2023-2024/Arsenal-Stats,25,25.0,38,3420,90,100,38,418,84,263,154,17,188,2.34,91,29,62,1.63,/en/squads/18bb7c10/2023-2024/Arsenal-Stats
Aston Villa,ENG-Premier League,2324,4,68,20,8,10,76,61,15,Unai Emery,Villa Park,Birmingham,1874,"43,205",The Villans,Nassef Sawiris,31,26.9,53.1,38,418,3420,38,72,55,127,68,4,4,94,2,1.89,1.45,3.34,1.79,3.24,/en/squads/8602292d/2023-2024/Aston-Villa-Stats,31,38,72,511,182,35.6,13.45,4.79,0.13,0.37,4,4,/en/squads/8602292d/2023-2024/Aston-Villa-Stats,31,38,94,2,0,412,473,47,651,236,311,4,2,4,/en/squads/8602292d/2023-2024/Aston-Villa-Stats,31,26.9,38,3420,90,100,38,418,83,270,151,19,186,1.79,76,61,15,0.39,/en/squads/8602292d/2023-2024/Aston-Villa-Stats
Bournemouth,ENG-Premier League,2324,13,48,13,9,16,54,67,-13,Andoni Iraola,Dean Court,Bournemouth,1899,"11,307",The Cherries,Bill Foley,30,25.7,44.4,38,418,3420,38,52,39,91,50,2,3,79,3,1.37,1.03,2.39,1.32,2.34,/en/squads/4ba7cbea/2023-2024/Bournemouth-Stats,30,38,52,539,175,32.5,14.18,4.61,0.09,0.29,2,3,/en/squads/4ba7cbea/2023-2024/Bournemouth-Stats,30,38,79,3,0,507,376,56,709,357,410,3,7,1,/en/squads/4ba7cbea/2023-2024/Bournemouth-Stats,30,25.7,38,3420,90,100,38,418,82,247,170,20,171,1.26,54,67,-13,-0.34,/en/squads/4ba7cbea/2023-2024/Bournemouth-Stats
Brentford,ENG-Premier League,2324,16,39,10,9,19,56,65,-9,Thomas Frank,Brentford Community Stadium,London,1889,"17,250",The Bees,Cliff Crown,28,26.6,45.2,38,418,3420,38,54,38,92,51,3,3,89,2,1.42,1.0,2.42,1.34,2.34,/en/squads/cd051869/2023-2024/Brentford-Stats,28,38,54,470,159,33.8,12.37,4.18,0.11,0.32,3,3,/en/squads/cd051869/2023-2024/Brentford-Stats,28,38,89,2,0,385,419,70,706,378,399,3,2,0,/en/squads/cd051869/2023-2024/Brentford-Stats,28,26.6,38,3420,90,100,38,418,83,247,170,16,172,1.03,56,65,-9,-0.24,/en/squads/cd051869/2023-2024/Brentford-Stats
Brighton,ENG-Premier League,2324,11,48,12,12,14,55,62,-7,Roberto De Zerbi,Falmer Stadium,Brighton and Hove,1901,"31,876",The Seagulls,Tony Bloom,30,25.9,59.8,38,418,3420,38,50,36,86,45,5,6,90,3,1.32,0.95,2.26,1.18,2.13,/en/squads/d07537b9/2023-2024/Brighton-and-Hove-Albion-Stats,30,38,50,555,198,35.7,14.61,5.21,0.08,0.23,5,6,/en/squads/d07537b9/2023-2024/Brighton-and-Hove-Albion-Stats,30,38,90,3,0,414,454,84,671,288,366,6,6,2,/en/squads/d07537b9/2023-2024/Brighton-and-Hove-Albion-Stats,30,25.9,38,3420,90,100,38,418,80,239,176,23,166,1.26,55,62,-7,-0.18,/en/squads/d07537b9/2023-2024/Brighton-and-Hove-Albion-Stats
Burnley,ENG-Premier League,2324,19,24,5,9,24,41,78,-37,Vincent Kompany,Turf Moor,Burnley,1882,"21,944",The Clarets,Alan Pace,31,24.5,47.4,38,418,3420,38,40,30,70,37,3,3,77,7,1.05,0.79,1.84,0.97,1.76,/en/squads/943e8050/2023-2024/Burnley-Stats,31,38,40,430,137,31.9,11.32,3.61,0.09,0.27,3,3,/en/squads/943e8050/2023-2024/Burnley-Stats,31,38,77,7,3,429,353,76,550,280,342,3,7,3,/en/squads/943e8050/2023-2024/Burnley-Stats,31,24.5,38,3420,90,100,38,418,82,255,162,19,180,0.63,41,78,-37,-0.97,/en/squads/943e8050/2023-2024/Burnley-Stats
Chelsea,ENG-Premier League,2324,6,63,18,9,11,77,63,14,Mauricio Pochettino,Stamford Bridge,London,1905,"40,044",The Blues,Todd Boehly,32,24.2,58.6,38,418,3420,38,76,51,127,65,11,12,109,4,2.0,1.34,3.34,1.71,3.05,/en/squads/cff3d9bb/2023-2024/Chelsea-Stats,32,38,76,537,194,36.1,14.13,5.11,0.12,0.34,11,12,/en/squads/cff3d9bb/2023-2024/Chelsea-Stats,32,38,109,4,2,446,451,85,558,298,376,11,5,3,/en/squads/cff3d9bb/2023-2024/Chelsea-Stats,32,24.2,38,3420,90,100,38,418,84,267,148,17,193,1.66,77,63,14,0.37,/en/squads/cff3d9bb/2023-2024/Chelsea-Stats
Crystal Palace,ENG-Premier League,2324,10,49,13,10,15,57,58,-1,Oliver Glasner,Selhurst Park,London,1905,"25,486",The Eagles,Steve Parish,26,26.8,42.3,38,418,3420,38,56,43,99,52,4,4,73,2,1.47,1.13,2.61,1.37,2.5,/en/squads/47c64c55/2023-2024/Crystal-Palace-Stats,26,38,56,452,162,35.8,11.89,4.26,0.12,0.32,4,4,/en/squads/47c64c55/2023-2024/Crystal-Palace-Stats,26,38,73,2,2,457,427,72,583,323,464,4,3,2,/en/squads/47c64c55/2023-2024/Crystal-Palace-Stats,26,26.8,38,3420,90,100,38,418,85,292,126,16,214,1.29,57,58,-1,-0.03,/en/squads/47c64c55/2023-2024/Crystal-Palace-Stats
Everton,ENG-Premier League,2324,12,48,13,9,16,40,51,-11,Sean Dyche,Goodison Park,Liverpool,1878,"52,769",The Toffees,Dan Friedkin,26,27.1,40.8,38,418,3420,38,40,17,57,38,2,3,82,1,1.05,0.45,1.5,1.0,1.45,/en/squads/d3fd31cc/2023-2024/Everton-Stats,26,38,40,504,152,30.2,13.26,4.0,0.08,0.25,2,3,/en/squads/d3fd31cc/2023-2024/Everton-Stats,26,38,82,1,1,457,361,89,752,358,442,2,8,3,/en/squads/d3fd31cc/2023-2024/Everton-Stats,26,27.1,38,3420,90,100,38,418,85,299,121,19,218,1.26,40,51,-11,-0.29,/en/squads/d3fd31cc/2023-2024/Everton-Stats
Fulham,ENG-Premier League,2324,14,47,13,8,17,55,61,-6,Marco Silva,Craven Cottage,London,1879,"27,782",The Cottagers,Shahid Khan,25,28.4,50.6,38,418,3420,38,54,40,94,52,2,2,84,4,1.42,1.05,2.47,1.37,2.42,/en/squads/fd962109/2023-2024/Fulham-Stats,25,38,54,499,175,35.1,13.13,4.61,0.1,0.3,2,2,/en/squads/fd962109/2023-2024/Fulham-Stats,25,38,84,4,3,384,364,51,736,371,384,2,8,4,/en/squads/fd962109/2023-2024/Fulham-Stats,25,28.4,38,3420,90,100,38,418,82,244,170,18,171,1.24,55,61,-6,-0.16,/en/squads/fd962109/2023-2024/Fulham-Stats
Liverpool,ENG-Premier League,2324,3,82,24,10,4,86,41,45,Jurgen Klopp,Anfield,Liverpool,1892,"61,276",The Reds,Tom Werner,30,26.3,61.3,38,418,3420,38,80,60,140,74,6,9,69,5,2.11,1.58,3.68,1.95,3.53,/en/squads/822bd0ba/2023-2024/Liverpool-Stats,30,38,80,781,263,33.7,20.55,6.92,0.09,0.28,6,9,/en/squads/822bd0ba/2023-2024/Liverpool-Stats,30,38,69,5,2,463,376,100,817,292,418,8,1,2,/en/squads/822bd0ba/2023-2024/Liverpool-Stats,30,26.3,38,3420,90,100,38,418,82,248,166,20,176,2.16,86,41,45,1.18,/en/squads/822bd0ba/2023-2024/Liverpool-Stats
Luton Town,ENG-Premier League,2324,18,26,6,8,24,52,85,-33,Rob Edwards,Kenilworth Road,Luton,1885,"12,056",The Hatters,David Wilkinson,28,26.7,42.4,38,418,3420,38,49,33,82,44,5,5,71,0,1.29,0.87,2.16,1.16,2.03,/en/squads/e297cd13/2023-2024/Luton-Town-Stats,28,38,49,427,134,31.4,11.24,3.53,0.1,0.33,5,5,/en/squads/e297cd13/2023-2024/Luton-Town-Stats,28,38,71,0,0,443,448,67,841,325,368,2,4,4,/en/squads/e297cd13/2023-2024/Luton-Town-Stats,28,26.7,38,3420,90,100,38,418,82,260,158,20,184,0.68,52,85,-33,-0.87,/en/squads/e297cd13/2023-2024/Luton-Town-Stats
Manchester City,ENG-Premier League,2324,1,91,28,7,3,96,34,62,Pep Guardiola,City of Manchester Stadium,Manchester,1880,"53,400",The Citizens,Khaldoon Al Mubarak,25,26.6,65.2,38,418,3420,38,94,69,163,85,9,10,53,2,2.47,1.82,4.29,2.24,4.05,/en/squads/b8fd03ef/2023-2024/Manchester-City-Stats,25,38,94,683,264,38.7,17.97,6.95,0.12,0.32,9,10,/en/squads/b8fd03ef/2023-2024/Manchester-City-Stats,25,38,53,2,1,289,410,42,700,233,305,8,3,1,/en/squads/b8fd03ef/2023-2024/Manchester-City-Stats,25,26.6,38,3420,90,100,38,418,85,301,115,19,221,2.39,96,34,62,1.63,/en/squads/b8fd03ef/2023-2024/Manchester-City-Stats
Manchester Utd,ENG-Premier League,2324,8,60,18,6,14,57,58,-1,,,,,,,,31,26.1,50.6,38,418,3420,38,57,36,93,51,6,7,83,1,1.5,0.95,2.45,1.34,2.29,/en/squads/19538871/2023-2024/Manchester-United-Stats,31,38,57,543,182,33.5,14.29,4.79,0.09,0.28,6,7,/en/squads/19538871/2023-2024/Manchester-United-Stats,31,38,83,1,1,401,340,91,594,313,409,6,7,1,/en/squads/19538871/2023-2024/Manchester-United-Stats,31,26.1,38,3420,90,100,38,418,84,266,153,17,189,1.58,57,58,-1,-0.03,/en/squads/19538871/2023-2024/Manchester-United-Stats
Newcastle United,ENG-Premier League,2324,7,60,18,6,14,85,62,23,Eddie Howe,St. James' Park,Newcastle upon Tyne,1881,"52,305",The Magpies,Yasir Al-Rumayyan,32,27.2,52.2,38,418,3420,38,83,55,138,75,8,9,79,1,2.18,1.45,3.63,1.97,3.42,/en/squads/b2b47a98/2023-2024/Newcastle-United-Stats,32,38,83,542,196,36.2,14.26,5.16,0.14,0.38,8,9,/en/squads/b2b47a98/2023-2024/Newcastle-United-Stats,32,38,79,1,1,386,469,59,648,285,391,9,5,1,/en/squads/b2b47a98/2023-2024/Newcastle-United-Stats,32,27.2,38,3420,90,100,38,418,83,272,149,19,193,1.58,85,62,23,0.61,/en/squads/b2b47a98/2023-2024/Newcastle-United-Stats
Nottingham Forest,ENG-Premier League,2324,17,36,9,9,20,49,67,-18,Nuno Espírito Santo,City Ground,Nottingham,1865,"31,042",Forest,Nicholas Randall KC,33,25.7,40.6,38,418,3420,38,49,43,92,48,1,1,82,3,1.29,1.13,2.42,1.26,2.39,/en/squads/e4a775cb/2023-2024/Nottingham-Forest-Stats,33,38,49,450,143,31.8,11.84,3.76,0.11,0.34,1,1,/en/squads/e4a775cb/2023-2024/Nottingham-Forest-Stats,33,38,82,3,2,428,371,77,595,331,430,1,4,2,/en/squads/e4a775cb/2023-2024/Nottingham-Forest-Stats,33,25.7,38,3420,90,100,38,418,83,257,158,18,182,0.95,49,67,-18,-0.47,/en/squads/e4a775cb/2023-2024/Nottingham-Forest-Stats
Sheffield United,ENG-Premier League,2324,20,16,3,7,28,35,104,-69,Chris Wilder,Bramall Lane,"Sheffield, South Yorkshire, England",1889,"32,050",The Blades,Steven Rosen and Helmy Eltoukhy,35,25.7,35.8,38,418,3420,38,31,18,49,26,5,5,101,5,0.82,0.47,1.29,0.68,1.16,/en/squads/1df6b87e/2023-2024/Sheffield-United-Stats,35,38,31,360,117,32.5,9.47,3.08,0.07,0.22,5,5,/en/squads/1df6b87e/2023-2024/Sheffield-United-Stats,35,38,101,5,3,423,318,64,428,348,405,3,7,7,/en/squads/1df6b87e/2023-2024/Sheffield-United-Stats,35,25.7,38,3420,90,100,38,418,81,263,152,23,188,0.42,35,104,-69,-1.82,/en/squads/1df6b87e/2023-2024/Sheffield-United-Stats
Tottenham Hotspur,ENG-Premier League,2324,5,66,20,6,12,74,61,13,Ange Postecoglou,Tottenham Hotspur Stadium,London,1882,"62,850",The Lilywhites,Peter Charrington,29,25.2,61.6,38,418,3420,38,69,58,127,67,2,2,92,4,1.82,1.53,3.34,1.76,3.29,/en/squads/361ca564/2023-2024/Tottenham-Hotspur-Stats,29,38,69,582,207,35.6,15.32,5.45,0.12,0.32,2,2,/en/squads/361ca564/2023-2024/Tottenham-Hotspur-Stats,29,38,92,4,2,425,510,83,710,355,451,2,7,3,/en/squads/361ca564/2023-2024/Tottenham-Hotspur-Stats,29,25.2,38,3420,90,100,38,418,82,244,170,19,170,1.74,74,61,13,0.34,/en/squads/361ca564/2023-2024/Tottenham-Hotspur-Stats
West Ham United,ENG-Premier League,2324,9,52,14,10,14,60,74,-14,David Moyes,London Stadium,London,1895,"62,500",The Hammers,David Sullivan and Vanessa Gold,26,28.3,41.1,38,418,3420,38,58,40,98,54,4,5,82,3,1.53,1.05,2.58,1.42,2.47,/en/squads/7c21e445/2023-2024/West-Ham-United-Stats,26,38,58,445,146,32.8,11.71,3.84,0.12,0.37,4,5,/en/squads/7c21e445/2023-2024/West-Ham-United-Stats,26,38,82,3,3,390,392,71,661,361,426,4,10,4,/en/squads/7c21e445/2023-2024/West-Ham-United-Stats,26,28.3,38,3420,90,100,38,418,85,307,109,17,233,1.37,60,74,-14,-0.37,/en/squads/7c21e445/2023-2024/West-Ham-United-Stats
Wolves,ENG-Premier League,2324,15,46,13,7,18,50,65,-15,,,,,,,,27,26.6,48.9,38,418,3420,38,47,36,83,43,4,4,102,4,1.24,0.95,2.18,1.13,2.08,/en/squads/8cec06e1/2023-2024/Wolverhampton-Wanderers-Stats,27,38,47,425,153,36.0,11.18,4.03,0.1,0.28,4,4,/en/squads/8cec06e1/2023-2024/Wolverhampton-Wanderers-Stats,27,38,102,4,2,476,405,78,578,284,430,4,8,1,/en/squads/8cec06e1/2023-2024/Wolverhampton-Wanderers-Stats,27,26.6,38,3420,90,100,38,418,83,268,146,20,196,1.21,50,65,-15,-0.39,/en/squads/8cec06e1/2023-2024/Wolverhampton-Wanderers-Stats
