season,Player Name,direction,club,League,From,Transfer Fee,Nationality,Age,Position
2023-24,Josko Gvardiol,arrivals,Manchester City,Bundesliga,RB Leipzig,"£79,200,000",Croatia,21,DC
2023-24,Matheus Nunes,arrivals,Manchester City,Premier League,Wolverhampton Wanderers,"£54,560,000",Portugal,25,MC
2023-24,Jérémy Doku,arrivals,Manchester City,Ligue 1,Stade Rennais FC,"£52,800,000",Belgium,21,RW
2023-24,Mateo Kovacic,arrivals,Manchester City,Premier League,Chelsea FC,"£25,608,000",Croatia,29,MC
2023-24,James McAtee,arrivals,Manchester City,Premier League 2,Manchester City U21,Free transfer,England,20,MC
2023-24,Tommy Doyle,arrivals,Manchester City,Premier League 2,Manchester City U21,Free transfer,England,21,MC
2023-24,João Cancelo,arrivals,Manchester City,Bundesliga,Bayern Munich,Loan,Portugal,29,DR
2023-24,Taylor Harwood-Bellis,arrivals,Manchester City,Championship,Southampton FC,Loan,England,22,DC
2023-24,James McAtee,arrivals,Manchester City,Premier League,Sheffield United,Loan,England,21,MC
2023-24,Issa Kaboré,arrivals,Manchester City,Premier League,Luton Town,Loan,Burkina Faso,23,DR
2023-24,Tommy Doyle,arrivals,Manchester City,Premier League,Wolverhampton Wanderers,Loan,England,22,MC
2023-24,Issa Kaboré,arrivals,Manchester City,Ligue 1,Olympique Marseille,Loan,Burkina Faso,22,DR
2023-24,Yangel Herrera,arrivals,Manchester City,LaLiga,Girona FC,Loan,Venezuela,25,MC
2023-24,Nahuel Bustos,arrivals,Manchester City,Liga Profesional,Club Atlético Talleres,Loan,Argentina,24,CF
2023-24,Slobodan Tedic,arrivals,Manchester City,League One,Charlton Athletic,Loan,Serbia,24,CF
2023-24,Declan Rice,arrivals,Arsenal,Premier League,West Ham United,"£102,608,000",England,24,DM
2023-24,Kai Havertz,arrivals,Arsenal,Premier League,Chelsea FC,"£66,000,000",Germany,24,AM
2023-24,Jurrien Timber,arrivals,Arsenal,Eredivisie,Ajax Amsterdam,"£35,200,000",Netherlands,22,DC
2023-24,David Raya,arrivals,Arsenal,Premier League,Brentford FC,Loan with fee,Spain,27,GK
2023-24,Folarin Balogun,arrivals,Arsenal,Ligue 1,Stade Reims,Loan,United States,21,CF
2023-24,Nicolas Pépé,arrivals,Arsenal,Ligue 1,OGC Nice,Loan,Cote d'Ivoire,28,RW
2023-24,Nuno Tavares,arrivals,Arsenal,Ligue 1,Olympique Marseille,Loan,Portugal,23,DL
2023-24,Albert Sambi Lokonga,arrivals,Arsenal,Premier League,Luton Town,Loan,Belgium,24,MC
2023-24,Pablo Marí,arrivals,Arsenal,Serie A,AC Monza,Loan,Spain,29,DC
2023-24,Cédric Soares,arrivals,Arsenal,Premier League,Fulham FC,Loan,Portugal,31,DR
2023-24,Arthur Okonkwo,arrivals,Arsenal,League Two,Wrexham AFC,Loan,England,22,GK
2023-24,Arthur Okonkwo,arrivals,Arsenal,Bundesliga,SK Sturm Graz,Loan,England,21,GK
2023-24,Rúnar Alex Rúnarsson,arrivals,Arsenal,Championship,Cardiff City,Loan,Iceland,29,GK
2023-24,Rúnar Alex Rúnarsson,arrivals,Arsenal,Süper Lig,Alanyaspor,Loan,Iceland,28,GK
2023-24,Dominik Szoboszlai,arrivals,Liverpool,Bundesliga,RB Leipzig,"£61,600,000",Hungary,22,AM
2023-24,Alexis Mac Allister,arrivals,Liverpool,Premier League,Brighton & Hove Albion,"£36,960,000",Argentina,24,MC
2023-24,Ryan Gravenberch,arrivals,Liverpool,Bundesliga,Bayern Munich,"£35,200,000",Netherlands,21,MC
2023-24,Wataru Endo,arrivals,Liverpool,Bundesliga,VfB Stuttgart,"£17,600,000",Japan,30,DM
2023-24,Ben Doak,arrivals,Liverpool,U18 Premier League,Liverpool FC U18,Free transfer,Scotland,17,RW
2023-24,Sepp van den Berg,arrivals,Liverpool,2. Bundesliga,FC Schalke 04,Loan,Netherlands,21,DC
2023-24,Calvin Ramsay,arrivals,Liverpool,Championship,Preston North End,Loan,Scotland,20,DR
2023-24,Nathaniel Phillips,arrivals,Liverpool,Premiership,Celtic FC,Loan,England,26,DC
2023-24,Rhys Williams,arrivals,Liverpool,Premiership,Aberdeen FC,Loan,England,23,DC
2023-24,Moussa Diaby,arrivals,Aston Villa,Bundesliga,Bayer 04 Leverkusen,"£48,400,000",France,24,RW
2023-24,Pau Torres,arrivals,Aston Villa,LaLiga,Villarreal CF,"£29,040,000",Spain,26,DC
2023-24,Nicolò Zaniolo,arrivals,Aston Villa,Süper Lig,Galatasaray,Loan with fee,Italy,24,AM
2023-24,Youri Tielemans,arrivals,Aston Villa,Championship,Leicester City,Free transfer,Belgium,26,MC
2023-24,Clément Lenglet,arrivals,Aston Villa,LaLiga,FC Barcelona,loan transfer,France,28,DC
2023-24,Morgan Sanson,arrivals,Aston Villa,Ligue 1,RC Strasbourg Alsace,Loan,France,28,MC
2023-24,Wesley Moraes,arrivals,Aston Villa,LaLiga2,Levante UD,Loan,Brazil,26,CF
2023-24,Viljami Sinisalo,arrivals,Aston Villa,League One,Exeter City,Loan,Finland,22,GK
2023-24,Brennan Johnson,arrivals,Tottenham Hotspur,Premier League,Nottingham Forest,"£48,400,000",Wales,22,RW
2023-24,James Maddison,arrivals,Tottenham Hotspur,Championship,Leicester City,"£40,744,000",England,26,AM
2023-24,Pedro Porro,arrivals,Tottenham Hotspur,Liga Portugal,Sporting CP,"£35,200,000",Spain,23,DR
2023-24,Micky van de Ven,arrivals,Tottenham Hotspur,Bundesliga,VfL Wolfsburg,"£35,200,000",Netherlands,22,DC
2023-24,Dejan Kulusevski,arrivals,Tottenham Hotspur,Serie A,Juventus FC,"£26,400,000",Sweden,23,RW
2023-24,Guglielmo Vicario,arrivals,Tottenham Hotspur,Serie A,FC Empoli,"£17,600,000",Italy,26,GK
2023-24,Alejo Véliz,arrivals,Tottenham Hotspur,Liga Profesional,CA Rosario Central,"£13,200,000",Argentina,19,CF
2023-24,Ashley Phillips,arrivals,Tottenham Hotspur,Championship,Blackburn Rovers,"£2,024,000",England,18,DC
2023-24,Manor Solomon,arrivals,Tottenham Hotspur,Premier Liga,Shakhtar Donetsk,Free transfer,Israel,23,LW
2023-24,Destiny Udogie,arrivals,Tottenham Hotspur,Serie A,Udinese Calcio,Loan,Italy,20,DL
2023-24,Tanguy Ndombélé,arrivals,Tottenham Hotspur,Serie A,SSC Napoli,Loan,France,26,MC
2023-24,Bryan Gil,arrivals,Tottenham Hotspur,LaLiga,Sevilla FC,Loan,Spain,22,LW
2023-24,Giovani Lo Celso,arrivals,Tottenham Hotspur,LaLiga,Villarreal CF,Loan,Argentina,27,AM
2023-24,Harry Winks,arrivals,Tottenham Hotspur,Serie B,UC Sampdoria,Loan,England,27,DM
2023-24,Sergio Reguilón,arrivals,Tottenham Hotspur,LaLiga,Atlético de Madrid,Loan,Spain,26,DL
2023-24,Djed Spence,arrivals,Tottenham Hotspur,Championship,Leeds United,Loan,England,23,DR
2023-24,Djed Spence,arrivals,Tottenham Hotspur,Ligue 1,Stade Rennais FC,Loan,England,22,DR
2023-24,Joe Rodon,arrivals,Tottenham Hotspur,Championship,Leeds United,Loan,Wales,26,DC
2023-24,Joe Rodon,arrivals,Tottenham Hotspur,Ligue 1,Stade Rennais FC,Loan,Wales,25,DC
2023-24,Moisés Caicedo,arrivals,Chelsea,Premier League,Brighton & Hove Albion,"£102,080,000",Ecuador,21,DM
2023-24,Roméo Lavia,arrivals,Chelsea,Championship,Southampton FC,"£54,648,000",Belgium,19,DM
2023-24,Christopher Nkunku,arrivals,Chelsea,Bundesliga,RB Leipzig,"£52,800,000",France,25,ST
2023-24,Cole Palmer,arrivals,Chelsea,Premier League,Manchester City,"£41,360,000",England,21,RW
2023-24,Axel Disasi,arrivals,Chelsea,Ligue 1,AS Monaco,"£39,600,000",France,25,DC
2023-24,Nicolas Jackson,arrivals,Chelsea,LaLiga,Villarreal CF,"£32,560,000",Senegal,22,CF
2023-24,Lesley Ugochukwu,arrivals,Chelsea,Ligue 1,Stade Rennais FC,"£23,760,000",France,19,DM
2023-24,Robert Sánchez,arrivals,Chelsea,Premier League,Brighton & Hove Albion,"£20,240,000",Spain,25,GK
2023-24,Deivid Washington,arrivals,Chelsea,Série A,Santos FC,"£14,080,000",Brazil,18,CF
2023-24,Ângelo,arrivals,Chelsea,Série A,Santos FC,"£13,200,000",Brazil,18,RW
2023-24,Djordje Petrovic,arrivals,Chelsea,MLS,New England Revolution,"£12,320,000",Serbia,23,GK
2023-24,Diego Moreira,arrivals,Chelsea,Liga Sabseg,SL Benfica B,Free transfer,Portugal,18,LW
2023-24,Levi Colwill,arrivals,Chelsea,Premier League 2,Chelsea FC U21,Free transfer,England,20,DC
2023-24,Ian Maatsen,arrivals,Chelsea,Premier League 2,Chelsea FC U21,Free transfer,Netherlands,21,DL
2023-24,Lewis Hall,arrivals,Chelsea,Premier League 2,Chelsea FC U21,Free transfer,England,18,DL
2023-24,Lucas Bergström,arrivals,Chelsea,Premier League 2,Chelsea FC U21,Free transfer,Finland,20,GK
2023-24,Romelu Lukaku,arrivals,Chelsea,Serie A,Inter Milan,Loan,Belgium,30,CF
2023-24,Malo Gusto,arrivals,Chelsea,Ligue 1,Olympique Lyon,Loan,France,20,DR
2023-24,Callum Hudson-Odoi,arrivals,Chelsea,Bundesliga,Bayer 04 Leverkusen,Loan,England,22,LW
2023-24,Andrey Santos,arrivals,Chelsea,Premier League,Nottingham Forest,Loan,Brazil,20,DM
2023-24,Andrey Santos,arrivals,Chelsea,Série A,Clube de Regatas Vasco da Gama,Loan,Brazil,19,DM
2023-24,Lewis Hall,arrivals,Chelsea,Premier League,Newcastle United,Loan,England,19,DL
2023-24,Ethan Ampadu,arrivals,Chelsea,Serie B,Spezia Calcio,Loan,Wales,22,DM
2023-24,Malang Sarr,arrivals,Chelsea,Ligue 1,AS Monaco,Loan,France,24,DC
2023-24,Tiemoué Bakayoko,arrivals,Chelsea,Serie A,AC Milan,Loan,France,28,DM
2023-24,Sandro Tonali,arrivals,Newcastle United,Serie A,AC Milan,"£56,320,000",Italy,23,DM
2023-24,Harvey Barnes,arrivals,Newcastle United,Championship,Leicester City,"£38,720,000",England,25,LW
2023-24,Tino Livramento,arrivals,Newcastle United,Championship,Southampton FC,"£32,736,000",England,20,DR
2023-24,Yankuba Minteh,arrivals,Newcastle United,Superligaen,Odense Boldklub,"£7,040,000",The Gambia,18,RW
2023-24,Lewis Hall,arrivals,Newcastle United,Premier League,Chelsea FC,loan transfer,England,18,DL
2023-24,Chris Wood,arrivals,Newcastle United,Premier League,Nottingham Forest,Loan,New Zealand,31,CF
2023-24,Ryan Fraser,arrivals,Newcastle United,Championship,Southampton FC,Loan,Scotland,30,LW
2023-24,Jamal Lewis,arrivals,Newcastle United,Championship,Watford FC,Loan,Northern Ireland,26,DL
2023-24,Jeff Hendrick,arrivals,Newcastle United,Championship,Sheffield Wednesday,Loan,Ireland,32,MC
2023-24,Harrison Ashby,arrivals,Newcastle United,Championship,Swansea City,Loan,Scotland,22,DR
2023-24,Garang Kuol,arrivals,Newcastle United,Premiership,Heart of Midlothian FC,Loan,Australia,18,RW
2023-24,Kell Watts,arrivals,Newcastle United,League One,Wigan Athletic,Loan,England,24,DC
2023-24,Rasmus Højlund,arrivals,Manchester United,Serie A,Atalanta BC,"£66,000,000",Denmark,20,CF
2023-24,Mason Mount,arrivals,Manchester United,Premier League,Chelsea FC,"£56,496,000",England,24,AM
2023-24,André Onana,arrivals,Manchester United,Serie A,Inter Milan,"£46,200,000",Cameroon,27,GK
2023-24,Sofyan Amrabat,arrivals,Manchester United,Serie A,ACF Fiorentina,Loan with fee,Morocco,27,DM
2023-24,Altay Bayindir,arrivals,Manchester United,Süper Lig,Fenerbahce,"£4,400,000",Turkey,25,GK
2023-24,Jonny Evans,arrivals,Manchester United,Championship,Leicester City,Free transfer,Northern Ireland,35,DC
2023-24,Sergio Reguilón,arrivals,Manchester United,Premier League,Tottenham Hotspur,loan transfer,Spain,26,DL
2023-24,Alex Telles,arrivals,Manchester United,LaLiga,Sevilla FC,Loan,Brazil,30,DL
2023-24,Brandon Williams,arrivals,Manchester United,Championship,Ipswich Town,Loan,England,23,DL
2023-24,Eric Bailly,arrivals,Manchester United,Ligue 1,Olympique Marseille,Loan,Cote d'Ivoire,29,DC
2023-24,Matej Kovar,arrivals,Manchester United,Fortuna Liga,AC Sparta Prague,Loan,Czech Republic,23,GK
2023-24,Mohammed Kudus,arrivals,West Ham United,Eredivisie,Ajax Amsterdam,"£37,840,000",Ghana,23,AM
2023-24,Edson Álvarez,arrivals,West Ham United,Eredivisie,Ajax Amsterdam,"£33,440,000",Mexico,25,DM
2023-24,James Ward-Prowse,arrivals,West Ham United,Championship,Southampton FC,"£30,624,000",England,28,MC
2023-24,Konstantinos Mavropanos,arrivals,West Ham United,Bundesliga,VfB Stuttgart,"£17,600,000",Greece,25,DC
2023-24,Andy Irving,arrivals,West Ham United,Bundesliga,SK Austria Klagenfurt,"£1,548,800",Scotland,23,MC
2023-24,Divin Mubama,arrivals,West Ham United,Premier League 2,West Ham United U21,Free transfer,England,18,CF
2023-24,Nikola Vlasic,arrivals,West Ham United,Serie A,Torino FC,Loan,Croatia,25,AM
2023-24,Flynn Downes,arrivals,West Ham United,Championship,Southampton FC,Loan,England,25,MC
2023-24,Arthur Masuaku,arrivals,West Ham United,Süper Lig,Besiktas JK,Loan,DR Congo,29,DL
2023-24,Matheus França,arrivals,Crystal Palace,Série A,CR Flamengo,"£17,600,000",Brazil,19,AM
2023-24,Dean Henderson,arrivals,Crystal Palace,Premier League,Manchester United,"£15,400,000",England,26,GK
2023-24,Rob Holding,arrivals,Crystal Palace,Premier League,Arsenal FC,"£1,056,000",England,27,DC
2023-24,Jefferson Lerma,arrivals,Crystal Palace,Premier League,AFC Bournemouth,Free transfer,Colombia,28,DM
2023-24,Jack Butland,arrivals,Crystal Palace,Premier League,Manchester United,Loan,England,30,GK
2023-24,Luke Plange,arrivals,Crystal Palace,League One,Carlisle United,Loan,England,21,CF
2023-24,João Pedro,arrivals,Brighton,Championship,Watford FC,"£30,096,000",Brazil,21,ST
2023-24,Carlos Baleba,arrivals,Brighton,Ligue 1,LOSC Lille,"£23,760,000",Cameroon,19,MC
2023-24,Bart Verbruggen,arrivals,Brighton,Jupiler Pro League,RSC Anderlecht,"£17,600,000",Netherlands,20,GK
2023-24,Igor,arrivals,Brighton,Serie A,ACF Fiorentina,"£14,960,000",Brazil,25,DC
2023-24,Adrian Mazilu,arrivals,Brighton,SuperLiga,FCV Farul Constanta,"£2,640,000",Romania,18,RW
2023-24,Mahmoud Dahoud,arrivals,Brighton,Bundesliga,Borussia Dortmund,Free transfer,Germany,27,MC
2023-24,James Milner,arrivals,Brighton,Premier League,Liverpool FC,Free transfer,England,37,MC
2023-24,Ansu Fati,arrivals,Brighton,LaLiga,FC Barcelona,loan transfer,Spain,20,LW
2023-24,Reda Khadra,arrivals,Brighton,No team,Brighton & Hove Albion U21,Free transfer,Germany,21,AM
2023-24,Carl Rushworth,arrivals,Brighton,Premier League 2,Brighton & Hove Albion U21,Free transfer,England,21,GK
2023-24,Jensen Weir,arrivals,Brighton,Premier League 2,Brighton & Hove Albion U21,Free transfer,England,21,MC
2023-24,Ed Turns,arrivals,Brighton,Premier League 2,Brighton & Hove Albion U21,Free transfer,Wales,20,DC
2023-24,Marc Leonard,arrivals,Brighton,Premier League 2,Brighton & Hove Albion U21,Free transfer,Scotland,21,MC
2023-24,Andy Moran,arrivals,Brighton,Premier League 2,Brighton & Hove Albion U21,Free transfer,Ireland,19,AM
2023-24,Simon Adingra,arrivals,Brighton,Jupiler Pro League,Royale Union Saint Gilloise,Loan,Cote d'Ivoire,21,LW
2023-24,Kacper Kozlowski,arrivals,Brighton,Eredivisie,Vitesse Arnhem,Loan,Poland,19,MC
2023-24,Abdallah Sima,arrivals,Brighton,Premiership,Rangers FC,Loan,Senegal,22,RW
2023-24,Abdallah Sima,arrivals,Brighton,Ligue 2,Angers SCO,Loan,Senegal,22,RW
2023-24,Yasin Ayari,arrivals,Brighton,Championship,Coventry City,Loan,Sweden,20,MC
2023-24,Jeremy Sarmiento,arrivals,Brighton,Championship,West Bromwich Albion,Loan,Ecuador,21,AM
2023-24,Steven Alzate,arrivals,Brighton,Jupiler Pro League,Standard Liège,Loan,Colombia,24,MC
2023-24,Andi Zeqiri,arrivals,Brighton,Super League,FC Basel 1893,Loan,Switzerland,24,CF
2023-24,Michal Karbownik,arrivals,Brighton,2. Bundesliga,Fortuna Düsseldorf,Loan,Poland,22,DL
2023-24,Kjell Scherpen,arrivals,Brighton,Eredivisie,Vitesse Arnhem,Loan,Netherlands,23,GK
2023-24,Carl Rushworth,arrivals,Brighton,Championship,Swansea City,Loan,England,22,GK
2023-24,Jensen Weir,arrivals,Brighton,League One,Blackpool FC,Loan,England,22,MC
2023-24,Ed Turns,arrivals,Brighton,League One,Leyton Orient,Loan,Wales,21,DC
2023-24,Marc Leonard,arrivals,Brighton,League One,Northampton Town,Loan,Scotland,22,MC
2023-24,Andy Moran,arrivals,Brighton,Championship,Blackburn Rovers,Loan,Ireland,20,AM
2023-24,Matheus Cunha,arrivals,Wolverhampton,LaLiga,Atlético de Madrid,"£44,000,000",Brazil,24,CF
2023-24,Jean-Ricner Bellegarde,arrivals,Wolverhampton,Ligue 1,RC Strasbourg Alsace,"£13,200,000",France,25,MC
2023-24,Santiago Bueno,arrivals,Wolverhampton,LaLiga,Girona FC,"£10,560,000",Uruguay,24,DC
2023-24,Boubacar Traoré,arrivals,Wolverhampton,Ligue 1,FC Metz,"£9,680,000",Mali,21,DM
2023-24,Enso González,arrivals,Wolverhampton,Primera División Apertura,Club Libertad Asunción,"£5,280,000",Paraguay,18,LW
2023-24,Matt Doherty,arrivals,Wolverhampton,LaLiga,Atlético de Madrid,Free transfer,Ireland,31,DR
2023-24,Tom King,arrivals,Wolverhampton,League One,Northampton Town,Free transfer,Wales,28,GK
2023-24,Tommy Doyle,arrivals,Wolverhampton,Premier League,Manchester City,loan transfer,England,21,MC
2023-24,Gonçalo Guedes,arrivals,Wolverhampton,Liga Portugal,SL Benfica,Loan,Portugal,26,LW
2023-24,Fábio Silva,arrivals,Wolverhampton,Eredivisie,PSV Eindhoven,Loan,Portugal,20,CF
2023-24,Conor Coady,arrivals,Wolverhampton,Premier League,Everton FC,Loan,England,30,DC
2023-24,Ki-Jana Hoever,arrivals,Wolverhampton,Championship,Stoke City,Loan,Netherlands,22,DR
2023-24,Luke Cundle,arrivals,Wolverhampton,Championship,Plymouth Argyle,Loan,England,22,MC
2023-24,Yerson Mosquera,arrivals,Wolverhampton,MLS,FC Cincinnati,Loan,Colombia,22,DC
2023-24,Hayao Kawabe,arrivals,Wolverhampton,Super League,Grasshopper Club Zurich,Loan,Japan,27,MC
2023-24,Bendegúz Bolla,arrivals,Wolverhampton,Super League,Grasshopper Club Zurich,Loan,Hungary,23,DR
2023-24,Chiquinho,arrivals,Wolverhampton,Championship,Stoke City,Loan,Portugal,23,LW
2023-24,Bruno Jordão,arrivals,Wolverhampton,Liga Sabseg,CD Santa Clara,Loan,Portugal,24,MC
2023-24,Chem Campbell,arrivals,Wolverhampton,League One,Charlton Athletic,Loan,Wales,21,AM
2023-24,Louie Moulden,arrivals,Wolverhampton,National League,Rochdale AFC,Loan,England,22,GK
2023-24,Alex Iwobi,arrivals,Fulham,Premier League,Everton FC,"£22,616,000",Nigeria,27,AM
2023-24,Calvin Bassey,arrivals,Fulham,Eredivisie,Ajax Amsterdam,"£19,800,000",Nigeria,23,DC
2023-24,Timothy Castagne,arrivals,Fulham,Championship,Leicester City,"£11,440,000",Belgium,27,DR
2023-24,Raúl Jiménez,arrivals,Fulham,Premier League,Wolverhampton Wanderers,"£5,632,000",Mexico,32,CF
2023-24,Steven Benda,arrivals,Fulham,Championship,Swansea City,"£765,600",Germany,24,GK
2023-24,Adama Traoré,arrivals,Fulham,Premier League,Wolverhampton Wanderers,Free transfer,Spain,27,RW
2023-24,Fodé Ballo-Touré,arrivals,Fulham,Serie A,AC Milan,loan transfer,Senegal,26,DL
2023-24,Jay Stansfield,arrivals,Fulham,Premier League 2,Fulham FC U21,Free transfer,England,20,CF
2023-24,Luke Harris,arrivals,Fulham,Premier League 2,Fulham FC U21,Free transfer,Wales,18,AM
2023-24,Kevin Mbabu,arrivals,Fulham,Super League,Servette FC,Loan,Switzerland,28,DR
2023-24,Paulo Gazzaniga,arrivals,Fulham,LaLiga,Girona FC,Loan,Argentina,31,GK
2023-24,Ivan Cavaleiro,arrivals,Fulham,Süper Lig,Alanyaspor,Loan,Angola,29,LW
2023-24,Joe Bryan,arrivals,Fulham,Ligue 1,OGC Nice,Loan,England,29,DL
2023-24,Jay Stansfield,arrivals,Fulham,Championship,Birmingham City,Loan,England,21,CF
2023-24,Terence Kongolo,arrivals,Fulham,Ligue 1,Le Havre AC,Loan,Netherlands,29,DC
2023-24,Tyler Adams,arrivals,Bournemouth,Championship,Leeds United,"£23,672,000",United States,24,DM
2023-24,Hamed Junior Traorè,arrivals,Bournemouth,Serie A,US Sassuolo,"£22,545,600",Cote d'Ivoire,23,AM
2023-24,Alex Scott,arrivals,Bournemouth,Championship,Bristol City,"£20,240,000",England,19,MC
2023-24,Milos Kerkez,arrivals,Bournemouth,Eredivisie,AZ Alkmaar,"£15,725,600",Hungary,19,DL
2023-24,Romain Faivre,arrivals,Bournemouth,Ligue 1,Olympique Lyon,"£13,200,000",France,24,MR
2023-24,Justin Kluivert,arrivals,Bournemouth,Serie A,AS Roma,"£9,856,000",Netherlands,24,LW
2023-24,Max Aarons,arrivals,Bournemouth,Championship,Norwich City,"£7,128,000",England,23,DR
2023-24,Luis Sinisterra,arrivals,Bournemouth,Championship,Leeds United,loan transfer,Colombia,24,LW
2023-24,Ionut Radu,arrivals,Bournemouth,Serie A,Inter Milan,loan transfer,Romania,26,GK
2023-24,Jaidon Anthony,arrivals,Bournemouth,Championship,Leeds United,Loan,England,24,LW
2023-24,Siriki Dembélé,arrivals,Bournemouth,Ligue 2,AJ Auxerre,Loan,Scotland,26,LW
2023-24,Mark Travers,arrivals,Bournemouth,Championship,Stoke City,Loan,Ireland,25,GK
2023-24,Jamal Lowe,arrivals,Bournemouth,Championship,Queens Park Rangers,Loan,Jamaica,28,RW
2023-24,Emiliano Marcondes,arrivals,Bournemouth,Superligaen,FC Nordsjaelland,Loan,Denmark,28,AM
2023-24,James Hill,arrivals,Bournemouth,Championship,Blackburn Rovers,Loan,England,22,DC
2023-24,James Hill,arrivals,Bournemouth,Premiership,Heart of Midlothian FC,Loan,England,21,DC
2023-24,Will Dennis,arrivals,Bournemouth,Premiership,Kilmarnock FC,Loan,England,23,GK
2023-24,Ibrahim Sangaré,arrivals,Nottingham Forest,Eredivisie,PSV Eindhoven,"£30,800,000",Cote d'Ivoire,25,DM
2023-24,Anthony Elanga,arrivals,Nottingham Forest,Premier League,Manchester United,"£15,400,000",Sweden,21,LW
2023-24,Chris Wood,arrivals,Nottingham Forest,Premier League,Newcastle United,"£14,960,000",New Zealand,31,CF
2023-24,Andrew Omobamidele,arrivals,Nottingham Forest,Championship,Norwich City,"£11,308,000",Ireland,21,DC
2023-24,Murillo,arrivals,Nottingham Forest,Série A,Sport Club Corinthians Paulista,"£10,560,000",Brazil,21,DC
2023-24,Nicolás Domínguez,arrivals,Nottingham Forest,Serie A,Bologna FC 1909,"£8,800,000",Argentina,25,MC
2023-24,Matt Turner,arrivals,Nottingham Forest,Premier League,Arsenal FC,"£7,172,000",United States,29,GK
2023-24,Odysseas Vlachodimos,arrivals,Nottingham Forest,Liga Portugal,SL Benfica,"£4,312,000",Greece,29,GK
2023-24,Callum Hudson-Odoi,arrivals,Nottingham Forest,Premier League,Chelsea FC,"£3,080,000",England,22,LW
2023-24,Nuno Tavares,arrivals,Nottingham Forest,Premier League,Arsenal FC,Loan with fee,Portugal,23,DL
2023-24,Ola Aina,arrivals,Nottingham Forest,Serie A,Torino FC,Free transfer,Nigeria,26,DR
2023-24,Andrey Santos,arrivals,Nottingham Forest,Premier League,Chelsea FC,loan transfer,Brazil,19,DM
2023-24,Gonzalo Montiel,arrivals,Nottingham Forest,LaLiga,Sevilla FC,loan transfer,Argentina,26,DR
2023-24,Divock Origi,arrivals,Nottingham Forest,Serie A,AC Milan,loan transfer,Belgium,28,CF
2023-24,Lewis O'Brien,arrivals,Nottingham Forest,Championship,Middlesbrough FC,Loan,England,25,MC
2023-24,Lewis O'Brien,arrivals,Nottingham Forest,MLS,D.C. United,Loan,England,24,MC
2023-24,Ui-jo Hwang,arrivals,Nottingham Forest,Championship,Norwich City,Loan,"Korea, South",31,CF
2023-24,Ui-jo Hwang,arrivals,Nottingham Forest,K League 1,FC Seoul,Loan,"Korea, South",30,CF
2023-24,Jonathan Panzo,arrivals,Nottingham Forest,Championship,Cardiff City,Loan,England,23,DC
2023-24,Richie Laryea,arrivals,Nottingham Forest,MLS,Vancouver Whitecaps FC,Loan,Canada,28,DR
2023-24,Richie Laryea,arrivals,Nottingham Forest,MLS,Toronto FC,Loan,Canada,28,DR
2023-24,Loïc Mbe Soh,arrivals,Nottingham Forest,Ligue 2,EA Guingamp,Loan,France,22,DC
2023-24,Josh Bowler,arrivals,Nottingham Forest,Championship,Cardiff City,Loan,England,25,RW
2023-24,Ethan Horvath,arrivals,Nottingham Forest,Premier League,Luton Town,Loan,United States,28,GK
2023-24,Braian Ojeda,arrivals,Nottingham Forest,MLS,Real Salt Lake City,Loan,Paraguay,23,MC
2023-24,Mohamed Dräger,arrivals,Nottingham Forest,Super League,FC Luzern,Loan,Tunisia,27,DR
2023-24,Brandon Aguilera,arrivals,Nottingham Forest,Liga Revelação,Estoril Praia U23,Loan,Costa Rica,20,AM
2023-24,Beto,arrivals,Everton,Serie A,Udinese Calcio,"£22,000,000",Portugal,25,CF
2023-24,Chermiti,arrivals,Everton,Liga Portugal,Sporting CP,"£11,000,000",Portugal,19,CF
2023-24,Arnaut Danjuma,arrivals,Everton,LaLiga,Villarreal CF,Loan with fee,Netherlands,26,LW
2023-24,Ashley Young,arrivals,Everton,Premier League,Aston Villa,Free transfer,England,38,DL
2023-24,Jack Harrison,arrivals,Everton,Championship,Leeds United,loan transfer,England,26,LW
2023-24,Thomas Cannon,arrivals,Everton,Premier League 2,Everton FC U21,Free transfer,Ireland,20,CF
2023-24,Lewis Dobbin,arrivals,Everton,Premier League 2,Everton FC U21,Free transfer,England,20,LW
2023-24,Moise Kean,arrivals,Everton,Serie A,Juventus FC,Loan,Italy,23,CF
2023-24,André Gomes,arrivals,Everton,Ligue 1,LOSC Lille,Loan,Portugal,29,MC
2023-24,Jarrad Branthwaite,arrivals,Everton,Eredivisie,PSV Eindhoven,Loan,England,21,DC
2023-24,Mason Holgate,arrivals,Everton,Championship,Southampton FC,Loan,England,27,DC
2023-24,Dele Alli,arrivals,Everton,Süper Lig,Besiktas JK,Loan,England,27,AM
2023-24,Niels Nkounkou,arrivals,Everton,Ligue 2,AS Saint-Étienne,Loan,France,22,DL
2023-24,Jean-Philippe Gbamin,arrivals,Everton,Süper Lig,Trabzonspor,Loan,Cote d'Ivoire,27,DM
2023-24,João Virgínia,arrivals,Everton,Keuken Kampioen Divisie,SC Cambuur Leeuwarden,Loan,Portugal,23,GK
2023-24,Nathan Collins,arrivals,Brentford,Premier League,Wolverhampton Wanderers,"£23,628,000",Ireland,22,DC
2023-24,Kevin Schade,arrivals,Brentford,Bundesliga,SC Freiburg,"£22,000,000",Germany,21,RW
2023-24,Mark Flekken,arrivals,Brentford,Bundesliga,SC Freiburg,"£11,440,000",Netherlands,30,GK
2023-24,Neal Maupay,arrivals,Brentford,Premier League,Everton FC,loan transfer,France,27,CF
2023-24,Yegor Yarmolyuk,arrivals,Brentford,No team,Brentford FC B,Free transfer,Ukraine,19,AM
2023-24,Ryan Trevitt,arrivals,Brentford,No team,Brentford FC B,Free transfer,England,20,MC
2023-24,Sergi Canós,arrivals,Brentford,Super League 1,Olympiacos Piraeus,Loan,Spain,26,RW
2023-24,Mads Bech Sörensen,arrivals,Brentford,Keuken Kampioen Divisie,FC Groningen,Loan,Denmark,24,DC
2023-24,Mads Bidstrup,arrivals,Brentford,Superligaen,FC Nordsjaelland,Loan,Denmark,22,MC
2023-24,Matthew Cox,arrivals,Brentford,League One,Bristol Rovers,Loan,England,21,GK
2023-24,Joel Valencia,arrivals,Brentford,Keuken Kampioen Divisie,De Graafschap Doetinchem,Loan,Ecuador,28,AM
2023-24,Paris Maghoma,arrivals,Brentford,League One,Bolton Wanderers,Loan,England,23,MC
2023-24,Fin Stevens,arrivals,Brentford,League One,Oxford United,Loan,Wales,21,DR
2023-24,Ryan Trevitt,arrivals,Brentford,League One,Exeter City,Loan,England,21,MC
2023-24,Ryan Giles,arrivals,Luton Town,Premier League,Wolverhampton Wanderers,"£5,148,000",England,23,DL
2023-24,Tahith Chong,arrivals,Luton Town,Championship,Birmingham City,"£4,136,000",Netherlands,23,AM
2023-24,Mads Andersen,arrivals,Luton Town,League One,Barnsley FC,"£3,080,000",Denmark,25,DC
2023-24,Jacob Brown,arrivals,Luton Town,Championship,Stoke City,"£2,552,000",Scotland,25,CF
2023-24,Marvelous Nakamba,arrivals,Luton Town,Premier League,Aston Villa,"£2,552,000",Zimbabwe,29,DM
2023-24,Thomas Kaminski,arrivals,Luton Town,Championship,Blackburn Rovers,"£2,552,000",Belgium,30,GK
2023-24,Ross Barkley,arrivals,Luton Town,Ligue 1,OGC Nice,Free transfer,England,29,MC
2023-24,Chiedozie Ogbene,arrivals,Luton Town,Championship,Rotherham United,Free transfer,Ireland,26,RW
2023-24,Teden Mengi,arrivals,Luton Town,Premier League,Manchester United,Unknown,England,21,DC
2023-24,Tim Krul,arrivals,Luton Town,Championship,Norwich City,Unknown,Netherlands,35,GK
2023-24,Albert Sambi Lokonga,arrivals,Luton Town,Premier League,Arsenal FC,loan transfer,Belgium,23,MC
2023-24,Issa Kaboré,arrivals,Luton Town,Premier League,Manchester City,loan transfer,Burkina Faso,22,DR
2023-24,Allan Campbell,arrivals,Luton Town,Championship,Millwall FC,Loan,Scotland,25,MC
2023-24,Fred Onyedinma,arrivals,Luton Town,Championship,Rotherham United,Loan,Nigeria,27,AM
2023-24,Jack Walton,arrivals,Luton Town,Championship,Dundee United FC,Loan,England,26,GK
2023-24,Admiral Muskwe,arrivals,Luton Town,League One,Exeter City,Loan,Zimbabwe,25,CF
2023-24,Elliot Thorpe,arrivals,Luton Town,League One,Shrewsbury Town,Loan,Wales,23,MC
2023-24,Louie Watson,arrivals,Luton Town,League One,Charlton Athletic,Loan,Ireland,22,MC
2023-24,Joe Taylor,arrivals,Luton Town,League Two,Colchester United,Loan,Wales,21,CF
2023-24,Dion Pereira,arrivals,Luton Town,League Two,Sutton United,Loan,England,25,LW
2023-24,John McAtee,arrivals,Luton Town,League One,Barnsley FC,Loan,England,24,ST
2023-24,Aribim Pepple,arrivals,Luton Town,National League,Bromley FC,Loan,Canada,21,CF
2023-24,Zeki Amdouni,arrivals,Burnley,Super League,FC Basel 1893,"£16,368,000",Switzerland,22,CF
2023-24,James Trafford,arrivals,Burnley,No team,Manchester City U21,"£15,224,000",England,20,GK
2023-24,Aaron Ramsey,arrivals,Burnley,Premier League 2,Aston Villa U21,"£14,476,000",England,20,AM
2023-24,Jordan Beyer,arrivals,Burnley,Bundesliga,Borussia Mönchengladbach,"£13,200,000",Germany,23,DC
2023-24,Sander Berge,arrivals,Burnley,Premier League,Sheffield United,"£12,232,000",Norway,25,DM
2023-24,Wilson Odobert,arrivals,Burnley,Ligue 2,ESTAC Troyes,"£10,560,000",France,18,RW
2023-24,Dara O'Shea,arrivals,Burnley,Championship,West Bromwich Albion,"£6,864,000",Ireland,24,DC
2023-24,Michael Obafemi,arrivals,Burnley,Championship,Swansea City,"£3,520,000",Ireland,22,CF
2023-24,Hannes Delcroix,arrivals,Burnley,Jupiler Pro League,RSC Anderlecht,"£2,640,000",Belgium,24,DC
2023-24,Luca Koleosho,arrivals,Burnley,Segunda Federación - Gr. III,RCD Espanyol B,"£2,640,000",Italy,18,RW
2023-24,Nathan Redmond,arrivals,Burnley,Süper Lig,Besiktas JK,Free transfer,England,29,RW
2023-24,Han-Noah Massengo,arrivals,Burnley,Championship,Bristol City,Free transfer,France,22,DM
2023-24,Lawrence Vigouroux,arrivals,Burnley,League One,Leyton Orient,Free transfer,Chile,29,GK
2023-24,Mike Trésor,arrivals,Burnley,Jupiler Pro League,KRC Genk,loan transfer,Belgium,24,LW
2023-24,Jacob Bruun Larsen,arrivals,Burnley,Bundesliga,TSG 1899 Hoffenheim,loan transfer,Denmark,24,LW
2023-24,Wout Weghorst,arrivals,Burnley,Premier League,Manchester United,Loan,Netherlands,30,CF
2023-24,Scott Twine,arrivals,Burnley,Championship,Hull City,Loan,England,24,AM
2023-24,Luke McNally,arrivals,Burnley,Championship,Stoke City,Loan,Ireland,24,DC
2023-24,Enock Agyei,arrivals,Burnley,Jupiler Pro League,KV Mechelen,Loan,Belgium,18,RW
2023-24,Dara Costelloe,arrivals,Burnley,Premiership,St. Johnstone FC,Loan,Ireland,21,LW
2023-24,Cameron Archer,arrivals,Sheffield United,Premier League,Aston Villa,"£18,964,000",England,21,CF
2023-24,Gustavo Hamer,arrivals,Sheffield United,Championship,Coventry City,"£15,224,000",Netherlands,26,DM
2023-24,Vini Souza,arrivals,Sheffield United,Challenger Pro League,Lommel SK,"£11,000,000",Brazil,24,DM
2023-24,Auston Trusty,arrivals,Sheffield United,Premier League,Arsenal FC,"£5,104,000",United States,24,DC
2023-24,Bénie Traoré,arrivals,Sheffield United,Allsvenskan,BK Häcken,"£4,048,000",Cote d'Ivoire,20,CF
2023-24,Anis Slimane,arrivals,Sheffield United,Superligaen,Bröndby IF,"£2,376,000",Tunisia,22,MC
2023-24,Tom Davies,arrivals,Sheffield United,Premier League,Everton FC,Free transfer,England,25,MC
2023-24,Luke Thomas,arrivals,Sheffield United,Championship,Leicester City,loan transfer,England,22,DL
2023-24,James McAtee,arrivals,Sheffield United,Premier League,Manchester City,loan transfer,England,20,MC
2023-24,Yasser Larouci,arrivals,Sheffield United,Ligue 2,ESTAC Troyes,loan transfer,France,22,DL
