league,season,team,player,nation,pos,age,born,Playing Time_MP,Playing Time_Starts,Playing Time_Min,Playing Time_90s,Performance_GA,Performance_GA90,Performance_SoTA,Performance_Saves,Performance_Save%,Performance_W,Performance_D,Performance_L,Performance_CS,Performance_CS%,Penalty Kicks_PKatt,Penalty Kicks_PKA,Penalty Kicks_PKsv,Penalty Kicks_PKm,Penalty Kicks_Save%
ENG-Premier League,2324,Arsenal,Aaron Ramsdale,ENG,GK,25,1998,6,6,540,6.0,5,0.83,14,9,64.3,5,1,0,2,33.3,0,0,0,0,
ENG-Premier League,2324,Arsenal,David Raya,ESP,GK,27,1995,32,32,2880,32.0,24,0.75,66,45,66.7,23,4,5,14,43.8,3,2,1,0,33.3
ENG-Premier League,2324,Aston Villa,Emiliano Martínez,ARG,GK,30,1992,34,34,3015,33.5,48,1.43,142,95,66.9,19,8,7,7,20.6,1,1,0,0,0.0
ENG-Premier League,2324,Aston Villa,Robin Olsen,SWE,GK,33,1990,5,4,405,4.5,13,2.89,32,20,59.4,1,0,3,0,0.0,1,0,1,0,100.0
ENG-Premier League,2324,Bournemouth,Ionuț Radu,ROU,GK,26,1997,2,2,180,2.0,7,3.5,12,5,41.7,1,0,1,0,0.0,0,0,0,0,
ENG-Premier League,2324,Bournemouth,Mark Travers,IRL,GK,24,1999,4,4,360,4.0,5,1.25,17,13,76.5,2,0,2,1,25.0,1,1,0,0,0.0
ENG-Premier League,2324,Bournemouth,Neto,BRA,GK,34,1989,32,32,2880,32.0,55,1.72,161,112,68.9,10,9,13,7,21.9,6,5,1,0,16.7
ENG-Premier League,2324,Brentford,Mark Flekken,NED,GK,30,1993,37,37,3285,36.5,63,1.73,176,115,65.3,10,9,18,7,18.9,2,2,0,0,0.0
ENG-Premier League,2324,Brentford,Thomas Strakosha,ALB,GK,28,1995,2,1,135,1.5,2,1.33,8,6,75.0,0,0,1,0,0.0,0,0,0,0,
ENG-Premier League,2324,Brighton,Bart Verbruggen,NED,GK,20,2002,21,21,1890,21.0,28,1.33,90,65,72.2,7,8,6,4,19.0,3,3,0,0,0.0
ENG-Premier League,2324,Brighton,Jason Steele,ENG,GK,32,1990,17,17,1530,17.0,34,2.0,74,43,58.1,5,4,8,2,11.8,3,3,0,0,0.0
ENG-Premier League,2324,Burnley,Arijanet Muric,KVX,GK,24,1998,10,10,900,10.0,16,1.6,77,63,80.5,2,4,4,0,0.0,2,1,1,0,50.0
ENG-Premier League,2324,Burnley,James Trafford,ENG,GK,20,2002,28,28,2520,28.0,62,2.21,163,106,65.0,3,5,20,2,7.1,5,5,0,0,0.0
ENG-Premier League,2324,Chelsea,Robert Sánchez,ESP,GK,25,1997,16,16,1433,15.9,25,1.57,74,52,68.9,5,4,7,3,18.8,3,2,1,0,33.3
ENG-Premier League,2324,Chelsea,Đorđe Petrović,SRB,GK,23,1999,23,22,1987,22.1,38,1.72,112,74,67.0,13,5,4,4,18.2,2,1,0,1,0.0
ENG-Premier League,2324,Crystal Palace,Dean Henderson,ENG,GK,26,1997,18,18,1620,18.0,30,1.67,86,57,66.3,8,4,6,2,11.1,1,1,0,0,0.0
ENG-Premier League,2324,Crystal Palace,Remi Matthews,ENG,GK,29,1994,1,0,4,0.0,1,22.5,1,0,0.0,0,0,0,0,,0,0,0,0,
ENG-Premier League,2324,Crystal Palace,Sam Johnstone,ENG,GK,30,1993,20,20,1796,20.0,27,1.35,66,41,62.1,5,6,9,6,30.0,2,2,0,0,0.0
ENG-Premier League,2324,Everton,Jordan Pickford,ENG,GK,29,1994,38,38,3420,38.0,51,1.34,164,121,73.8,13,9,16,10,26.3,8,8,0,0,0.0
ENG-Premier League,2324,Fulham,Bernd Leno,GER,GK,31,1992,38,38,3420,38.0,61,1.61,187,134,71.7,13,8,17,10,26.3,8,8,0,0,0.0
ENG-Premier League,2324,Liverpool,Alisson,BRA,GK,30,1992,28,28,2520,28.0,30,1.07,112,82,74.1,16,8,4,7,25.0,1,1,0,0,0.0
ENG-Premier League,2324,Liverpool,Caoimhín Kelleher,IRL,GK,24,1998,10,10,900,10.0,11,1.1,39,28,71.8,8,2,0,2,20.0,0,0,0,0,
ENG-Premier League,2324,Luton Town,James Shea,ENG,GK,32,1991,1,0,15,0.2,0,0.0,2,2,100.0,0,0,0,0,,0,0,0,0,
ENG-Premier League,2324,Luton Town,Thomas Kaminski,BEL,GK,30,1992,38,38,3405,37.8,85,2.25,225,144,64.0,6,8,24,2,5.3,4,4,0,0,0.0
ENG-Premier League,2324,Manchester City,Ederson,BRA,GK,29,1993,33,33,2785,30.9,27,0.87,81,57,70.4,24,6,3,11,33.3,3,3,0,0,0.0
ENG-Premier League,2324,Manchester City,Stefan Ortega,GER,GK,30,1992,9,5,635,7.1,7,0.99,27,20,74.1,4,1,0,3,60.0,0,0,0,0,
ENG-Premier League,2324,Manchester Utd,André Onana,CMR,GK,27,1996,38,38,3420,38.0,58,1.53,200,148,74.5,18,6,14,9,23.7,7,7,0,0,0.0
ENG-Premier League,2324,Newcastle United,Loris Karius,GER,GK,30,1993,1,1,90,1.0,4,4.0,8,4,50.0,0,0,1,0,0.0,0,0,0,0,
ENG-Premier League,2324,Newcastle United,Martin Dúbravka,SVK,GK,34,1989,23,22,1985,22.1,42,1.9,124,87,69.4,9,4,9,5,22.7,5,4,1,0,20.0
ENG-Premier League,2324,Newcastle United,Nick Pope,ENG,GK,31,1992,15,15,1345,14.9,16,1.07,59,43,72.9,9,2,4,6,40.0,0,0,0,0,
ENG-Premier League,2324,Nottingham Forest,Matt Turner,USA,GK,29,1994,17,17,1530,17.0,28,1.65,81,55,67.9,4,5,8,2,11.8,2,2,0,0,0.0
ENG-Premier League,2324,Nottingham Forest,Matz Sels,BEL,GK,31,1992,16,16,1440,16.0,27,1.69,63,37,58.7,4,4,8,1,6.3,1,1,0,0,0.0
ENG-Premier League,2324,Nottingham Forest,Odysseas Vlachodimos,GRE,GK,29,1994,5,5,450,5.0,12,2.4,21,10,47.6,1,0,4,1,20.0,1,1,0,0,0.0
ENG-Premier League,2324,Sheffield United,Ivo Grbić,CRO,GK,27,1996,9,9,771,8.6,25,2.92,62,37,59.7,0,3,6,0,0.0,1,0,0,1,
ENG-Premier League,2324,Sheffield United,Wes Foderingham,ENG,GK,32,1991,30,29,2649,29.4,79,2.68,207,133,64.3,3,4,22,1,3.4,6,5,0,1,0.0
ENG-Premier League,2324,Tottenham Hotspur,Guglielmo Vicario,ITA,GK,26,1996,38,38,3420,38.0,61,1.61,164,110,67.1,20,6,12,6,15.8,7,7,0,0,0.0
ENG-Premier League,2324,West Ham United,Alphonse Areola,FRA,GK,30,1993,31,31,2699,30.0,53,1.77,182,136,73.6,11,9,11,4,12.9,7,5,2,0,28.6
ENG-Premier League,2324,West Ham United,Łukasz Fabiański,POL,GK,38,1985,10,7,721,8.0,21,2.62,51,33,64.7,3,1,3,1,14.3,3,3,0,0,0.0
ENG-Premier League,2324,Wolves,Daniel Bentley,ENG,GK,30,1993,5,3,383,4.3,7,1.64,15,8,53.3,1,0,2,1,33.3,0,0,0,0,
ENG-Premier League,2324,Wolves,José Sá,POR,GK,30,1993,35,35,3037,33.7,58,1.72,184,134,72.8,12,7,16,4,11.4,8,8,0,0,0.0
