league,season,team,player,nation,pos,age,born,Playing Time_MP,Playing Time_Min,Playing Time_Mn/MP,Playing Time_Min%,Playing Time_90s,Starts_Starts,Starts_Mn/Start,Starts_Compl,Subs_Subs,Subs_Mn/Sub,Subs_unSub,Team Success_PPM,Team Success_onG,Team Success_onGA,Team Success_+/-,Team Success_+/-90,Team Success_On-Off
ENG-Premier League,2324,Arsenal,Aaron Ramsdale,ENG,GK,25,1998,6,540,90,15.8,6.0,6,90,6,0,,31,2.67,11,5,6,1.0,-0.75
ENG-Premier League,2324,Arsenal,Ben White,ENG,DF,25,1997,37,2988,81,87.4,33.2,35,85,27,2,7,0,2.32,81,26,55,1.66,0.2
ENG-Premier League,2324,Arsenal,Bradley Ibrahim,ENG,MF,18,2004,0,,,,,0,,0,0,,1,,,,,,
ENG-Premier League,2324,Arsenal,Bukayo Saka,ENG,FW,21,2001,35,2919,83,85.4,32.4,35,83,17,0,,0,2.29,78,27,51,1.57,-0.4
ENG-Premier League,2324,Arsenal,Charles Sagoe Jr,ENG,"FW,MF",19,2004,0,,,,,0,,0,0,,1,,,,,,
ENG-Premier League,2324,Arsenal,Cédric Soares,POR,"DF,MF",31,1991,3,62,21,1.8,0.7,0,,0,3,21,15,3.0,1,0,1,1.45,-0.18
ENG-Premier League,2324,Arsenal,David Raya,ESP,GK,27,1995,32,2880,90,84.2,32.0,32,90,32,0,,3,2.28,80,24,56,1.75,0.75
ENG-Premier League,2324,Arsenal,Declan Rice,ENG,MF,24,1999,38,3225,85,94.3,35.8,37,87,29,1,24,0,2.34,84,28,56,1.56,-1.21
ENG-Premier League,2324,Arsenal,Eddie Nketiah,ENG,FW,24,1999,27,1082,40,31.6,12.0,10,78,3,17,18,11,2.15,24,10,14,1.16,-0.68
ENG-Premier League,2324,Arsenal,Emile Smith Rowe,ENG,MF,23,2000,13,353,27,10.3,3.9,3,76,0,10,13,18,2.23,12,3,9,2.29,0.74
ENG-Premier League,2324,Arsenal,Ethan Nwaneri,ENG,MF,16,2007,1,14,14,0.4,0.2,0,,0,1,14,1,3.0,0,0,0,0.0,-1.64
ENG-Premier League,2324,Arsenal,Fabio Vieira,POR,MF,23,2000,11,297,27,8.7,3.3,2,62,0,9,19,13,2.36,11,2,9,2.73,1.2
ENG-Premier League,2324,Arsenal,Gabriel Jesus,BRA,FW,26,1997,27,1478,55,43.2,16.4,17,78,4,10,16,3,2.19,29,11,18,1.1,-0.94
ENG-Premier League,2324,Arsenal,Gabriel Magalhães,BRA,DF,25,1997,36,3044,85,89.0,33.8,34,89,32,2,13,2,2.36,78,26,52,1.54,-0.86
ENG-Premier League,2324,Arsenal,Gabriel Martinelli,BRA,FW,22,2001,35,2019,58,59.0,22.4,24,74,4,11,22,0,2.34,52,22,30,1.34,-0.72
ENG-Premier League,2324,Arsenal,Jakub Kiwior,POL,DF,23,2000,20,946,47,27.7,10.5,11,80,7,9,7,18,2.65,39,8,31,2.95,1.82
ENG-Premier League,2324,Arsenal,James Sweet,WAL,DF,19,2003,0,,,,,0,,0,0,,1,,,,,,
ENG-Premier League,2324,Arsenal,Jorginho,ITA,MF,31,1991,24,921,38,26.9,10.2,10,78,3,14,10,13,2.42,25,11,14,1.37,-0.36
ENG-Premier League,2324,Arsenal,Jurriën Timber,NED,DF,22,2001,2,71,36,2.1,0.8,1,49,0,1,22,0,3.0,3,0,3,3.8,2.22
ENG-Premier League,2324,Arsenal,Kai Havertz,GER,"MF,FW",24,1999,37,2634,71,77.0,29.3,30,83,18,7,19,0,2.41,77,22,55,1.88,1.08
ENG-Premier League,2324,Arsenal,Karl Jakob Hein,EST,GK,21,2002,0,,,,,0,,0,0,,5,,,,,,
ENG-Premier League,2324,Arsenal,Leandro Trossard,BEL,"FW,MF",28,1994,34,1649,49,48.2,18.3,18,72,3,16,22,3,2.32,45,11,34,1.86,0.43
ENG-Premier League,2324,Arsenal,Martin Ødegaard,NOR,MF,24,1998,35,3091,88,90.4,34.3,35,88,22,0,,1,2.37,80,23,57,1.66,0.29
ENG-Premier League,2324,Arsenal,Mauro Bandeira,POR,MF,19,2003,0,,,,,0,,0,0,,2,,,,,,
ENG-Premier League,2324,Arsenal,Mohamed Elneny,EGY,MF,31,1992,3,28,9,0.8,0.3,0,,0,3,9,13,3.0,1,0,1,3.21,1.6
ENG-Premier League,2324,Arsenal,Myles Lewis-Skelly,ENG,DF,16,2006,0,,,,,0,,0,0,,1,,,,,,
ENG-Premier League,2324,Arsenal,Oleksandr Zinchenko,UKR,DF,26,1996,27,1722,64,50.4,19.1,20,79,7,7,21,5,2.26,38,15,23,1.2,-0.87
ENG-Premier League,2324,Arsenal,Reiss Nelson,ENG,FW,23,1999,15,268,18,7.8,3.0,1,74,0,14,14,15,2.27,10,1,9,3.02,1.51
ENG-Premier League,2324,Arsenal,Reuell Walters,ENG,DF,18,2004,0,,,,,0,,0,0,,8,,,,,,
ENG-Premier League,2324,Arsenal,Takehiro Tomiyasu,JPN,DF,24,1998,22,1149,52,33.6,12.8,10,85,7,12,25,1,2.41,30,10,20,1.57,-0.1
ENG-Premier League,2324,Arsenal,Thomas Partey,GHA,"MF,DF",30,1993,14,788,56,23.0,8.8,9,79,4,5,16,3,2.71,20,5,15,1.71,0.11
ENG-Premier League,2324,Arsenal,William Saliba,FRA,DF,22,2001,38,3420,90,100.0,38.0,38,90,38,0,,0,2.34,91,29,62,1.63,
ENG-Premier League,2324,Aston Villa,Bertrand Traoré,BFA,"FW,MF",27,1995,2,11,6,0.3,0.1,0,,0,2,6,6,3.0,0,0,0,0.0,-0.4
ENG-Premier League,2324,Aston Villa,Boubacar Kamara,FRA,MF,23,1999,20,1652,83,48.3,18.4,20,83,10,0,,0,2.05,36,22,14,0.76,0.71
ENG-Premier League,2324,Aston Villa,Calum Chambers,ENG,MF,28,1995,5,152,30,4.4,1.7,1,67,0,4,21,26,0.8,3,6,-3,-1.78,-2.27
ENG-Premier League,2324,Aston Villa,Cameron Archer,ENG,"FW,MF",22,2001,1,6,6,0.2,0.1,0,,0,1,6,1,3.0,0,0,0,0.0,-0.4
ENG-Premier League,2324,Aston Villa,Clément Lenglet,FRA,DF,28,1995,14,1153,82,33.7,12.8,14,82,11,0,,20,1.29,22,27,-5,-0.39,-1.18
ENG-Premier League,2324,Aston Villa,Diego Carlos,BRA,DF,30,1993,27,1816,67,53.1,20.2,20,86,18,7,15,5,1.56,35,36,-1,-0.05,-0.95
ENG-Premier League,2324,Aston Villa,Douglas Luiz,BRA,MF,25,1998,35,2993,86,87.5,33.3,35,86,26,0,,0,1.69,65,57,8,0.24,-1.23
ENG-Premier League,2324,Aston Villa,Emiliano Martínez,ARG,GK,30,1992,34,3015,89,88.2,33.5,34,89,33,0,,0,1.91,72,48,24,0.72,2.72
ENG-Premier League,2324,Aston Villa,Ezri Konsa,ENG,DF,25,1997,35,3069,88,89.7,34.1,35,88,30,0,,0,1.77,68,54,14,0.41,0.15
ENG-Premier League,2324,Aston Villa,Filip Marschall,ENG,GK,20,2003,0,,,,,0,,0,0,,10,,,,,,
ENG-Premier League,2324,Aston Villa,Finley Munroe,ENG,DF,18,2005,1,4,4,0.1,0.0,0,,0,1,4,2,0.0,0,0,0,0.0,-0.4
ENG-Premier League,2324,Aston Villa,Jacob Ramsey,ENG,MF,22,2001,16,853,53,24.9,9.5,8,80,5,8,26,0,2.19,22,12,10,1.06,0.88
ENG-Premier League,2324,Aston Villa,Jaden Philogene Bidace,ENG,"FW,MF",21,2002,1,4,4,0.1,0.0,0,,0,1,4,0,0.0,0,1,-1,-22.5,-22.92
ENG-Premier League,2324,Aston Villa,James Wright,ENG,GK,18,2004,0,,,,,0,,0,0,,3,,,,,,
ENG-Premier League,2324,Aston Villa,Joe Gauci,AUS,GK,23,2000,0,,,,,0,,0,0,,5,,,,,,
ENG-Premier League,2324,Aston Villa,John McGinn,SCO,MF,28,1994,35,2999,86,87.7,33.3,35,86,24,0,,0,1.83,68,52,16,0.48,0.69
ENG-Premier League,2324,Aston Villa,Jáder Durán,COL,FW,19,2003,23,475,21,13.9,5.3,3,68,1,20,14,5,1.74,15,12,3,0.57,0.2
ENG-Premier League,2324,Aston Villa,Kadan Young,ENG,MF,17,2006,0,,,,,0,,0,0,,1,,,,,,
ENG-Premier League,2324,Aston Villa,Kaine Kesler-Hayden,ENG,"DF,MF",20,2002,3,6,2,0.2,0.1,0,,0,3,2,14,2.0,0,0,0,0.0,-0.4
ENG-Premier League,2324,Aston Villa,Lander Emery,ENG,GK,20,2003,0,,,,,0,,0,0,,1,,,,,,
ENG-Premier League,2324,Aston Villa,Leander Dendoncker,BEL,MF,28,1995,8,119,15,3.5,1.3,1,85,0,7,5,10,2.25,3,3,0,0.0,-0.41
ENG-Premier League,2324,Aston Villa,Leon Bailey,JAM,MF,25,1997,35,2068,59,60.5,23.0,22,76,3,13,31,1,1.77,53,32,21,0.91,1.31
ENG-Premier League,2324,Aston Villa,Lucas Digne,FRA,DF,30,1993,33,2410,73,70.5,26.8,27,85,18,6,19,0,1.76,54,41,13,0.49,0.31
ENG-Premier League,2324,Aston Villa,Matty Cash,POL,"DF,MF",25,1997,29,2142,74,62.6,23.8,23,84,16,6,34,2,1.86,49,36,13,0.55,0.41
ENG-Premier League,2324,Aston Villa,Morgan Rogers,ENG,MF,21,2002,11,638,58,18.7,7.1,8,72,4,3,20,3,1.91,12,13,-1,-0.14,-0.66
ENG-Premier League,2324,Aston Villa,Moussa Diaby,FRA,"MF,FW",24,1999,38,2174,57,63.6,24.2,25,75,4,13,23,0,1.79,41,40,1,0.04,-0.97
ENG-Premier League,2324,Aston Villa,Nicolò Zaniolo,ITA,"MF,FW",24,1999,25,839,34,24.5,9.3,9,61,0,16,18,5,1.6,17,13,4,0.43,0.05
ENG-Premier League,2324,Aston Villa,Oliwier Zych,POL,GK,19,2004,0,,,,,0,,0,0,,1,,,,,,
ENG-Premier League,2324,Aston Villa,Ollie Watkins,ENG,FW,27,1995,37,3217,87,94.1,35.7,37,87,27,0,,0,1.84,71,56,15,0.42,0.42
ENG-Premier League,2324,Aston Villa,Omari Kellyman,ENG,"FW,MF",17,2005,2,37,19,1.1,0.4,0,,0,2,19,10,0.0,0,1,-1,-2.43,-2.86
ENG-Premier League,2324,Aston Villa,Pau Torres,ESP,DF,26,1997,29,2464,85,72.0,27.4,27,88,25,2,45,5,2.07,57,37,20,0.73,1.2
ENG-Premier League,2324,Aston Villa,Philippe Coutinho,BRA,"FW,MF",31,1992,2,25,13,0.7,0.3,0,,0,2,13,0,1.5,1,1,0,0.0,-0.4
ENG-Premier League,2324,Aston Villa,Robin Olsen,SWE,GK,33,1990,5,405,81,11.8,4.5,4,90,4,1,45,26,0.8,4,13,-9,-2.0,-2.72
ENG-Premier League,2324,Aston Villa,Sam Proctor,ENG,GK,16,2006,0,,,,,0,,0,0,,3,,,,,,
ENG-Premier League,2324,Aston Villa,Tim Iroegbunam,ENG,MF,20,2003,9,164,18,4.8,1.8,1,62,0,8,13,16,1.44,2,7,-5,-2.74,-3.3
ENG-Premier League,2324,Aston Villa,Tommi O'Reilly,ENG,MF,19,2003,0,,,,,0,,0,0,,1,,,,,,
ENG-Premier League,2324,Aston Villa,Tyrone Mings,ENG,DF,30,1993,1,30,30,0.9,0.3,1,30,0,0,,0,0.0,1,2,-1,-3.0,-3.42
ENG-Premier League,2324,Aston Villa,Youri Tielemans,BEL,"MF,FW",26,1997,32,1622,51,47.4,18.0,17,77,6,15,21,0,1.91,40,27,13,0.72,0.62
ENG-Premier League,2324,Aston Villa,Álex Moreno,ESP,DF,30,1993,21,1031,49,30.1,11.5,11,80,5,10,16,4,1.67,24,20,4,0.35,-0.07
ENG-Premier League,2324,Bournemouth,Adam Smith,ENG,DF,32,1991,28,2150,77,62.9,23.9,25,85,15,3,12,6,1.61,39,33,6,0.25,1.6
ENG-Premier League,2324,Bournemouth,Alex Scott,ENG,MF,19,2003,23,1014,44,29.6,11.3,11,66,2,12,24,2,1.22,17,25,-8,-0.71,-0.52
ENG-Premier League,2324,Bournemouth,Antoine Semenyo,GHA,MF,23,2000,33,2105,64,61.5,23.4,25,76,10,8,25,3,1.39,41,33,8,0.34,1.78
ENG-Premier League,2324,Bournemouth,Ben Greenwood,IRL,DF,20,2003,0,,,,,0,,0,0,,4,,,,,,
ENG-Premier League,2324,Bournemouth,Callan Mckenna,SCO,GK,16,2006,0,,,,,0,,0,0,,3,,,,,,
ENG-Premier League,2324,Bournemouth,Chris Mepham,WAL,DF,25,1997,10,617,62,18.0,6.9,6,83,5,4,31,14,1.6,13,16,-3,-0.44,-0.12
ENG-Premier League,2324,Bournemouth,Dango Ouattara,BFA,"DF,MF",21,2002,30,1229,41,35.9,13.7,12,74,4,18,19,2,1.4,20,24,-4,-0.29,0.08
ENG-Premier League,2324,Bournemouth,Darren Randolph,IRL,GK,36,1987,0,,,,,0,,0,0,,1,,,,,,
ENG-Premier League,2324,Bournemouth,David Brooks,WAL,MF,26,1997,13,282,22,8.2,3.1,2,65,0,11,14,7,0.92,5,7,-2,-0.64,-0.32
ENG-Premier League,2324,Bournemouth,Dominic Sadi,ENG,MF,19,2003,1,1,1,0.0,0.0,0,,0,1,1,4,3.0,0,0,0,0.0,0.34
ENG-Premier League,2324,Bournemouth,Dominic Solanke,ENG,FW,25,1997,38,3325,88,97.2,36.9,37,89,28,1,32,0,1.26,51,61,-10,-0.27,2.57
ENG-Premier League,2324,Bournemouth,Emiliano Marcondes,DEN,"FW,MF",28,1995,0,,,,,0,,0,0,,1,,,,,,
ENG-Premier League,2324,Bournemouth,Enes Ünal,TUR,FW,26,1997,16,328,21,9.6,3.6,2,67,0,14,14,0,1.31,11,9,2,0.55,0.99
ENG-Premier League,2324,Bournemouth,Gavin Kilkenny,IRL,MF,23,2000,0,,,,,0,,0,0,,7,,,,,,
ENG-Premier League,2324,Bournemouth,Hamed Junior Traorè,CIV,MF,23,2000,3,47,16,1.4,0.5,0,,0,3,16,7,0.0,0,1,-1,-1.91,-1.59
ENG-Premier League,2324,Bournemouth,Illia Zabarnyi,UKR,DF,20,2002,37,3330,90,97.4,37.0,37,90,37,0,,0,1.22,51,67,-16,-0.43,-3.43
ENG-Premier League,2324,Bournemouth,Ionuț Radu,ROU,GK,26,1997,2,180,90,5.3,2.0,2,90,2,0,,11,1.5,3,7,-4,-2.0,-1.75
ENG-Premier League,2324,Bournemouth,Jaidon Anthony,ENG,MF,23,1999,3,152,51,4.4,1.7,2,61,0,1,31,0,0.33,1,5,-4,-2.37,-2.12
ENG-Premier League,2324,Bournemouth,James Hill,ENG,DF,21,2002,5,76,15,2.2,0.8,1,54,0,4,6,10,2.0,1,1,0,0.0,0.35
ENG-Premier League,2324,Bournemouth,Joe Rothwell,ENG,MF,28,1995,11,386,35,11.3,4.3,3,70,1,8,22,8,1.18,4,12,-8,-1.87,-1.72
ENG-Premier League,2324,Bournemouth,Justin Kluivert,NED,MF,24,1999,32,1916,60,56.0,21.3,26,68,0,6,24,6,1.22,29,23,6,0.28,1.42
ENG-Premier League,2324,Bournemouth,Kieffer Moore,WAL,"DF,FW",30,1992,8,108,14,3.2,1.2,0,,0,8,14,8,0.88,3,2,1,0.83,1.21
ENG-Premier League,2324,Bournemouth,Lewis Cook,ENG,MF,26,1997,33,2786,84,81.5,31.0,32,86,26,1,45,0,1.24,43,50,-7,-0.23,0.63
ENG-Premier League,2324,Bournemouth,Lloyd Kelly,ENG,DF,24,1998,23,1559,68,45.6,17.3,17,83,12,6,25,0,1.13,22,32,-10,-0.58,-0.43
ENG-Premier League,2324,Bournemouth,Luis Sinisterra,COL,MF,24,1999,20,699,35,20.4,7.8,7,59,0,13,22,4,1.35,12,18,-6,-0.77,-0.54
ENG-Premier League,2324,Bournemouth,Marcos Senesi,ARG,DF,26,1997,31,2242,72,65.6,24.9,26,83,17,5,16,1,1.13,37,44,-7,-0.28,0.18
ENG-Premier League,2324,Bournemouth,Marcus Tavernier,ENG,MF,24,1999,30,2118,71,61.9,23.5,25,78,7,5,33,0,1.33,37,38,-1,-0.04,0.79
ENG-Premier League,2324,Bournemouth,Mark Travers,IRL,GK,24,1999,4,360,90,10.5,4.0,4,90,4,0,,25,1.5,5,5,0,0.0,0.38
ENG-Premier League,2324,Bournemouth,Max Aarons,ENG,DF,23,2000,20,1237,62,36.2,13.7,13,85,9,7,19,5,0.8,12,35,-23,-1.67,-2.09
ENG-Premier League,2324,Bournemouth,Maxwell Wellings,ENG,DF,18,2005,0,,,,,0,,0,0,,7,,,,,,
ENG-Premier League,2324,Bournemouth,Michael DaCosta,ESP,FW,18,2005,0,,,,,0,,0,0,,4,,,,,,
ENG-Premier League,2324,Bournemouth,Milos Kerkez,HUN,DF,19,2003,28,1970,70,57.6,21.9,22,83,11,6,25,3,1.14,25,37,-12,-0.55,-0.49
ENG-Premier League,2324,Bournemouth,Neto,BRA,GK,34,1989,32,2880,90,84.2,32.0,32,90,32,0,,4,1.22,46,55,-9,-0.28,0.39
ENG-Premier League,2324,Bournemouth,Philip Billing,DEN,MF,27,1996,29,1398,48,40.9,15.5,13,83,6,16,20,4,1.24,18,36,-18,-1.16,-1.38
ENG-Premier League,2324,Bournemouth,Romain Faivre,FRA,MF,25,1998,5,41,8,1.2,0.5,0,,0,5,8,8,0.4,0,1,-1,-2.2,-1.88
ENG-Premier League,2324,Bournemouth,Ryan Christie,SCO,MF,28,1995,37,2907,79,85.0,32.3,35,81,18,2,29,0,1.22,44,55,-11,-0.34,0.01
ENG-Premier League,2324,Bournemouth,Tyler Adams,USA,MF,24,1999,3,121,40,3.5,1.3,1,90,1,2,16,2,2.0,4,3,1,0.74,1.13
ENG-Premier League,2324,Brentford,Aaron Hickey,SCO,"DF,MF",21,2002,9,713,79,20.8,7.9,9,79,2,0,,0,1.11,10,12,-2,-0.25,-0.02
ENG-Premier League,2324,Brentford,Ben Mee,ENG,DF,33,1989,16,1272,80,37.2,14.1,15,85,11,1,1,2,0.81,16,26,-10,-0.71,-0.75
ENG-Premier League,2324,Brentford,Benjamin Arthur,ENG,DF,17,2005,0,,,,,0,,0,0,,1,,,,,,
ENG-Premier League,2324,Brentford,Benjamin Fredrick,NGA,DF,18,2005,0,,,,,0,,0,0,,2,,,,,,
ENG-Premier League,2324,Brentford,Bryan Mbeumo,CMR,FW,23,1999,25,1960,78,57.3,21.8,22,87,18,3,17,0,1.28,37,31,6,0.28,1.2
ENG-Premier League,2324,Brentford,Charlie Goode,ENG,DF,27,1995,0,,,,,0,,0,0,,5,,,,,,
ENG-Premier League,2324,Brentford,Christian Nørgaard,DEN,MF,29,1994,31,2505,81,73.2,27.8,30,83,20,1,20,0,0.97,36,51,-15,-0.54,-1.13
ENG-Premier League,2324,Brentford,Ellery Balcombe,ENG,GK,23,1999,0,,,,,0,,0,0,,3,,,,,,
ENG-Premier League,2324,Brentford,Ethan Brierley,ENG,MF,19,2003,0,,,,,0,,0,0,,13,,,,,,
ENG-Premier League,2324,Brentford,Ethan Pinnock,JAM,DF,30,1993,29,2521,87,73.7,28.0,28,90,28,1,1,0,1.21,44,46,-2,-0.07,0.63
ENG-Premier League,2324,Brentford,Frank Onyeka,NGA,MF,25,1998,26,1161,45,33.9,12.9,11,78,3,15,20,4,0.85,17,27,-10,-0.78,-0.82
ENG-Premier League,2324,Brentford,Hákon Valdimarsson,ISL,GK,21,2001,0,,,,,0,,0,0,,4,,,,,,
ENG-Premier League,2324,Brentford,Ivan Toney,ENG,FW,27,1996,17,1450,85,42.4,16.1,16,90,16,1,10,1,0.82,20,30,-10,-0.62,-0.67
ENG-Premier League,2324,Brentford,Josh Dasilva,ENG,MF,24,1998,3,24,8,0.7,0.3,0,,0,3,8,1,2.0,0,0,0,0.0,0.24
ENG-Premier League,2324,Brentford,Keane Lewis-Potter,ENG,"FW,MF",22,2001,30,1441,48,42.1,16.0,15,78,2,15,18,3,0.93,24,29,-5,-0.31,-0.13
ENG-Premier League,2324,Brentford,Kevin Schade,GER,FW,21,2001,11,333,30,9.7,3.7,3,73,0,8,14,0,1.45,8,5,3,0.81,1.16
ENG-Premier League,2324,Brentford,Kim Jisoo,KOR,DF,18,2004,0,,,,,0,,0,0,,8,,,,,,
ENG-Premier League,2324,Brentford,Kristoffer Ajer,NOR,DF,25,1998,28,1832,65,53.6,20.4,21,84,13,7,11,1,1.14,28,33,-5,-0.25,-0.02
ENG-Premier League,2324,Brentford,Mads Roerslev,DEN,"MF,DF",24,1999,34,1985,58,58.0,22.1,22,79,8,12,20,3,1.09,32,40,-8,-0.36,-0.3
ENG-Premier League,2324,Brentford,Mark Flekken,NED,GK,30,1993,37,3285,89,96.1,36.5,37,89,36,0,,0,1.05,53,63,-10,-0.27,-0.94
ENG-Premier League,2324,Brentford,Mathias Jensen,DEN,MF,27,1996,32,2204,69,64.4,24.5,27,77,5,5,27,0,1.09,37,45,-8,-0.33,-0.25
ENG-Premier League,2324,Brentford,Mathias Jørgensen,DEN,DF,33,1990,14,1087,78,31.8,12.1,12,90,11,2,4,23,0.57,16,24,-8,-0.66,-0.62
ENG-Premier League,2324,Brentford,Michael Olakigbe,ENG,MF,19,2004,8,59,7,1.7,0.7,0,,0,8,7,9,0.63,1,0,1,1.53,1.79
ENG-Premier League,2324,Brentford,Mikkel Damsgaard,DEN,MF,23,2000,23,842,37,24.6,9.4,7,75,0,16,20,3,0.87,17,9,8,0.86,1.45
ENG-Premier League,2324,Brentford,Myles Peart-Harris,ENG,MF,20,2002,3,13,4,0.4,0.1,0,,0,3,4,6,1.0,0,0,0,0.0,0.24
ENG-Premier League,2324,Brentford,Nathan Collins,IRL,DF,22,2001,32,2652,83,77.5,29.5,29,90,28,3,18,1,1.13,47,51,-4,-0.14,0.45
ENG-Premier League,2324,Brentford,Neal Maupay,FRA,FW,26,1996,29,1321,46,38.6,14.7,13,83,5,16,15,2,0.97,24,35,-11,-0.75,-0.84
ENG-Premier League,2324,Brentford,Rico Henry,JAM,DF,26,1997,5,401,80,11.7,4.5,5,80,4,0,,0,1.2,8,5,3,0.67,1.03
ENG-Premier League,2324,Brentford,Ryan Trevitt,ENG,MF,20,2003,0,,,,,0,,0,0,,2,,,,,,
ENG-Premier League,2324,Brentford,Saman Ghoddos,IRN,"DF,MF",29,1993,19,739,39,21.6,8.2,7,88,5,12,10,13,0.74,10,20,-10,-1.22,-1.25
ENG-Premier League,2324,Brentford,Sergio Reguilón,ESP,"MF,DF",26,1996,16,1118,70,32.7,12.4,14,77,6,2,18,0,1.19,21,21,0,0.0,0.35
ENG-Premier League,2324,Brentford,Shandon Baptiste,GRN,MF,25,1998,10,229,23,6.7,2.5,2,66,0,8,12,11,1.0,3,5,-2,-0.79,-0.59
ENG-Premier League,2324,Brentford,Thomas Strakosha,ALB,GK,28,1995,2,135,68,3.9,1.5,1,90,1,1,45,32,1.5,3,2,1,0.67,0.94
ENG-Premier League,2324,Brentford,Val Adedokun,IRL,FW,20,2003,0,,,,,0,,0,0,,5,,,,,,
ENG-Premier League,2324,Brentford,Vincent Angelini,SCO,GK,19,2003,0,,,,,0,,0,0,,2,,,,,,
ENG-Premier League,2324,Brentford,Vitaly Janelt,GER,"MF,DF",25,1998,38,3054,80,89.3,33.9,37,82,16,1,18,0,1.03,50,52,-2,-0.06,1.66
ENG-Premier League,2324,Brentford,Yehor Yarmoliuk,UKR,MF,19,2004,27,688,25,20.1,7.6,6,61,0,21,15,11,1.19,13,9,4,0.52,0.95
ENG-Premier League,2324,Brentford,Yoane Wissa,COD,FW,26,1996,34,2493,73,72.9,27.7,29,81,9,5,30,0,0.97,40,40,0,0.0,0.87
ENG-Premier League,2324,Brentford,Yunus Emre Konak,TUR,MF,17,2006,0,,,,,0,,0,0,,1,,,,,,
ENG-Premier League,2324,Brighton,Adam Lallana,ENG,MF,35,1988,25,850,34,24.9,9.4,13,53,0,12,13,8,1.24,12,13,-1,-0.11,0.1
ENG-Premier League,2324,Brighton,Adam Webster,ENG,DF,28,1995,15,1144,76,33.5,12.7,13,85,11,2,18,12,1.13,16,22,-6,-0.47,-0.43
ENG-Premier League,2324,Brighton,Ansu Fati,ESP,"MF,FW",20,2002,19,521,27,15.2,5.8,3,50,0,16,23,5,1.26,12,12,0,0.0,0.22
ENG-Premier League,2324,Brighton,Bart Verbruggen,NED,GK,20,2002,21,1890,90,55.3,21.0,21,90,21,0,,17,1.38,31,28,3,0.14,0.73
ENG-Premier League,2324,Brighton,Ben Jackson,ENG,DF,19,2003,0,,,,,0,,0,0,,1,,,,,,
ENG-Premier League,2324,Brighton,Benicio Boaitey,ENG,FW,19,2004,5,40,8,1.2,0.4,0,,0,5,8,9,1.0,1,1,0,0.0,0.19
ENG-Premier League,2324,Brighton,Bigo Atom,GER,DF,18,2005,0,,,,,0,,0,0,,1,,,,,,
ENG-Premier League,2324,Brighton,Billy Gilmour,SCO,MF,22,2001,30,2120,71,62.0,23.6,24,83,13,6,22,1,1.4,40,37,3,0.13,0.82
ENG-Premier League,2324,Brighton,Cameron Peupion,AUS,MF,20,2002,0,,,,,0,,0,0,,6,,,,,,
ENG-Premier League,2324,Brighton,Carlos Baleba,CMR,MF,19,2004,27,1325,49,38.7,14.7,15,78,7,12,13,7,1.07,14,28,-14,-0.95,-1.25
ENG-Premier League,2324,Brighton,Danny Welbeck,ENG,"FW,MF",32,1990,29,1693,58,49.5,18.8,21,70,4,8,28,1,1.21,25,28,-3,-0.16,0.05
ENG-Premier League,2324,Brighton,Evan Ferguson,IRL,FW,18,2004,27,1367,51,40.0,15.2,15,71,4,12,25,1,1.48,25,28,-3,-0.2,-0.02
ENG-Premier League,2324,Brighton,Facundo Buonanotte,ARG,"MF,FW",18,2004,27,1364,51,39.9,15.2,17,65,1,10,25,6,1.19,19,20,-1,-0.07,0.2
ENG-Premier League,2324,Brighton,Igor,BRA,DF,25,1998,24,1637,68,47.9,18.2,17,82,11,7,34,10,1.17,22,26,-4,-0.22,-0.07
ENG-Premier League,2324,Brighton,Imari Samuels,ENG,DF,20,2003,0,,,,,0,,0,0,,1,,,,,,
ENG-Premier League,2324,Brighton,Jack Hinshelwood,ENG,"DF,MF",18,2005,12,869,72,25.4,9.7,8,81,3,4,56,4,1.33,15,17,-2,-0.21,-0.03
ENG-Premier League,2324,Brighton,Jakub Moder,POL,"MF,DF",24,1999,17,618,36,18.1,6.9,6,73,1,11,16,10,1.35,6,13,-7,-1.02,-1.02
ENG-Premier League,2324,Brighton,James Milner,ENG,"DF,MF",37,1986,15,773,52,22.6,8.6,11,63,1,4,20,2,1.47,10,12,-2,-0.23,-0.06
ENG-Premier League,2324,Brighton,Jan Paul van Hecke,NED,DF,23,2000,28,2369,85,69.3,26.3,26,90,26,2,15,4,1.32,40,38,2,0.08,0.85
ENG-Premier League,2324,Brighton,Jason Steele,ENG,GK,32,1990,17,1530,90,44.7,17.0,17,90,17,0,,21,1.12,24,34,-10,-0.59,-0.73
ENG-Premier League,2324,Brighton,Josh Duffus,ENG,MF,18,2005,0,,,,,0,,0,0,,1,,,,,,
ENG-Premier League,2324,Brighton,João Pedro,BRA,"MF,FW",21,2001,31,2045,66,59.8,22.7,19,85,9,12,36,0,1.29,32,38,-6,-0.26,-0.2
ENG-Premier League,2324,Brighton,Joël Veltman,NED,DF,31,1992,27,1588,59,46.4,17.6,17,80,13,10,22,2,1.3,28,32,-4,-0.23,-0.08
ENG-Premier League,2324,Brighton,Julio Enciso,PAR,MF,19,2004,12,475,40,13.9,5.3,5,65,0,7,22,1,1.25,8,11,-3,-0.57,-0.45
ENG-Premier League,2324,Brighton,Kaoru Mitoma,JPN,"MF,FW",26,1997,19,1486,78,43.5,16.5,15,88,12,4,42,0,1.42,31,27,4,0.24,0.75
ENG-Premier League,2324,Brighton,Leigh Kavanagh,IRL,DF,19,2003,0,,,,,0,,0,0,,4,,,,,,
ENG-Premier League,2324,Brighton,Lewis Dunk,ENG,DF,31,1991,33,2869,87,83.9,31.9,33,87,29,0,,0,1.3,49,52,-3,-0.09,0.56
ENG-Premier League,2324,Brighton,Luca Barrington,ENG,"FW,MF",18,2004,0,,,,,0,,0,0,,2,,,,,,
ENG-Premier League,2324,Brighton,Mahmoud Dahoud,GER,MF,27,1996,9,452,50,13.2,5.0,6,68,0,3,16,8,2.11,10,5,5,1.0,1.36
ENG-Premier League,2324,Brighton,Mark O'Mahony,IRL,FW,18,2005,3,63,21,1.8,0.7,1,45,0,2,9,8,0.33,0,1,-1,-1.43,-1.27
ENG-Premier League,2324,Brighton,Odeluga Offiah,ENG,DF,20,2002,4,128,32,3.7,1.4,1,73,0,3,18,4,0.25,1,3,-2,-1.41,-1.27
ENG-Premier League,2324,Brighton,Pascal Groß,GER,"MF,DF",32,1991,36,3114,87,91.1,34.6,34,90,32,2,33,0,1.25,50,50,0,0.0,2.06
ENG-Premier League,2324,Brighton,Pervis Estupiñán,ECU,"DF,MF",25,1998,19,1243,65,36.3,13.8,15,76,9,4,24,1,1.47,23,26,-3,-0.22,-0.05
ENG-Premier League,2324,Brighton,Samy Chouchane,TUN,MF,19,2003,0,,,,,0,,0,0,,1,,,,,,
ENG-Premier League,2324,Brighton,Simon Adingra,CIV,MF,21,2002,31,2222,72,65.0,24.7,25,83,10,6,26,1,1.19,34,38,-4,-0.16,0.06
ENG-Premier League,2324,Brighton,Solly March,ENG,"MF,DF",29,1994,7,554,79,16.2,6.2,7,79,2,0,,1,1.43,13,11,2,0.32,0.61
ENG-Premier League,2324,Brighton,Steven Alzate,COL,MF,24,1998,0,,,,,0,,0,0,,1,,,,,,
ENG-Premier League,2324,Brighton,Tariq Lamptey,GHA,"DF,MF",22,2000,19,914,48,26.7,10.2,10,67,1,9,27,0,1.32,12,20,-8,-0.79,-0.82
ENG-Premier League,2324,Brighton,Valentín Barco,ARG,DF,19,2004,6,307,51,9.0,3.4,3,87,2,3,16,4,0.5,1,9,-8,-2.35,-2.37
ENG-Premier League,2324,Burnley,Aaron Ramsey,ENG,MF,20,2003,14,527,38,15.4,5.9,5,68,0,9,21,3,0.36,4,17,-13,-2.22,-1.47
ENG-Premier League,2324,Burnley,Ameen Al-Dakhil,BEL,DF,21,2002,13,1056,81,30.9,11.7,12,86,11,1,21,2,0.38,10,26,-16,-1.36,-0.56
ENG-Premier League,2324,Burnley,Anass Zaroury,MAR,FW,22,2000,6,152,25,4.4,1.7,1,67,0,5,17,7,0.17,2,4,-2,-1.18,-0.22
ENG-Premier League,2324,Burnley,Arijanet Muric,KVX,GK,24,1998,10,900,90,26.3,10.0,10,90,10,0,,25,1.0,14,16,-2,-0.2,1.05
ENG-Premier League,2324,Burnley,Benson Manuel,ANG,MF,26,1997,8,116,15,3.4,1.3,1,45,0,7,10,13,0.13,0,5,-5,-3.88,-3.01
ENG-Premier League,2324,Burnley,CJ Egan-Riley,ENG,DF,20,2003,0,,,,,0,,0,0,,1,,,,,,
ENG-Premier League,2324,Burnley,Charlie Taylor,ENG,DF,29,1993,28,2331,83,68.2,25.9,25,88,22,3,40,2,0.75,31,46,-15,-0.58,1.24
ENG-Premier League,2324,Burnley,Connor Roberts,WAL,DF,27,1995,14,823,59,24.1,9.1,8,88,6,6,20,5,0.64,7,22,-15,-1.64,-0.88
ENG-Premier League,2324,Burnley,Dara O'Shea,IRL,DF,24,1999,33,2892,88,84.6,32.1,32,89,29,1,45,1,0.58,36,71,-35,-1.09,-0.75
ENG-Premier League,2324,Burnley,David Datro Fofana,CIV,FW,20,2002,15,879,59,25.7,9.8,10,80,5,5,15,1,0.73,10,18,-8,-0.82,0.21
ENG-Premier League,2324,Burnley,Han-Noah Massengo,FRA,MF,22,2001,3,16,5,0.5,0.2,0,,0,3,5,5,0.33,2,0,2,11.25,12.28
ENG-Premier League,2324,Burnley,Hannes Delcroix,HAI,DF,24,1999,12,589,49,17.2,6.5,5,86,4,7,23,10,0.67,6,25,-19,-2.9,-2.33
ENG-Premier League,2324,Burnley,Hjalmar Ekdal,SWE,DF,24,1998,8,437,55,12.8,4.9,5,75,0,3,21,12,0.88,2,7,-5,-1.03,-0.06
ENG-Premier League,2324,Burnley,Jack Cork,ENG,"DF,MF",34,1989,4,27,7,0.8,0.3,0,,0,4,7,18,0.25,1,0,1,3.33,4.34
ENG-Premier League,2324,Burnley,Jacob Bruun Larsen,DEN,MF,24,1998,32,1249,39,36.5,13.9,16,64,0,16,14,5,0.69,15,24,-9,-0.65,0.51
ENG-Premier League,2324,Burnley,James Trafford,ENG,GK,20,2002,28,2520,90,73.7,28.0,28,90,28,0,,8,0.5,27,62,-35,-1.25,-1.05
ENG-Premier League,2324,Burnley,Jay Rodriguez,ENG,FW,34,1989,21,822,39,24.0,9.1,7,80,4,14,19,14,0.62,11,18,-7,-0.77,0.27
ENG-Premier League,2324,Burnley,Jordan Beyer,GER,DF,23,2000,15,1234,82,36.1,13.7,15,82,10,0,,0,0.73,14,23,-9,-0.66,0.5
ENG-Premier League,2324,Burnley,Josh Brownhill,ENG,MF,27,1995,33,2252,68,65.8,25.0,23,87,18,10,26,4,0.67,27,52,-25,-1.0,-0.07
ENG-Premier League,2324,Burnley,Josh Cullen,IRL,MF,27,1996,25,2057,82,60.1,22.9,23,87,18,2,30,8,0.64,25,48,-23,-1.01,-0.08
ENG-Premier League,2324,Burnley,Jóhann Berg Guðmundsson,ISL,MF,32,1990,26,1192,46,34.9,13.2,12,68,1,14,27,5,0.5,20,25,-5,-0.38,0.92
ENG-Premier League,2324,Burnley,Lawrence Vigouroux,CHI,GK,29,1993,0,,,,,0,,0,0,,5,,,,,,
ENG-Premier League,2324,Burnley,Lorenz Assignon,TOG,DF,23,2000,15,1234,82,36.1,13.7,15,82,10,0,,0,0.73,14,30,-16,-1.17,-0.3
ENG-Premier League,2324,Burnley,Luca Koleosho,ITA,"MF,FW",18,2004,15,974,65,28.5,10.8,13,69,0,2,38,0,0.47,11,23,-12,-1.11,-0.19
ENG-Premier League,2324,Burnley,Lyle Foster,RSA,"FW,MF",22,2000,24,1899,79,55.5,21.1,22,84,10,2,24,0,0.79,22,43,-21,-1.0,-0.05
ENG-Premier League,2324,Burnley,Maxime Estève,FRA,DF,21,2002,16,1309,82,38.3,14.5,15,84,12,1,45,0,0.75,18,28,-10,-0.69,0.46
ENG-Premier League,2324,Burnley,Michael Obafemi,IRL,FW,23,2000,2,20,10,0.6,0.2,0,,0,2,10,4,1.5,1,0,1,4.5,5.51
ENG-Premier League,2324,Burnley,Mike Trésor,BEL,"MF,FW",24,1999,16,420,26,12.3,4.7,3,62,0,13,18,9,0.63,4,10,-6,-1.29,-0.36
ENG-Premier League,2324,Burnley,Nathan Redmond,ENG,"FW,MF",29,1994,12,142,12,4.2,1.6,0,,0,12,12,3,0.58,2,5,-3,-1.9,-0.97
ENG-Premier League,2324,Burnley,Sander Berge,NOR,MF,25,1998,37,3005,81,87.9,33.4,34,86,28,3,26,0,0.62,36,69,-33,-0.99,-0.12
ENG-Premier League,2324,Burnley,Vitinho,BRA,"DF,MF",24,1999,32,2314,72,67.7,25.7,26,85,16,6,20,2,0.63,31,43,-12,-0.47,1.57
ENG-Premier League,2324,Burnley,Wilson Odobert,FRA,"MF,FW",18,2004,29,2098,72,61.3,23.3,25,82,11,4,10,4,0.59,25,48,-23,-0.99,-0.03
ENG-Premier League,2324,Burnley,Zeki Amdouni,SUI,FW,22,2000,34,1953,57,57.1,21.7,27,69,2,7,14,4,0.62,20,41,-21,-0.97,0.01
ENG-Premier League,2324,Chelsea,Alex Matos,ENG,MF,18,2004,1,1,1,0.0,0.0,0,,0,1,1,12,3.0,0,0,0,0.0,-0.37
ENG-Premier League,2324,Chelsea,Alfie Gilchrist,ENG,DF,19,2003,11,207,19,6.1,2.3,2,81,0,9,5,14,2.27,8,6,2,0.87,0.53
ENG-Premier League,2324,Chelsea,Andrey Santos,BRA,MF,19,2004,0,,,,,0,,0,0,,1,,,,,,
ENG-Premier League,2324,Chelsea,Armando Broja,ALB,FW,21,2001,13,454,35,13.3,5.0,6,60,0,7,14,1,1.69,8,5,3,0.59,0.26
ENG-Premier League,2324,Chelsea,Axel Disasi,FRA,DF,25,1998,31,2579,83,75.4,28.7,29,89,27,2,5,4,1.52,50,50,0,0.0,-1.5
ENG-Premier League,2324,Chelsea,Bashir Humphreys,ENG,DF,20,2003,0,,,,,0,,0,0,,2,,,,,,
ENG-Premier League,2324,Chelsea,Ben Chilwell,ENG,"MF,DF",26,1996,13,756,58,22.1,8.4,9,77,3,4,17,1,1.23,13,14,-1,-0.12,-0.63
ENG-Premier League,2324,Chelsea,Benoît Badiashile,FRA,DF,22,2001,18,1338,74,39.1,14.9,15,88,13,3,7,7,1.67,31,30,1,0.07,-0.49
ENG-Premier League,2324,Chelsea,Carney Chukwuemeka,AUT,MF,19,2003,9,227,25,6.6,2.5,2,63,0,7,15,4,1.56,7,5,2,0.79,0.45
ENG-Premier League,2324,Chelsea,Cesare Casadei,ITA,MF,20,2003,11,79,7,2.3,0.9,0,,0,11,7,6,1.91,2,2,0,0.0,-0.38
ENG-Premier League,2324,Chelsea,Christopher Nkunku,FRA,"MF,FW",25,1997,11,443,40,13.0,4.9,2,71,0,9,34,1,2.0,12,12,0,0.0,-0.42
ENG-Premier League,2324,Chelsea,Cole Palmer,ENG,"MF,FW",21,2002,33,2607,79,76.2,29.0,29,86,14,4,26,0,1.7,66,46,20,0.69,1.35
ENG-Premier League,2324,Chelsea,Conor Gallagher,ENG,MF,23,2000,37,3128,85,91.5,34.8,37,85,28,0,,0,1.7,69,54,15,0.43,0.74
ENG-Premier League,2324,Chelsea,Deivid Washington,BRA,FW,18,2005,2,13,7,0.4,0.1,0,,0,2,7,17,1.5,1,1,0,0.0,-0.37
ENG-Premier League,2324,Chelsea,Diego Moreira,BEL,MF,18,2004,0,,,,,0,,0,0,,1,,,,,,
ENG-Premier League,2324,Chelsea,Eddie Beach,WAL,GK,19,2003,0,,,,,0,,0,0,,2,,,,,,
ENG-Premier League,2324,Chelsea,Enzo Fernández,ARG,MF,22,2001,28,2209,79,64.6,24.5,26,84,18,2,16,0,1.46,41,47,-6,-0.24,-1.73
ENG-Premier League,2324,Chelsea,Ian Maatsen,NED,MF,21,2002,12,209,17,6.1,2.3,1,57,0,11,14,8,1.67,2,5,-3,-1.29,-1.77
ENG-Premier League,2324,Chelsea,Ishé Samuels-Smith,ENG,DF,17,2006,0,,,,,0,,0,0,,1,,,,,,
ENG-Premier League,2324,Chelsea,Jimi Tauriainen,ENG,FW,19,2004,1,1,1,0.0,0.0,0,,0,1,1,4,3.0,0,0,0,0.0,-0.37
ENG-Premier League,2324,Chelsea,Joshua Acheampong,ENG,DF,17,2006,1,6,6,0.2,0.1,0,,0,1,6,3,3.0,0,0,0,0.0,-0.37
ENG-Premier League,2324,Chelsea,Joshua Brooking,ENG,DF,20,2002,0,,,,,0,,0,0,,1,,,,,,
ENG-Premier League,2324,Chelsea,Kiano Dyer,ENG,MF,16,2006,0,,,,,0,,0,0,,4,,,,,,
ENG-Premier League,2324,Chelsea,Leo Castledine,ENG,MF,17,2005,0,,,,,0,,0,0,,4,,,,,,
ENG-Premier League,2324,Chelsea,Lesley Ugochukwu,FRA,MF,19,2004,12,301,25,8.8,3.3,3,72,1,9,9,5,1.5,3,6,-3,-0.9,-1.39
ENG-Premier League,2324,Chelsea,Levi Colwill,ENG,DF,20,2003,23,1797,78,52.5,20.0,20,84,15,3,37,4,1.52,29,26,3,0.15,-0.46
ENG-Premier League,2324,Chelsea,Lucas Bergström,FIN,GK,20,2002,0,,,,,0,,0,0,,15,,,,,,
ENG-Premier League,2324,Chelsea,Malo Gusto,FRA,"DF,MF",20,2003,27,1751,65,51.2,19.5,19,83,8,8,21,1,1.81,38,27,11,0.57,0.4
ENG-Premier League,2324,Chelsea,Marc Cucurella,ESP,DF,25,1998,21,1782,85,52.1,19.8,20,87,16,1,45,6,1.81,50,33,17,0.86,1.02
ENG-Premier League,2324,Chelsea,Marcus Bettinelli,ENG,GK,31,1992,0,,,0.0,0.0,0,,0,0,,17,0.0,1,2,-1,,
ENG-Premier League,2324,Chelsea,Mason Burstow,ENG,FW,19,2003,2,9,5,0.3,0.1,0,,0,2,5,1,1.5,0,1,-1,-10.0,-10.4
ENG-Premier League,2324,Chelsea,Moisés Caicedo,ECU,MF,21,2001,35,2866,82,83.8,31.8,33,85,23,2,26,0,1.74,67,51,16,0.5,0.83
ENG-Premier League,2324,Chelsea,Mykhailo Mudryk,UKR,MF,22,2001,31,1576,51,46.1,17.5,18,71,2,13,23,4,1.52,40,28,12,0.69,0.59
ENG-Premier League,2324,Chelsea,Nicolas Jackson,SEN,FW,22,2001,35,2799,80,81.8,31.1,31,86,17,4,31,0,1.63,64,47,17,0.55,0.98
ENG-Premier League,2324,Chelsea,Noni Madueke,ENG,MF,21,2002,23,1053,46,30.8,11.7,13,70,2,10,14,10,1.74,28,18,10,0.85,0.7
ENG-Premier League,2324,Chelsea,Ollie Harrison,ENG,MF,15,2007,0,,,,,0,,0,0,,1,,,,,,
ENG-Premier League,2324,Chelsea,Raheem Sterling,ENG,MF,28,1994,31,1978,64,57.8,22.0,22,82,9,9,20,3,1.48,41,39,2,0.09,-0.66
ENG-Premier League,2324,Chelsea,Reece James,ENG,"DF,MF",23,1999,10,419,42,12.3,4.7,5,62,0,5,21,0,1.2,8,10,-2,-0.43,-0.91
ENG-Premier League,2324,Chelsea,Robert Sánchez,ESP,GK,25,1997,16,1433,90,41.9,15.9,16,90,15,0,,2,1.19,26,25,1,0.06,-0.53
ENG-Premier League,2324,Chelsea,Roméo Lavia,BEL,MF,19,2004,1,33,33,1.0,0.4,0,,0,1,33,1,3.0,1,0,1,2.73,2.38
ENG-Premier League,2324,Chelsea,Ronnie Stutter,ENG,FW,18,2005,0,,,,,0,,0,0,,1,,,,,,
ENG-Premier League,2324,Chelsea,Ted Curd,ENG,GK,17,2006,0,,,,,0,,0,0,,1,,,,,,
ENG-Premier League,2324,Chelsea,Teddy Sharman,ENG,GK,20,2003,0,,,,,0,,0,0,,1,,,,,,
ENG-Premier League,2324,Chelsea,Thiago Silva,BRA,DF,38,1984,31,2527,82,73.9,28.1,28,89,25,3,15,5,1.65,58,45,13,0.46,0.36
ENG-Premier League,2324,Chelsea,Trevoh Chalobah,ENG,DF,24,1999,13,952,73,27.8,10.6,10,89,9,3,20,1,2.15,31,14,17,1.61,1.72
ENG-Premier League,2324,Chelsea,Tyrique George,ENG,FW,17,2006,0,,,,,0,,0,0,,3,,,,,,
ENG-Premier League,2324,Chelsea,Zak Sturge,ENG,DF,19,2004,0,,,,,0,,0,0,,1,,,,,,
ENG-Premier League,2324,Chelsea,Đorđe Petrović,SRB,GK,23,1999,23,1987,86,58.1,22.1,22,90,22,1,7,12,1.91,51,38,13,0.59,0.53
ENG-Premier League,2324,Crystal Palace,Adam Wharton,ENG,MF,19,2004,16,1297,81,37.9,14.4,15,82,6,1,63,0,1.56,27,16,11,0.76,1.27
ENG-Premier League,2324,Crystal Palace,Ademola Ola-Adebomi,ENG,FW,19,2004,0,,,,,0,,0,0,,3,,,,,,
ENG-Premier League,2324,Crystal Palace,Cheick Doucouré,MLI,MF,23,2000,11,919,84,26.9,10.2,11,84,8,0,,1,1.27,9,11,-2,-0.2,-0.23
ENG-Premier League,2324,Crystal Palace,Chris Richards,USA,"DF,MF",23,2000,26,2094,81,61.2,23.3,23,90,23,3,8,9,1.46,43,38,5,0.21,0.62
ENG-Premier League,2324,Crystal Palace,Daniel Muñoz,COL,"MF,DF",27,1996,16,1439,90,42.1,16.0,16,90,15,0,,0,1.56,32,22,10,0.63,1.13
ENG-Premier League,2324,Crystal Palace,David Ozoh,ENG,MF,18,2005,9,156,17,4.6,1.7,0,,0,9,17,15,1.0,2,5,-3,-1.73,-1.79
ENG-Premier League,2324,Crystal Palace,Dean Henderson,ENG,GK,26,1997,18,1620,90,47.4,18.0,18,90,18,0,,7,1.56,36,30,6,0.33,0.68
ENG-Premier League,2324,Crystal Palace,Eberechi Eze,ENG,"MF,FW",25,1998,27,2055,76,60.1,22.8,24,83,12,3,18,0,1.56,41,28,13,0.57,1.49
ENG-Premier League,2324,Crystal Palace,Franco Umeh-Chibueze,IRL,MF,18,2005,0,,,,,0,,0,0,,5,,,,,,
ENG-Premier League,2324,Crystal Palace,Jadan Raymond,WAL,MF,19,2003,0,,,,,0,,0,0,,2,,,,,,
ENG-Premier League,2324,Crystal Palace,James Tomkins,ENG,"DF,MF",34,1989,4,10,3,0.3,0.1,0,,0,4,3,24,2.25,0,2,-2,-18.0,-18.03
ENG-Premier League,2324,Crystal Palace,Jaïro Riedewald,NED,MF,26,1996,9,235,26,6.9,2.6,2,77,0,7,12,20,2.33,2,3,-1,-0.38,-0.38
ENG-Premier League,2324,Crystal Palace,Jean-Philippe Mateta,FRA,FW,26,1997,35,2282,65,66.7,25.4,25,83,13,10,21,2,1.23,46,44,2,0.08,0.32
ENG-Premier League,2324,Crystal Palace,Jefferson Lerma,COL,"MF,DF",28,1994,28,2400,86,70.2,26.7,27,88,22,1,15,0,1.07,32,46,-14,-0.52,-1.67
ENG-Premier League,2324,Crystal Palace,Jeffrey Schlupp,GHA,"MF,FW",30,1992,29,1352,47,39.5,15.0,17,70,2,12,14,3,1.34,12,25,-13,-0.87,-1.39
ENG-Premier League,2324,Crystal Palace,Jesurun Rak Sakyi,ENG,"FW,MF",20,2002,6,136,23,4.0,1.5,0,,0,6,23,7,0.33,1,3,-2,-1.32,-1.35
ENG-Premier League,2324,Crystal Palace,Joachim Andersen,DEN,DF,27,1996,38,3415,90,99.9,37.9,38,90,36,0,,0,1.29,57,58,-1,-0.03,-0.03
ENG-Premier League,2324,Crystal Palace,Joel Ward,ENG,DF,33,1989,26,1980,76,57.9,22.0,23,85,19,3,6,5,1.19,23,34,-11,-0.5,-1.12
ENG-Premier League,2324,Crystal Palace,John-Kymani Gordon,ENG,"FW,MF",20,2003,0,,,,,0,,0,0,,3,,,,,,
ENG-Premier League,2324,Crystal Palace,Jordan Ayew,GHA,"MF,FW",31,1991,35,2543,73,74.4,28.3,30,82,17,5,19,1,1.29,33,37,-4,-0.14,-0.45
ENG-Premier League,2324,Crystal Palace,Joseph Whitworth,ENG,GK,19,2004,0,,,,,0,,0,0,,1,,,,,,
ENG-Premier League,2324,Crystal Palace,Kaden Rodney,ENG,"DF,MF",18,2004,0,,,,,0,,0,0,,2,,,,,,
ENG-Premier League,2324,Crystal Palace,Luke Plange,ENG,FW,20,2002,0,,,,,0,,0,0,,3,,,,,,
ENG-Premier League,2324,Crystal Palace,Malcolm Ebiowei,ENG,MF,19,2003,0,,,,,0,,0,0,,10,,,,,,
ENG-Premier League,2324,Crystal Palace,Marc Guéhi,ENG,DF,23,2000,25,2021,81,59.1,22.5,23,86,19,2,17,0,1.32,30,32,-2,-0.09,-0.15
ENG-Premier League,2324,Crystal Palace,Matheus França,BRA,MF,19,2004,10,232,23,6.8,2.6,1,83,0,9,17,9,0.7,7,7,0,0.0,0.03
ENG-Premier League,2324,Crystal Palace,Michael Olise,FRA,"MF,FW",21,2001,19,1275,67,37.3,14.2,14,85,9,5,18,0,1.47,34,19,15,1.06,1.73
ENG-Premier League,2324,Crystal Palace,Naouirou Ahamada,FRA,MF,21,2002,20,349,17,10.2,3.9,0,,0,20,17,14,0.85,13,14,-1,-0.26,-0.26
ENG-Premier League,2324,Crystal Palace,Nathaniel Clyne,ENG,DF,32,1991,19,1338,70,39.1,14.9,14,87,10,5,24,18,1.53,31,16,15,1.01,1.7
ENG-Premier League,2324,Crystal Palace,Odsonne Édouard,FRA,"FW,MF",25,1998,30,1555,52,45.5,17.3,17,81,5,13,14,3,1.23,14,24,-10,-0.58,-1.01
ENG-Premier League,2324,Crystal Palace,Remi Matthews,ENG,GK,29,1994,1,4,4,0.1,0.0,0,,0,1,4,28,0.0,0,1,-1,-22.5,-22.5
ENG-Premier League,2324,Crystal Palace,Rob Holding,ENG,DF,27,1995,0,,,,,0,,0,0,,10,,,,,,
ENG-Premier League,2324,Crystal Palace,Roshaun Mathurin,ENG,FW,19,2004,0,,,,,0,,0,0,,2,,,,,,
ENG-Premier League,2324,Crystal Palace,Sam Johnstone,ENG,GK,30,1993,20,1796,90,52.5,20.0,20,90,19,0,,4,1.05,21,27,-6,-0.3,-0.58
ENG-Premier League,2324,Crystal Palace,Tayo Adaramola,IRL,"DF,MF",19,2003,0,,,,,0,,0,0,,2,,,,,,
ENG-Premier League,2324,Crystal Palace,Tyrick Mitchell,ENG,"DF,MF",23,1999,37,3204,87,93.7,35.6,37,87,31,0,,0,1.32,52,55,-3,-0.08,-0.92
ENG-Premier League,2324,Crystal Palace,Will Hughes,ENG,MF,28,1995,30,1891,63,55.3,21.0,23,78,8,7,15,1,1.23,29,37,-8,-0.38,-0.79
ENG-Premier League,2324,Everton,Abdoulaye Doucouré,MLI,MF,30,1993,32,2629,82,76.9,29.2,32,82,17,0,,0,1.44,33,35,-2,-0.07,0.96
ENG-Premier League,2324,Everton,Alex Iwobi,NGA,MF,27,1996,2,140,70,4.1,1.6,2,70,1,0,,0,0.0,0,4,-4,-2.57,-2.38
ENG-Premier League,2324,Everton,Amadou Onana,BEL,MF,21,2001,30,2091,70,61.1,23.2,23,83,16,7,27,1,1.1,21,37,-16,-0.69,-1.03
ENG-Premier League,2324,Everton,André Gomes,POR,MF,30,1993,12,508,42,14.9,5.6,3,73,1,9,32,4,0.92,6,7,-1,-0.18,0.13
ENG-Premier League,2324,Everton,Andy Lonergan,IRL,GK,39,1983,0,,,,,0,,0,0,,10,,,,,,
ENG-Premier League,2324,Everton,Arnaut Danjuma,NED,"MF,FW",26,1997,14,595,43,17.4,6.6,5,84,2,9,19,14,0.43,3,10,-7,-1.06,-0.93
ENG-Premier League,2324,Everton,Ashley Young,ENG,"DF,MF",38,1985,31,2280,74,66.7,25.3,27,81,14,4,21,1,1.32,28,33,-5,-0.2,0.28
ENG-Premier League,2324,Everton,Ben Godfrey,ENG,DF,25,1998,15,1120,75,32.7,12.4,13,86,10,2,1,23,1.07,12,13,-1,-0.08,0.31
ENG-Premier League,2324,Everton,Beto,GNB,FW,25,1998,30,951,32,27.8,10.6,9,72,2,21,15,2,1.2,16,20,-4,-0.38,-0.12
ENG-Premier League,2324,Everton,Dominic Calvert-Lewin,ENG,FW,26,1997,32,2171,68,63.5,24.1,26,78,4,6,26,0,1.28,26,27,-1,-0.04,0.68
ENG-Premier League,2324,Everton,Dwight McNeil,ENG,MF,23,1999,35,2892,83,84.6,32.1,33,86,24,2,22,0,1.37,37,38,-1,-0.03,1.67
ENG-Premier League,2324,Everton,Elijah Campbell,ENG,DF,18,2004,0,,,,,0,,0,0,,1,,,,,,
ENG-Premier League,2324,Everton,Idrissa Gana Gueye,SEN,MF,33,1989,25,1884,75,55.1,20.9,24,77,12,1,45,3,1.36,23,26,-3,-0.14,0.33
ENG-Premier League,2324,Everton,Jack Harrison,ENG,MF,26,1996,29,2214,76,64.7,24.6,25,84,17,4,31,1,1.38,27,25,2,0.08,1.05
ENG-Premier League,2324,Everton,James Garner,ENG,MF,22,2001,37,3004,81,87.8,33.4,34,86,29,3,22,0,1.22,36,47,-11,-0.33,-0.33
ENG-Premier League,2324,Everton,James Tarkowski,ENG,DF,30,1992,38,3419,90,100.0,38.0,38,90,37,0,,0,1.26,40,51,-11,-0.29,-0.29
ENG-Premier League,2324,Everton,Jarrad Branthwaite,ENG,DF,21,2002,35,3116,89,91.1,34.6,35,89,34,0,,2,1.29,38,44,-6,-0.17,1.31
ENG-Premier League,2324,Everton,Jenson Metcalfe,ENG,MF,18,2004,0,,,,,0,,0,0,,4,,,,,,
ENG-Premier League,2324,Everton,Jordan Pickford,ENG,GK,29,1994,38,3420,90,100.0,38.0,38,90,38,0,,0,1.26,40,51,-11,-0.29,
ENG-Premier League,2324,Everton,João Virgínia,POR,GK,23,1999,0,,,,,0,,0,0,,38,,,,,,
ENG-Premier League,2324,Everton,Lewis Dobbin,ENG,MF,20,2003,12,232,19,6.8,2.6,1,65,0,11,15,16,0.92,2,3,-1,-0.39,-0.11
ENG-Premier League,2324,Everton,Lewis Warrington,ENG,MF,20,2002,1,1,1,0.0,0.0,0,,0,1,1,7,3.0,0,0,0,0.0,0.29
ENG-Premier League,2324,Everton,Mackenzie Hunt,UAE,"DF,MF",21,2001,0,,,,,0,,0,0,,17,,,,,,
ENG-Premier League,2324,Everton,Michael Keane,ENG,DF,30,1993,9,439,49,12.8,4.9,4,83,3,5,21,26,0.67,2,13,-11,-2.26,-2.26
ENG-Premier League,2324,Everton,Nathan Patterson,SCO,DF,21,2001,20,1005,50,29.4,11.2,9,87,8,11,20,12,1.05,12,21,-9,-0.81,-0.73
ENG-Premier League,2324,Everton,Neal Maupay,FRA,FW,26,1996,2,111,56,3.2,1.2,1,71,0,1,40,1,0.0,0,1,-1,-0.81,-0.54
ENG-Premier League,2324,Everton,Séamus Coleman,IRL,DF,34,1988,12,665,55,19.4,7.4,7,80,5,5,21,6,1.08,5,10,-5,-0.68,-0.48
ENG-Premier League,2324,Everton,Thomas Cannon,IRL,FW,20,2002,1,1,1,0.0,0.0,0,,0,1,1,2,0.0,0,0,0,0.0,0.29
ENG-Premier League,2324,Everton,Tyler Onyango,ENG,MF,20,2003,1,1,1,0.0,0.0,0,,0,1,1,4,0.0,0,0,0,0.0,0.29
ENG-Premier League,2324,Everton,Vitaliy Mykolenko,UKR,DF,24,1999,28,2469,88,72.2,27.4,28,88,25,0,,4,1.32,30,37,-7,-0.26,0.12
ENG-Premier League,2324,Everton,William Crellin,ENG,GK,23,2000,0,,,,,0,,0,0,,1,,,,,,
ENG-Premier League,2324,Everton,Youssef Chermiti,POR,FW,19,2004,18,208,12,6.1,2.3,1,89,0,17,7,18,1.33,3,4,-1,-0.43,-0.15
ENG-Premier League,2324,Fulham,Adama Traoré,ESP,MF,27,1996,17,377,22,11.0,4.2,1,78,0,16,19,2,1.06,11,13,-2,-0.48,-0.36
ENG-Premier League,2324,Fulham,Aleksandar Mitrović,SRB,FW,28,1994,1,33,33,1.0,0.4,0,,0,1,33,0,3.0,1,0,1,2.73,2.91
ENG-Premier League,2324,Fulham,Alex Iwobi,NGA,MF,27,1996,30,2192,73,64.1,24.4,25,81,9,5,34,0,1.27,38,38,0,0.0,0.44
ENG-Premier League,2324,Fulham,Andreas Pereira,BRA,MF,27,1996,37,2613,71,76.4,29.0,34,74,5,3,28,1,1.19,39,40,-1,-0.03,0.52
ENG-Premier League,2324,Fulham,Antonee Robinson,USA,DF,25,1997,37,3265,88,95.5,36.3,37,88,32,0,,0,1.19,52,60,-8,-0.22,-1.38
ENG-Premier League,2324,Fulham,Armando Broja,ALB,FW,21,2001,8,88,11,2.6,1.0,0,,0,8,11,4,1.38,2,4,-2,-2.05,-1.94
ENG-Premier League,2324,Fulham,Bernd Leno,GER,GK,31,1992,38,3420,90,100.0,38.0,38,90,38,0,,0,1.24,55,61,-6,-0.16,
ENG-Premier League,2324,Fulham,Bobby De Cordova-Reid,JAM,"MF,FW",30,1993,33,1423,43,41.6,15.8,17,69,1,16,16,5,1.24,22,29,-7,-0.44,-0.49
ENG-Premier League,2324,Fulham,Calvin Bassey,NGA,DF,23,1999,29,2303,79,67.3,25.6,25,90,24,4,15,4,1.31,44,42,2,0.08,0.72
ENG-Premier League,2324,Fulham,Carlos Vinícius,BRA,FW,28,1995,13,315,24,9.2,3.5,2,61,0,11,18,7,1.23,6,5,1,0.29,0.49
ENG-Premier League,2324,Fulham,Devan Tanton,COL,DF,19,2004,0,,,,,0,,0,0,,1,,,,,,
ENG-Premier League,2324,Fulham,Fodé Ballo-Touré,SEN,"DF,MF",26,1997,6,71,12,2.1,0.8,0,,0,6,12,16,2.0,2,1,1,1.27,1.46
ENG-Premier League,2324,Fulham,Harrison Reed,ENG,MF,28,1995,27,1325,49,38.7,14.7,15,78,6,12,13,10,1.52,22,23,-1,-0.07,0.15
ENG-Premier League,2324,Fulham,Harry Wilson,WAL,"MF,FW",26,1997,35,1620,46,47.4,18.0,16,76,5,19,22,1,1.26,21,30,-9,-0.5,-0.65
ENG-Premier League,2324,Fulham,Issa Diop,MAR,DF,26,1997,18,1424,79,41.6,15.8,16,88,13,2,11,3,1.28,12,25,-13,-0.82,-1.14
ENG-Premier League,2324,Fulham,Jay Stansfield,ENG,"FW,MF",20,2002,0,,,,,0,,0,0,,1,,,,,,
ENG-Premier League,2324,Fulham,Joshua King,ENG,MF,16,2007,0,,,,,0,,0,0,,2,,,,,,
ENG-Premier League,2324,Fulham,João Palhinha,POR,MF,28,1995,33,2699,82,78.9,30.0,31,86,18,2,23,0,1.06,43,46,-3,-0.1,0.27
ENG-Premier League,2324,Fulham,Kenny Tete,NED,DF,27,1995,14,867,62,25.4,9.6,10,82,5,4,13,14,1.07,14,21,-7,-0.73,-0.76
ENG-Premier League,2324,Fulham,Kevin Mbabu,SUI,"DF,MF",28,1995,0,,,,,0,,0,0,,3,,,,,,
ENG-Premier League,2324,Fulham,Kristian Sekularac,SUI,MF,19,2003,0,,,,,0,,0,0,,2,,,,,,
ENG-Premier League,2324,Fulham,Luc De Fougerolles,CAN,DF,17,2005,0,,,,,0,,0,0,,5,,,,,,
ENG-Premier League,2324,Fulham,Luke Harris,WAL,MF,18,2005,1,75,75,2.2,0.8,0,,0,1,75,4,0.0,1,5,-4,-4.8,-4.75
ENG-Premier League,2324,Fulham,Marek Rodák,SVK,GK,26,1996,0,,,0.0,0.0,0,,0,0,,37,1.0,2,2,0,,
ENG-Premier League,2324,Fulham,Matt Dibley-Dias,NZL,MF,19,2004,0,,,,,0,,0,0,,1,,,,,,
ENG-Premier League,2324,Fulham,Raúl Jiménez,MEX,FW,32,1991,24,1395,58,40.8,15.5,18,71,4,6,19,5,1.25,25,26,-1,-0.06,0.16
ENG-Premier League,2324,Fulham,Rodrigo Muniz,BRA,FW,22,2001,26,1593,61,46.6,17.7,18,80,7,8,18,7,1.04,24,27,-3,-0.17,-0.02
ENG-Premier League,2324,Fulham,Saša Lukić,SRB,MF,26,1996,24,1122,47,32.8,12.5,13,77,5,11,12,9,1.08,14,20,-6,-0.48,-0.48
ENG-Premier League,2324,Fulham,Tim Ream,USA,DF,35,1987,18,1503,84,43.9,16.7,17,87,15,1,16,13,1.22,24,29,-5,-0.3,-0.25
ENG-Premier League,2324,Fulham,Timothy Castagne,BEL,DF,27,1995,34,2634,77,77.0,29.3,29,88,25,5,16,1,1.26,41,40,1,0.03,0.84
ENG-Premier League,2324,Fulham,Tom Cairney,SCO,MF,32,1991,34,1488,44,43.5,16.5,14,77,6,20,21,4,1.18,28,27,1,0.06,0.39
ENG-Premier League,2324,Fulham,Tosin Adarabioyo,ENG,DF,25,1997,20,1617,81,47.3,18.0,18,90,17,2,2,2,1.4,28,25,3,0.17,0.62
ENG-Premier League,2324,Fulham,Tyrese Francois,AUS,MF,23,2000,0,,,,,0,,0,0,,5,,,,,,
ENG-Premier League,2324,Fulham,Willian,BRA,"MF,FW",34,1988,31,2053,66,60.0,22.8,24,77,9,7,29,2,1.29,33,28,5,0.22,0.94
ENG-Premier League,2324,Liverpool,Adrián,ESP,GK,36,1987,0,,,,,0,,0,0,,15,,,,,,
ENG-Premier League,2324,Liverpool,Alexis Mac Allister,ARG,MF,24,1998,33,2599,79,76.0,28.9,31,83,17,2,17,0,2.15,62,34,28,0.97,-0.89
ENG-Premier League,2324,Liverpool,Alisson,BRA,GK,30,1992,28,2520,90,73.7,28.0,28,90,28,0,,0,2.0,60,30,30,1.07,-0.43
ENG-Premier League,2324,Liverpool,Amara Nallo,ENG,DF,16,2006,0,,,,,0,,0,0,,1,,,,,,
ENG-Premier League,2324,Liverpool,Andrew Robertson,SCO,DF,29,1994,23,1693,74,49.5,18.8,18,86,14,5,28,0,2.04,43,22,21,1.12,-0.13
ENG-Premier League,2324,Liverpool,Ben Gannon-Doak,SCO,MF,17,2005,1,14,14,0.4,0.2,0,,0,1,14,8,1.0,0,0,0,0.0,-1.19
ENG-Premier League,2324,Liverpool,Bobby Clark,ENG,MF,18,2005,5,89,18,2.6,1.0,1,59,0,4,8,6,3.0,2,0,2,2.02,0.86
ENG-Premier League,2324,Liverpool,Calum Scanlon,ENG,MF,18,2005,0,,,,,0,,0,0,,2,,,,,,
ENG-Premier League,2324,Liverpool,Caoimhín Kelleher,IRL,GK,24,1998,10,900,90,26.3,10.0,10,90,10,0,,27,2.6,26,11,15,1.5,0.43
ENG-Premier League,2324,Liverpool,Cody Gakpo,NED,"FW,MF",24,1999,35,1649,47,48.2,18.3,17,73,3,18,23,0,2.23,52,19,33,1.8,1.19
ENG-Premier League,2324,Liverpool,Conor Bradley,NIR,DF,20,2003,11,753,68,22.0,8.4,10,73,2,1,20,8,2.36,18,7,11,1.31,0.17
ENG-Premier League,2324,Liverpool,Curtis Jones,ENG,MF,22,2001,23,1167,51,34.1,13.0,14,70,4,9,20,4,1.96,31,17,14,1.08,-0.16
ENG-Premier League,2324,Liverpool,Darwin Núñez,URU,FW,24,1999,36,2047,57,59.9,22.7,22,79,9,14,21,1,2.19,48,25,23,1.01,-0.43
ENG-Premier League,2324,Liverpool,Diogo Jota,POR,FW,26,1996,21,1145,55,33.5,12.7,14,71,3,7,22,1,2.29,33,10,23,1.81,0.94
ENG-Premier League,2324,Liverpool,Dominik Szoboszlai,HUN,MF,22,2000,33,2104,64,61.5,23.4,25,79,12,8,15,0,2.12,42,23,19,0.81,-0.97
ENG-Premier League,2324,Liverpool,Fabian Mrozek,POL,GK,19,2003,0,,,,,0,,0,0,,1,,,,,,
ENG-Premier League,2324,Liverpool,Harvey Elliott,ENG,"MF,FW",20,2003,34,1352,40,39.5,15.0,11,77,4,23,22,4,2.15,41,13,28,1.86,1.12
ENG-Premier League,2324,Liverpool,Ibrahima Konaté,FRA,DF,24,1999,22,1574,72,46.0,17.5,17,87,14,5,20,11,2.0,38,17,21,1.2,0.03
ENG-Premier League,2324,Liverpool,James McConnell,ENG,MF,18,2004,3,4,1,0.1,0.0,0,,0,3,1,15,3.0,1,0,1,22.5,21.34
ENG-Premier League,2324,Liverpool,Jarell Quansah,ENG,DF,20,2003,17,1190,70,34.8,13.2,13,87,10,4,16,17,2.35,31,16,15,1.13,-0.08
ENG-Premier League,2324,Liverpool,Jayden Danns,ENG,FW,17,2006,2,9,5,0.3,0.1,0,,0,2,5,4,3.0,2,0,2,20.0,18.87
ENG-Premier League,2324,Liverpool,Joe Gomez,ENG,DF,26,1997,32,1786,56,52.2,19.8,17,85,12,15,23,4,2.22,47,19,28,1.41,0.47
ENG-Premier League,2324,Liverpool,Joël Matip,CMR,DF,31,1991,10,781,78,22.8,8.7,9,84,6,1,25,4,2.3,20,9,11,1.27,0.11
ENG-Premier League,2324,Liverpool,Kaide Gordon,ENG,FW,18,2004,1,1,1,0.0,0.0,0,,0,1,1,1,3.0,0,0,0,0.0,-1.18
ENG-Premier League,2324,Liverpool,Kostas Tsimikas,GRE,DF,27,1996,13,679,52,19.9,7.5,8,79,6,5,9,17,2.15,16,7,9,1.19,0.01
ENG-Premier League,2324,Liverpool,Lewis Koumas,WAL,MF,17,2005,0,,,,,0,,0,0,,3,,,,,,
ENG-Premier League,2324,Liverpool,Luis Díaz,COL,FW,26,1997,37,2629,71,76.9,29.2,32,78,11,5,24,0,2.14,67,33,34,1.16,-0.09
ENG-Premier League,2324,Liverpool,Luke Chambers,ENG,"DF,MF",19,2004,0,,,,,0,,0,0,,4,,,,,,
ENG-Premier League,2324,Liverpool,Marcelo Pitaluga,BRA,GK,20,2002,0,,,,,0,,0,0,,1,,,,,,
ENG-Premier League,2324,Liverpool,Mohamed Salah,EGY,FW,31,1992,32,2534,79,74.1,28.2,28,87,22,4,27,0,2.09,58,30,28,0.99,-0.73
ENG-Premier League,2324,Liverpool,Owen Beck,WAL,"DF,MF",20,2002,1,8,8,0.2,0.1,0,,0,1,8,0,3.0,1,0,1,11.25,10.09
ENG-Premier League,2324,Liverpool,Ryan Gravenberch,NED,MF,21,2002,26,1121,43,32.8,12.5,12,68,1,14,22,5,2.23,28,18,10,0.8,-0.57
ENG-Premier League,2324,Liverpool,Stefan Bajcetic,ESP,MF,18,2004,1,26,26,0.8,0.3,0,,0,1,26,6,3.0,0,2,-2,-6.92,-8.17
ENG-Premier League,2324,Liverpool,Thiago Alcántara,ESP,MF,32,1991,1,6,6,0.2,0.1,0,,0,1,6,0,0.0,0,1,-1,-15.0,-16.21
ENG-Premier League,2324,Liverpool,Trent Alexander-Arnold,ENG,DF,24,1998,28,2155,77,63.0,23.9,25,83,14,3,28,0,2.0,53,28,25,1.04,-0.38
ENG-Premier League,2324,Liverpool,Trey Nyoni,ENG,MF,16,2007,0,,,,,0,,0,0,,2,,,,,,
ENG-Premier League,2324,Liverpool,Virgil van Dijk,NED,DF,32,1991,36,3177,88,92.9,35.3,36,88,35,0,,0,2.11,78,40,38,1.08,-1.52
ENG-Premier League,2324,Liverpool,Wataru Endo,JPN,MF,30,1993,29,1722,59,50.4,19.1,20,79,11,9,15,4,2.21,42,16,26,1.36,0.35
ENG-Premier League,2324,Luton Town,Aidan Francis,ENG,DF,19,2004,0,,,,,0,,0,0,,2,,,,,,
ENG-Premier League,2324,Luton Town,Albert Sambi Lokonga,BEL,MF,23,1999,17,1303,77,38.1,14.5,16,80,8,1,19,0,0.76,22,31,-9,-0.62,0.4
ENG-Premier League,2324,Luton Town,Alfie Doughty,ENG,"MF,DF",23,1999,37,2925,79,85.5,32.5,34,84,18,3,22,0,0.7,46,74,-28,-0.86,0.05
ENG-Premier League,2324,Luton Town,Allan Campbell,SCO,MF,25,1998,0,,,,,0,,0,0,,1,,,,,,
ENG-Premier League,2324,Luton Town,Amari'i Bell,JAM,DF,29,1994,21,1720,82,50.3,19.1,21,82,18,0,,0,0.86,30,41,-11,-0.58,0.59
ENG-Premier League,2324,Luton Town,Andros Townsend,ENG,"MF,FW",32,1991,27,1210,45,35.4,13.4,14,67,1,13,21,3,0.78,16,26,-10,-0.74,0.19
ENG-Premier League,2324,Luton Town,Axel Piesold,ENG,MF,18,2005,0,,,,,0,,0,0,,9,,,,,,
ENG-Premier League,2324,Luton Town,Carlton Morris,ENG,"FW,MF",27,1995,38,2862,75,83.7,31.8,32,86,22,6,21,0,0.68,40,73,-33,-1.04,-1.04
ENG-Premier League,2324,Luton Town,Cauley Woodrow,ENG,FW,28,1994,24,427,18,12.5,4.7,2,62,0,22,14,8,0.63,10,12,-2,-0.42,0.51
ENG-Premier League,2324,Luton Town,Chiedozie Ogbene,IRL,MF,26,1997,30,1995,67,58.3,22.2,20,87,14,10,27,0,0.73,35,47,-12,-0.54,0.78
ENG-Premier League,2324,Luton Town,Christian Chigozie,ENG,DF,16,2007,0,,,,,0,,0,0,,2,,,,,,
ENG-Premier League,2324,Luton Town,Daiki Hashioka,JPN,"DF,MF",24,1999,10,595,60,17.4,6.6,6,77,3,4,33,3,0.4,10,21,-11,-1.66,-0.96
ENG-Premier League,2324,Luton Town,Dan Potts,ENG,DF,29,1994,0,,,,,0,,0,0,,4,,,,,,
ENG-Premier League,2324,Luton Town,Dominic Martins,POR,MF,17,2005,0,,,,,0,,0,0,,2,,,,,,
ENG-Premier League,2324,Luton Town,Elijah Adebayo,ENG,FW,25,1998,27,1419,53,41.5,15.8,16,77,5,11,16,0,0.78,30,35,-5,-0.32,0.94
ENG-Premier League,2324,Luton Town,Fred Onyedinma,ENG,MF,26,1996,8,407,51,11.9,4.5,4,76,0,4,26,1,0.5,6,14,-8,-1.77,-1.02
ENG-Premier League,2324,Luton Town,Gabriel Osho,NGA,DF,24,1998,21,1846,88,54.0,20.5,21,88,19,0,,1,0.81,31,47,-16,-0.78,0.19
ENG-Premier League,2324,Luton Town,Issa Kaboré,BFA,"MF,DF",22,2001,24,1729,72,50.6,19.2,21,79,13,3,24,4,0.58,23,39,-16,-0.83,0.07
ENG-Premier League,2324,Luton Town,Jacob Brown,SCO,"MF,FW",25,1998,19,1019,54,29.8,11.3,12,73,4,7,21,2,0.84,16,26,-10,-0.88,-0.02
ENG-Premier League,2324,Luton Town,James Shea,ENG,GK,32,1991,1,15,15,0.4,0.2,0,,0,1,15,13,0.0,0,0,0,0.0,0.87
ENG-Premier League,2324,Luton Town,Jayden Luker,ENG,MF,18,2005,0,,,,,0,,0,0,,4,,,,,,
ENG-Premier League,2324,Luton Town,John McAtee,ENG,"FW,MF",24,1999,0,,,,,0,,0,0,,1,,,,,,
ENG-Premier League,2324,Luton Town,Jordan Clark,ENG,MF,29,1993,23,1304,57,38.1,14.5,14,78,4,9,24,4,0.57,22,41,-19,-1.31,-0.72
ENG-Premier League,2324,Luton Town,Joseph Johnson,ENG,DF,17,2006,2,77,39,2.3,0.9,0,,0,2,39,17,0.0,2,5,-3,-3.51,-2.7
ENG-Premier League,2324,Luton Town,Luke Berry,ENG,MF,31,1992,17,323,19,9.4,3.6,2,69,0,15,12,16,0.59,8,8,0,0.0,0.96
ENG-Premier League,2324,Luton Town,Mads Juel Andersen,DEN,DF,25,1997,8,400,50,11.7,4.4,4,78,2,4,22,4,1.13,2,6,-4,-0.9,-0.04
ENG-Premier League,2324,Luton Town,Marvelous Nakamba,ZIM,MF,29,1994,13,1130,87,33.0,12.6,13,87,10,0,,0,0.46,10,24,-14,-1.12,-0.37
ENG-Premier League,2324,Luton Town,Pelly Ruddock Mpanzu,COD,MF,30,1993,27,1101,41,32.2,12.2,11,74,3,16,18,11,0.7,13,29,-16,-1.31,-0.65
ENG-Premier League,2324,Luton Town,Reece Burke,ENG,DF,26,1996,22,1660,75,48.5,18.4,20,79,12,2,41,3,0.68,24,37,-13,-0.7,0.32
ENG-Premier League,2324,Luton Town,Ross Barkley,ENG,MF,29,1993,32,2618,82,76.5,29.1,30,86,24,2,15,0,0.69,43,66,-23,-0.79,0.33
ENG-Premier League,2324,Luton Town,Ryan Giles,ENG,"MF,DF",23,2000,11,503,46,14.7,5.6,5,81,2,6,17,9,0.64,4,14,-10,-1.79,-1.08
ENG-Premier League,2324,Luton Town,Tahith Chong,CUW,"MF,FW",23,1999,33,1982,60,58.0,22.0,20,80,6,13,29,5,0.45,26,51,-25,-1.14,-0.63
ENG-Premier League,2324,Luton Town,Taylan Harris,ENG,FW,17,2005,0,,,,,0,,0,0,,1,,,,,,
ENG-Premier League,2324,Luton Town,Teden Mengi,ENG,DF,21,2002,30,2469,82,72.2,27.4,28,86,25,2,34,3,0.73,38,59,-21,-0.77,0.37
ENG-Premier League,2324,Luton Town,Thomas Kaminski,BEL,GK,30,1992,38,3405,90,99.6,37.8,38,90,37,0,,0,0.68,52,85,-33,-0.87,-0.87
ENG-Premier League,2324,Luton Town,Tim Krul,NED,GK,35,1988,0,,,,,0,,0,0,,37,,,,,,
ENG-Premier League,2324,Luton Town,Tom Lockyer,WAL,DF,28,1994,14,1169,84,34.2,13.0,14,84,10,0,,0,0.64,12,23,-11,-0.85,0.03
ENG-Premier League,2324,Luton Town,Zack Nelson,ENG,MF,18,2005,2,7,4,0.2,0.1,0,,0,2,4,14,0.5,1,1,0,0.0,0.87
ENG-Premier League,2324,Manchester City,Aymeric Laporte,ESP,DF,29,1994,1,12,12,0.4,0.1,0,,0,1,12,0,3.0,0,0,0,0.0,-1.64
ENG-Premier League,2324,Manchester City,Bernardo Silva,POR,MF,28,1994,33,2578,78,75.4,28.6,29,87,22,4,14,2,2.39,71,26,45,1.57,-0.25
ENG-Premier League,2324,Manchester City,Cole Palmer,ENG,"FW,MF",21,2002,1,11,11,0.3,0.1,0,,0,1,11,2,3.0,0,0,0,0.0,-1.64
ENG-Premier League,2324,Manchester City,Ederson,BRA,GK,29,1993,33,2785,84,81.4,30.9,33,84,29,0,,2,2.36,78,27,51,1.65,0.09
ENG-Premier League,2324,Manchester City,Erling Haaland,NOR,"FW,MF",23,2000,31,2552,82,74.6,28.4,29,86,20,2,25,1,2.32,64,26,38,1.34,-1.15
ENG-Premier League,2324,Manchester City,Jack Grealish,ENG,"MF,FW",27,1995,20,1009,50,29.5,11.2,10,83,7,10,18,9,2.45,26,13,13,1.16,-0.67
ENG-Premier League,2324,Manchester City,Jacob Wright,ENG,MF,17,2005,0,,,,,0,,0,0,,1,,,,,,
ENG-Premier League,2324,Manchester City,James Mcatee,ENG,MF,20,2002,1,1,1,0.0,0.0,0,,0,1,1,2,3.0,0,0,0,0.0,-1.63
ENG-Premier League,2324,Manchester City,Jeremy Doku,BEL,"MF,FW",21,2002,29,1595,55,46.6,17.7,18,76,7,11,20,2,2.38,50,19,31,1.75,0.22
ENG-Premier League,2324,Manchester City,John Stones,ENG,DF,29,1994,16,1064,67,31.1,11.8,12,83,9,4,17,11,2.38,25,9,16,1.35,-0.4
ENG-Premier League,2324,Manchester City,Joško Gvardiol,CRO,DF,21,2002,28,2328,83,68.1,25.9,26,87,22,2,30,7,2.5,68,23,45,1.74,0.34
ENG-Premier League,2324,Manchester City,Julián Álvarez,ARG,"MF,FW",23,2000,36,2647,74,77.4,29.4,31,83,15,5,13,2,2.42,76,24,52,1.77,0.6
ENG-Premier League,2324,Manchester City,Kalvin Phillips,ENG,"DF,MF",27,1995,4,93,23,2.7,1.0,0,,0,4,23,16,2.25,3,2,1,0.97,-0.68
ENG-Premier League,2324,Manchester City,Kevin De Bruyne,BEL,MF,32,1991,18,1221,68,35.7,13.6,15,77,5,3,21,3,2.67,40,9,31,2.29,1.02
ENG-Premier League,2324,Manchester City,Kyle Walker,ENG,"DF,MF",33,1990,32,2767,86,80.9,30.7,30,89,27,2,52,3,2.34,78,29,49,1.59,-0.2
ENG-Premier League,2324,Manchester City,Mahamadou Susoho,ESP,MF,18,2005,0,,,,,0,,0,0,,6,,,,,,
ENG-Premier League,2324,Manchester City,Manuel Akanji,SUI,"DF,MF",28,1995,30,2511,84,73.4,27.9,28,88,25,2,23,4,2.4,72,23,49,1.76,0.47
ENG-Premier League,2324,Manchester City,Mateo Kovačić,CRO,MF,29,1994,30,1551,52,45.4,17.2,16,81,7,14,18,4,2.43,45,14,31,1.8,0.31
ENG-Premier League,2324,Manchester City,Matheus Nunes,POR,"MF,FW",24,1998,17,661,39,19.3,7.3,7,71,3,10,16,16,2.47,18,8,10,1.36,-0.33
ENG-Premier League,2324,Manchester City,Micah Hamilton,ENG,"FW,MF",19,2003,0,,,,,0,,0,0,,2,,,,,,
ENG-Premier League,2324,Manchester City,Máximo Perrone,ARG,MF,20,2003,0,,,,,0,,0,0,,1,,,,,,
ENG-Premier League,2324,Manchester City,Nathan Aké,NED,DF,28,1995,29,2042,70,59.7,22.7,24,83,19,5,12,6,2.38,55,20,35,1.54,-0.22
ENG-Premier League,2324,Manchester City,Oscar Bobb,NOR,MF,20,2003,14,302,22,8.8,3.4,2,75,1,12,13,21,2.57,12,4,8,2.38,0.83
ENG-Premier League,2324,Manchester City,Phil Foden,ENG,MF,23,2000,35,2857,82,83.5,31.7,33,85,19,2,25,2,2.34,74,27,47,1.48,-0.92
ENG-Premier League,2324,Manchester City,Rico Lewis,ENG,"DF,MF",18,2004,16,809,51,23.7,9.0,8,83,4,8,19,22,2.25,26,8,18,2.0,0.49
ENG-Premier League,2324,Manchester City,Rodri,ESP,"MF,DF",27,1996,34,2931,86,85.7,32.6,34,86,27,0,,1,2.59,87,26,61,1.87,1.69
ENG-Premier League,2324,Manchester City,Rúben Dias,POR,"DF,MF",26,1997,30,2559,85,74.8,28.4,28,90,28,2,20,5,2.3,65,28,37,1.3,-1.31
ENG-Premier League,2324,Manchester City,Scott Carson,ENG,GK,37,1985,0,,,,,0,,0,0,,13,,,,,,
ENG-Premier League,2324,Manchester City,Sergio Gómez,ESP,"DF,MF",22,2000,6,53,9,1.5,0.6,0,,0,6,9,26,3.0,3,1,2,3.4,1.79
ENG-Premier League,2324,Manchester City,Stefan Ortega,GER,GK,30,1992,9,635,71,18.6,7.1,5,90,5,4,46,29,2.56,18,7,11,1.56,-0.09
ENG-Premier League,2324,Manchester Utd,Aaron Wan-Bissaka,COD,DF,25,1997,22,1780,81,52.0,19.8,20,88,16,2,11,3,1.32,30,34,-4,-0.2,-0.37
ENG-Premier League,2324,Manchester Utd,Alejandro Garnacho,ARG,MF,19,2004,36,2565,71,75.0,28.5,30,82,12,6,19,2,1.5,43,39,4,0.14,0.67
ENG-Premier League,2324,Manchester Utd,Altay Bayındır,TUR,GK,25,1998,0,,,,,0,,0,0,,33,,,,,,
ENG-Premier League,2324,Manchester Utd,Amad Diallo,CIV,MF,21,2002,9,390,43,11.4,4.3,3,75,0,6,28,8,1.22,10,6,4,0.92,1.07
ENG-Premier League,2324,Manchester Utd,André Onana,CMR,GK,27,1996,38,3420,90,100.0,38.0,38,90,38,0,,0,1.58,57,58,-1,-0.03,
ENG-Premier League,2324,Manchester Utd,Anthony Martial,FRA,FW,27,1995,13,448,34,13.1,5.0,5,65,0,8,16,3,1.38,11,6,5,1.0,1.19
ENG-Premier League,2324,Manchester Utd,Antony,BRA,MF,23,2000,29,1324,46,38.7,14.7,15,73,3,14,16,4,1.41,20,26,-6,-0.41,-0.62
ENG-Premier League,2324,Manchester Utd,Bruno Fernandes,POR,MF,28,1994,35,3118,89,91.2,34.6,35,89,33,0,,0,1.69,55,52,3,0.09,1.28
ENG-Premier League,2324,Manchester Utd,Casemiro,BRA,"MF,DF",31,1992,25,1982,79,58.0,22.0,24,82,18,1,11,1,1.6,36,34,2,0.09,0.28
ENG-Premier League,2324,Manchester Utd,Christian Eriksen,DEN,MF,31,1992,22,1141,52,33.4,12.7,12,78,5,10,20,11,1.45,20,27,-7,-0.55,-0.79
ENG-Premier League,2324,Manchester Utd,Daniel Gore,ENG,MF,18,2004,1,1,1,0.0,0.0,0,,0,1,1,6,3.0,0,0,0,0.0,0.03
ENG-Premier League,2324,Manchester Utd,Dean Henderson,ENG,GK,26,1997,0,,,,,0,,0,0,,3,,,,,,
ENG-Premier League,2324,Manchester Utd,Dermot Mee,NIR,GK,20,2002,0,,,,,0,,0,0,,1,,,,,,
ENG-Premier League,2324,Manchester Utd,Diogo Dalot,POR,DF,24,1999,36,3174,88,92.8,35.3,35,90,34,1,25,1,1.58,56,55,1,0.03,0.76
ENG-Premier League,2324,Manchester Utd,Donny van de Beek,NED,MF,26,1997,1,3,3,0.1,0.0,0,,0,1,3,11,0.0,0,0,0,0.0,0.03
ENG-Premier League,2324,Manchester Utd,Ethan Wheatley,ENG,FW,17,2006,3,16,5,0.5,0.2,0,,0,3,5,2,1.0,0,0,0,0.0,0.03
ENG-Premier League,2324,Manchester Utd,Facundo Pellistri,URU,MF,21,2001,9,172,19,5.0,1.9,1,60,0,8,14,11,1.11,2,2,0,0.0,0.03
ENG-Premier League,2324,Manchester Utd,Habeeb Ogunneye,ENG,DF,18,2005,0,,,,,0,,0,0,,7,,,,,,
ENG-Premier League,2324,Manchester Utd,Hannibal Mejbri,TUN,MF,20,2003,5,133,27,3.9,1.5,1,90,1,4,11,9,2.0,2,1,1,0.68,0.73
ENG-Premier League,2324,Manchester Utd,Harry Amass,ENG,MF,16,2007,0,,,,,0,,0,0,,6,,,,,,
ENG-Premier League,2324,Manchester Utd,Harry Maguire,ENG,DF,30,1993,22,1653,75,48.3,18.4,18,88,17,4,20,3,1.68,33,29,4,0.22,0.47
ENG-Premier League,2324,Manchester Utd,Jadon Sancho,ENG,"FW,MF",23,2000,3,79,26,2.3,0.9,0,,0,3,26,0,2.0,2,1,1,1.14,1.19
ENG-Premier League,2324,Manchester Utd,Joe Hugill,ENG,FW,19,2003,0,,,,,0,,0,0,,1,,,,,,
ENG-Premier League,2324,Manchester Utd,Jonny Evans,NIR,DF,35,1988,23,1392,61,40.7,15.5,15,85,9,8,15,3,1.65,21,24,-3,-0.19,-0.28
ENG-Premier League,2324,Manchester Utd,Kobbie Mainoo,ENG,MF,18,2005,24,1924,80,56.3,21.4,24,80,7,0,,5,1.5,33,31,2,0.09,0.27
ENG-Premier League,2324,Manchester Utd,Lisandro Martínez,ARG,DF,25,1998,11,646,59,18.9,7.2,8,74,2,3,19,0,1.82,12,12,0,0.0,0.03
ENG-Premier League,2324,Manchester Utd,Louis Jackson,SCO,DF,17,2005,0,,,,,0,,0,0,,3,,,,,,
ENG-Premier League,2324,Manchester Utd,Luke Shaw,ENG,DF,28,1995,12,959,80,28.0,10.7,12,80,7,0,,0,1.83,16,13,3,0.28,0.43
ENG-Premier League,2324,Manchester Utd,Marcus Rashford,ENG,"MF,FW",25,1997,33,2271,69,66.4,25.2,26,83,12,7,17,0,1.61,36,37,-1,-0.04,-0.04
ENG-Premier League,2324,Manchester Utd,Mason Mount,ENG,MF,24,1999,14,516,37,15.1,5.7,5,74,0,9,16,0,1.36,3,13,-10,-1.74,-2.02
ENG-Premier League,2324,Manchester Utd,Omari Forson,ENG,MF,19,2004,4,70,18,2.0,0.8,1,52,0,3,6,9,0.75,1,2,-1,-1.29,-1.29
ENG-Premier League,2324,Manchester Utd,Radek Vítek,,GK,19,2003,0,,,,,0,,0,0,,1,,,,,,
ENG-Premier League,2324,Manchester Utd,Raphaël Varane,FRA,DF,30,1993,22,1375,63,40.2,15.3,16,81,12,6,12,4,1.91,25,23,2,0.13,0.26
ENG-Premier League,2324,Manchester Utd,Rasmus Højlund,DEN,FW,20,2003,30,2158,72,63.1,24.0,25,81,8,5,26,0,1.6,36,35,1,0.04,0.18
ENG-Premier League,2324,Manchester Utd,Rhys Bennett,ENG,DF,19,2003,0,,,,,0,,0,0,,1,,,,,,
ENG-Premier League,2324,Manchester Utd,Scott McTominay,SCO,"MF,FW",26,1996,32,1901,59,55.6,21.1,18,88,16,14,23,2,1.81,31,30,1,0.05,0.17
ENG-Premier League,2324,Manchester Utd,Sergio Reguilón,ESP,DF,26,1996,9,412,46,12.0,4.6,4,83,1,5,16,5,1.0,4,7,-3,-0.66,-0.72
ENG-Premier League,2324,Manchester Utd,Sofyan Amrabat,MAR,"MF,DF",26,1996,21,938,45,27.4,10.4,10,83,6,11,10,8,1.71,8,15,-7,-0.67,-0.89
ENG-Premier League,2324,Manchester Utd,Toby Collyer,ENG,MF,19,2004,0,,,,,0,,0,0,,7,,,,,,
ENG-Premier League,2324,Manchester Utd,Tom Heaton,ENG,GK,37,1986,0,,,,,0,,0,0,,4,,,,,,
ENG-Premier League,2324,Manchester Utd,Victor Lindelöf,SWE,DF,29,1994,19,1328,70,38.8,14.8,14,82,7,5,37,2,1.95,18,15,3,0.2,0.38
ENG-Premier League,2324,Manchester Utd,Willy Kambwala,FRA,DF,18,2004,8,330,41,9.6,3.7,3,88,2,5,13,8,1.0,5,10,-5,-1.36,-1.48
ENG-Premier League,2324,Manchester Utd,Álvaro Carreras,ESP,"DF,MF",20,2003,0,,,,,0,,0,0,,1,,,,,,
ENG-Premier League,2324,Newcastle United,Alex Murphy,IRL,DF,19,2004,2,13,7,0.4,0.1,0,,0,2,7,17,3.0,0,0,0,0.0,-0.61
ENG-Premier League,2324,Newcastle United,Alexander Isak,SWE,FW,23,1999,30,2255,75,65.9,25.1,27,80,13,3,32,1,1.5,51,41,10,0.4,-0.61
ENG-Premier League,2324,Newcastle United,Amadou Diallo,ENG,FW,20,2003,1,1,1,0.0,0.0,0,,0,1,1,5,3.0,0,0,0,0.0,-0.61
ENG-Premier League,2324,Newcastle United,Anthony Gordon,ENG,FW,22,2001,35,2890,83,84.5,32.1,34,83,16,1,79,0,1.57,70,48,22,0.69,0.52
ENG-Premier League,2324,Newcastle United,Ben Parkinson,ENG,FW,18,2005,1,25,25,0.7,0.3,0,,0,1,25,8,0.0,0,1,-1,-3.6,-4.24
ENG-Premier League,2324,Newcastle United,Bruno Guimarães,BRA,MF,25,1997,37,3263,88,95.4,36.3,37,88,31,0,,0,1.62,81,60,21,0.58,-0.57
ENG-Premier League,2324,Newcastle United,Callum Wilson,ENG,FW,31,1992,20,991,50,29.0,11.0,9,80,5,11,25,0,1.65,30,15,15,1.36,1.07
ENG-Premier League,2324,Newcastle United,Dan Burn,ENG,DF,31,1992,33,2726,83,79.7,30.3,32,85,24,1,18,0,1.64,74,45,29,0.96,1.74
ENG-Premier League,2324,Newcastle United,Elliot Anderson,ENG,"MF,FW",20,2002,21,1027,49,30.0,11.4,10,80,3,11,21,0,1.86,30,14,16,1.4,1.14
ENG-Premier League,2324,Newcastle United,Emil Krafth,SWE,DF,28,1994,17,913,54,26.7,10.1,8,90,8,9,21,11,1.71,26,15,11,1.08,0.65
ENG-Premier League,2324,Newcastle United,Fabian Schär,SUI,DF,31,1991,36,3054,85,89.3,33.9,35,86,31,1,28,0,1.56,72,58,14,0.41,-1.8
ENG-Premier League,2324,Newcastle United,Harvey Barnes,ENG,"FW,MF",25,1997,21,802,38,23.5,8.9,7,67,1,14,24,0,1.76,24,10,14,1.57,1.26
ENG-Premier League,2324,Newcastle United,Jacob Murphy,ENG,"FW,MF",28,1995,21,1189,57,34.8,13.2,14,75,5,7,20,5,1.95,40,21,19,1.44,1.28
ENG-Premier League,2324,Newcastle United,Jamaal Lascelles,ENG,DF,29,1993,16,1080,68,31.6,12.0,13,80,9,3,15,10,1.44,23,15,8,0.67,0.09
ENG-Premier League,2324,Newcastle United,Javier Manquillo,ESP,DF,29,1994,0,,,,,0,,0,0,,1,,,,,,
ENG-Premier League,2324,Newcastle United,Joe White,ENG,MF,20,2002,4,13,3,0.4,0.1,0,,0,4,3,10,1.0,2,0,2,13.85,13.29
ENG-Premier League,2324,Newcastle United,Joe Willock,ENG,MF,23,1999,9,419,47,12.3,4.7,5,67,0,4,22,0,1.56,6,9,-3,-0.64,-1.42
ENG-Premier League,2324,Newcastle United,Joelinton,BRA,"MF,FW",26,1996,20,1279,64,37.4,14.2,15,79,8,5,18,0,1.45,26,23,3,0.21,-0.63
ENG-Premier League,2324,Newcastle United,Kieran Trippier,ENG,DF,32,1990,28,2236,80,65.4,24.8,26,86,21,2,6,0,1.46,49,43,6,0.24,-1.05
ENG-Premier League,2324,Newcastle United,Lewis Hall,ENG,DF,18,2004,18,781,43,22.8,8.7,8,82,3,10,13,15,1.44,23,12,11,1.27,0.86
ENG-Premier League,2324,Newcastle United,Lewis Miley,ENG,MF,17,2006,17,1202,71,35.1,13.4,14,80,6,3,29,1,1.18,27,29,-2,-0.15,-1.16
ENG-Premier League,2324,Newcastle United,Loris Karius,GER,GK,30,1993,1,90,90,2.6,1.0,1,90,1,0,,21,0.0,1,4,-3,-3.0,-3.7
ENG-Premier League,2324,Newcastle United,Mark Gillespie,ENG,GK,31,1992,0,,,,,0,,0,0,,12,,,,,,
ENG-Premier League,2324,Newcastle United,Martin Dúbravka,SVK,GK,34,1989,23,1985,86,58.0,22.1,22,90,22,1,5,14,1.48,48,42,6,0.27,-0.79
ENG-Premier League,2324,Newcastle United,Matt Ritchie,SCO,"DF,MF",33,1989,13,128,10,3.7,1.4,0,,0,13,10,18,1.92,3,5,-2,-1.41,-2.09
ENG-Premier League,2324,Newcastle United,Matt Targett,ENG,DF,27,1995,3,78,26,2.3,0.9,1,73,0,2,3,8,0.33,0,4,-4,-4.62,-5.34
ENG-Premier League,2324,Newcastle United,Michael Ndiweni,ENG,MF,19,2003,1,1,1,0.0,0.0,0,,0,1,1,0,3.0,0,0,0,0.0,-0.61
ENG-Premier League,2324,Newcastle United,Miguel Almirón,PAR,FW,29,1994,33,1937,59,56.6,21.5,23,74,5,10,23,0,1.52,39,40,-1,-0.05,-1.5
ENG-Premier League,2324,Newcastle United,Nick Pope,ENG,GK,31,1992,15,1345,90,39.3,14.9,15,90,14,0,,3,1.93,36,16,20,1.34,1.21
ENG-Premier League,2324,Newcastle United,Paul Dummett,WAL,DF,31,1991,5,20,4,0.6,0.2,0,,0,5,4,24,2.6,0,1,-1,-4.5,-5.14
ENG-Premier League,2324,Newcastle United,Sandro Tonali,ITA,MF,23,2000,8,438,55,12.8,4.9,5,74,1,3,22,1,1.63,10,5,5,1.03,0.48
ENG-Premier League,2324,Newcastle United,Sean Longstaff,ENG,MF,25,1997,35,2747,78,80.3,30.5,30,88,25,5,24,0,1.54,74,50,24,0.79,0.92
ENG-Premier League,2324,Newcastle United,Sven Botman,NED,DF,23,2000,17,1377,81,40.3,15.3,15,88,12,2,31,0,1.35,37,29,8,0.52,-0.14
ENG-Premier League,2324,Newcastle United,Travis Hearnes,NOR,MF,17,2005,0,,,,,0,,0,0,,1,,,,,,
ENG-Premier League,2324,Newcastle United,Valentino Livramento,ENG,DF,20,2002,26,1314,51,38.4,14.6,12,84,8,14,22,7,1.73,31,27,4,0.27,-0.54
ENG-Premier League,2324,Nottingham Forest,Andrew Omobamidele,IRL,DF,21,2002,11,783,71,22.9,8.7,8,90,8,3,21,8,0.73,12,15,-3,-0.34,0.17
ENG-Premier League,2324,Nottingham Forest,Andrey Santos,BRA,MF,19,2004,1,8,8,0.2,0.1,0,,0,1,8,5,0.0,0,0,0,0.0,0.47
ENG-Premier League,2324,Nottingham Forest,Anthony Elanga,SWE,"MF,FW",21,2002,36,2433,68,71.1,27.0,25,86,15,11,27,0,0.97,40,47,-7,-0.26,0.74
ENG-Premier League,2324,Nottingham Forest,Brandon Aguilera,CRC,MF,20,2003,1,5,5,0.1,0.1,0,,0,1,5,3,0.0,0,0,0,0.0,0.47
ENG-Premier League,2324,Nottingham Forest,Brennan Johnson,WAL,"FW,MF",22,2001,3,237,79,6.9,2.6,3,79,0,0,,0,1.0,4,5,-1,-0.38,0.1
ENG-Premier League,2324,Nottingham Forest,Callum Hudson-Odoi,ENG,"MF,FW",22,2000,29,1854,64,54.2,20.6,20,82,9,9,24,1,0.86,32,41,-9,-0.44,0.08
ENG-Premier League,2324,Nottingham Forest,Cheikhou Kouyaté,SEN,MF,33,1989,12,212,18,6.2,2.4,2,64,0,10,8,18,1.33,1,6,-5,-2.12,-1.76
ENG-Premier League,2324,Nottingham Forest,Chris Wood,NZL,FW,31,1991,31,1812,58,53.0,20.1,20,83,13,11,14,0,0.94,28,34,-6,-0.3,0.37
ENG-Premier League,2324,Nottingham Forest,Danilo Santos,BRA,MF,22,2001,29,1792,62,52.4,19.9,20,80,7,9,20,2,1.03,31,42,-11,-0.55,-0.17
ENG-Premier League,2324,Nottingham Forest,Detlef Osong,ENG,FW,18,2004,0,,,,,0,,0,0,,1,,,,,,
ENG-Premier League,2324,Nottingham Forest,Divock Origi,BEL,"MF,FW",28,1995,20,606,30,17.7,6.7,6,57,0,14,19,7,0.6,4,6,-2,-0.3,0.21
ENG-Premier League,2324,Nottingham Forest,Ethan Horvath,USA,GK,28,1995,0,,,,,0,,0,0,,4,,,,,,
ENG-Premier League,2324,Nottingham Forest,Felipe,BRA,DF,34,1989,7,375,54,11.0,4.2,4,75,2,3,25,5,0.75,4,11,-7,-1.68,-1.35
ENG-Premier League,2324,Nottingham Forest,Gio Reyna,USA,MF,20,2002,9,235,26,6.9,2.6,2,61,0,7,16,4,0.67,3,3,0,0.0,0.51
ENG-Premier League,2324,Nottingham Forest,Gonzalo Montiel,ARG,DF,26,1997,14,801,57,23.4,8.9,8,77,2,6,32,10,1.29,13,11,2,0.22,0.91
ENG-Premier League,2324,Nottingham Forest,Harry Toffolo,ENG,"DF,MF",27,1995,23,1459,63,42.7,16.2,15,88,12,8,18,9,0.91,18,29,-11,-0.68,-0.36
ENG-Premier League,2324,Nottingham Forest,Hwang Ui-jo,KOR,"FW,MF",30,1992,0,,,,,0,,0,0,,2,,,,,,
ENG-Premier League,2324,Nottingham Forest,Ibrahim Sangaré,CIV,MF,25,1997,17,1035,61,30.3,11.5,13,73,4,4,20,7,0.88,12,16,-4,-0.35,0.18
ENG-Premier League,2324,Nottingham Forest,Jamie McDonnell,NIR,MF,19,2004,0,,,,,0,,0,0,,1,,,,,,
ENG-Premier League,2324,Nottingham Forest,Joe Gardner,ENG,DF,18,2005,0,,,,,0,,0,0,,2,,,,,,
ENG-Premier League,2324,Nottingham Forest,Joe Worrall,ENG,DF,26,1997,7,439,63,12.8,4.9,5,85,3,2,7,7,1.57,7,8,-1,-0.21,0.31
ENG-Premier League,2324,Nottingham Forest,Lewis O'Brien,ENG,MF,24,1998,0,,,,,0,,0,0,,1,,,,,,
ENG-Premier League,2324,Nottingham Forest,Matt Turner,USA,GK,29,1994,17,1530,90,44.7,17.0,17,90,17,0,,20,1.11,24,29,-5,-0.29,0.32
ENG-Premier League,2324,Nottingham Forest,Matz Sels,BEL,GK,31,1992,16,1440,90,42.1,16.0,16,90,16,0,,0,1.0,22,27,-5,-0.31,0.28
ENG-Premier League,2324,Nottingham Forest,Morgan Gibbs-White,ENG,"MF,FW",23,2000,37,3156,85,92.3,35.1,35,88,27,2,38,0,0.97,46,59,-13,-0.37,1.33
ENG-Premier League,2324,Nottingham Forest,Moussa Niakhate,SEN,DF,27,1996,21,1460,70,42.7,16.2,15,87,13,6,25,12,0.95,20,35,-15,-0.92,-0.79
ENG-Premier League,2324,Nottingham Forest,Murillo,BRA,DF,21,2002,32,2789,87,81.5,31.0,32,87,28,0,,0,0.91,41,56,-15,-0.48,-0.06
ENG-Premier League,2324,Nottingham Forest,Neco Williams,WAL,"DF,MF",22,2001,26,1637,63,47.9,18.2,18,85,14,8,13,5,0.92,23,33,-10,-0.55,-0.15
ENG-Premier League,2324,Nottingham Forest,Nicolás Domínguez,ARG,MF,25,1998,26,1495,58,43.7,16.6,19,74,3,7,12,6,0.92,16,27,-11,-0.66,-0.33
ENG-Premier League,2324,Nottingham Forest,Nuno Tavares,POR,DF,23,2000,8,457,57,13.4,5.1,5,80,4,3,20,5,1.13,8,9,-1,-0.2,0.32
ENG-Premier League,2324,Nottingham Forest,Odysseas Vlachodimos,GRE,GK,29,1994,5,450,90,13.2,5.0,5,90,5,0,,14,0.6,6,12,-6,-1.2,-0.84
ENG-Premier League,2324,Nottingham Forest,Ola Aina,NGA,"DF,MF",26,1996,22,1692,77,49.5,18.8,20,84,9,2,5,3,1.0,27,39,-12,-0.64,-0.33
ENG-Premier League,2324,Nottingham Forest,Orel Mangala,BEL,MF,25,1998,20,1563,78,45.7,17.4,19,82,10,1,4,1,0.85,16,31,-15,-0.86,-0.72
ENG-Premier League,2324,Nottingham Forest,Remo Freuler,SUI,MF,31,1992,0,,,,,0,,0,0,,3,,,,,,
ENG-Premier League,2324,Nottingham Forest,Rodrigo Ribeiro,POR,FW,18,2005,4,17,4,0.5,0.2,0,,0,4,4,8,1.25,0,0,0,0.0,0.48
ENG-Premier League,2324,Nottingham Forest,Ryan Yates,ENG,MF,25,1997,35,1992,57,58.2,22.1,21,83,14,14,18,2,1.0,31,38,-7,-0.32,0.38
ENG-Premier League,2324,Nottingham Forest,Scott McKenna,SCO,DF,26,1996,5,416,83,12.2,4.6,5,83,4,0,,1,1.4,7,6,1,0.22,0.79
ENG-Premier League,2324,Nottingham Forest,Serge Aurier,CIV,"DF,MF",30,1992,12,833,69,24.4,9.3,10,80,6,2,18,1,1.0,9,15,-6,-0.65,-0.23
ENG-Premier League,2324,Nottingham Forest,Taiwo Awoniyi,NGA,FW,25,1997,20,1042,52,30.5,11.6,12,74,1,8,19,0,1.05,17,21,-4,-0.35,0.18
ENG-Premier League,2324,Nottingham Forest,Wayne Hennessey,WAL,GK,36,1987,0,,,,,0,,0,0,,1,,,,,,
ENG-Premier League,2324,Nottingham Forest,Willy Boly,CIV,DF,32,1991,20,1438,72,42.0,16.0,18,79,11,2,10,3,1.0,17,23,-6,-0.38,0.17
ENG-Premier League,2324,Sheffield United,Adam Davies,WAL,GK,31,1992,0,,,,,0,,0,0,,18,,,,,,
ENG-Premier League,2324,Sheffield United,Andre Brooks,JAM,MF,19,2003,20,938,47,27.4,10.4,12,62,0,8,24,11,0.25,5,29,-24,-2.3,-0.67
ENG-Premier League,2324,Sheffield United,Anel Ahmedhodžić,BIH,DF,24,1999,31,2649,85,77.5,29.4,29,89,27,2,34,0,0.35,28,89,-61,-2.07,-1.14
ENG-Premier League,2324,Sheffield United,Anis Ben Slimane,TUN,MF,22,2001,15,419,28,12.3,4.7,4,61,0,11,16,13,0.33,2,14,-12,-2.58,-0.87
ENG-Premier League,2324,Sheffield United,Antwoine Hackford,ENG,FW,19,2004,2,13,7,0.4,0.1,0,,0,2,7,0,0.0,0,1,-1,-6.92,-5.13
ENG-Premier League,2324,Sheffield United,Auston Trusty,USA,DF,24,1998,32,2572,80,75.2,28.6,28,89,24,4,21,6,0.38,22,81,-59,-2.06,-1.0
ENG-Premier League,2324,Sheffield United,Ben Brereton,CHI,"FW,MF",24,1999,14,1105,79,32.3,12.3,14,79,8,0,,1,0.29,16,37,-21,-1.71,0.16
ENG-Premier League,2324,Sheffield United,Ben Osborn,ENG,MF,28,1994,24,1367,57,40.0,15.2,14,77,10,10,28,5,0.42,19,40,-21,-1.38,0.72
ENG-Premier League,2324,Sheffield United,Billy Blacker,ENG,FW,17,2006,0,,,,,0,,0,0,,1,,,,,,
ENG-Premier League,2324,Sheffield United,Bénie Traoré,CIV,"FW,MF",20,2002,8,387,48,11.3,4.3,3,86,1,5,26,11,0.13,2,13,-11,-2.56,-0.84
ENG-Premier League,2324,Sheffield United,Cameron Archer,ENG,"FW,MF",22,2001,29,1832,63,53.6,20.4,21,80,9,8,19,0,0.48,22,50,-28,-1.38,0.95
ENG-Premier League,2324,Sheffield United,Chris Basham,ENG,"DF,MF",35,1988,8,321,40,9.4,3.6,3,68,1,5,24,0,0.13,2,6,-4,-1.12,0.77
ENG-Premier League,2324,Sheffield United,Daniel Jebbison,CAN,FW,19,2003,1,21,21,0.6,0.2,0,,0,1,21,0,0.0,0,0,0,0.0,1.83
ENG-Premier League,2324,Sheffield United,Dovydas Sasnauskas,LTU,DF,16,2007,0,,,,,0,,0,0,,2,,,,,,
ENG-Premier League,2324,Sheffield United,Femi Seriki,ENG,DF,21,2002,0,,,,,0,,0,0,,12,,,,,,
ENG-Premier League,2324,Sheffield United,George Baldock,GRE,"DF,MF",30,1993,13,969,75,28.3,10.8,11,82,9,2,33,1,0.54,11,21,-10,-0.93,1.24
ENG-Premier League,2324,Sheffield United,Gustavo Hamer,NED,MF,26,1997,36,2910,81,85.1,32.3,34,83,18,2,39,0,0.44,31,83,-52,-1.61,1.39
ENG-Premier League,2324,Sheffield United,Ismaila Cheick Coulibaly,MLI,MF,22,2000,0,,,,,0,,0,0,,1,,,,,,
ENG-Premier League,2324,Sheffield United,Ivo Grbić,CRO,GK,27,1996,9,771,86,22.5,8.6,9,86,8,0,,5,0.33,11,25,-14,-1.63,0.23
ENG-Premier League,2324,Sheffield United,Jack Robinson,ENG,DF,29,1993,34,2885,85,84.4,32.1,31,89,27,3,40,0,0.47,30,83,-53,-1.65,1.04
ENG-Premier League,2324,Sheffield United,James Mcatee,ENG,"MF,FW",20,2002,30,1822,61,53.3,20.2,20,78,7,10,25,2,0.5,19,65,-46,-2.27,-0.98
ENG-Premier League,2324,Sheffield United,Jayden Bogle,ENG,"MF,DF",23,2000,34,2788,82,81.5,31.0,32,84,23,2,43,1,0.44,29,79,-50,-1.61,1.09
ENG-Premier League,2324,Sheffield United,Jili Buyabu,ENG,MF,21,2001,0,,,,,0,,0,0,,2,,,,,,
ENG-Premier League,2324,Sheffield United,John Egan,IRL,DF,30,1992,6,482,80,14.1,5.4,6,80,4,0,,0,0.17,4,17,-13,-2.43,-0.71
ENG-Premier League,2324,Sheffield United,John Fleck,SCO,MF,31,1991,4,92,23,2.7,1.0,1,45,0,3,16,5,0.0,1,5,-4,-3.91,-2.16
ENG-Premier League,2324,Sheffield United,Jordan Amissah,GHA,GK,21,2001,0,,,,,0,,0,0,,6,,,,,,
ENG-Premier League,2324,Sheffield United,Louie Marsh,ENG,FW,19,2003,0,,,,,0,,0,0,,4,,,,,,
ENG-Premier League,2324,Sheffield United,Luke Thomas,ENG,"MF,DF",22,2001,12,917,76,26.8,10.2,11,81,7,1,23,4,0.42,5,29,-24,-2.36,-0.74
ENG-Premier League,2324,Sheffield United,Mason Holgate,JAM,DF,26,1996,10,710,71,20.8,7.9,9,76,4,1,22,2,0.5,11,22,-11,-1.39,0.53
ENG-Premier League,2324,Sheffield United,Max Lowe,ENG,"MF,DF",26,1997,10,503,50,14.7,5.6,4,71,1,6,37,3,0.7,6,12,-6,-1.07,0.87
ENG-Premier League,2324,Sheffield United,Oliver Arblaster,ENG,MF,19,2004,12,943,79,27.6,10.5,11,83,7,1,27,2,0.25,13,28,-15,-1.43,0.53
ENG-Premier League,2324,Sheffield United,Oliver McBurnie,SCO,FW,27,1996,21,1280,61,37.4,14.2,15,75,6,6,25,3,0.29,20,38,-18,-1.27,0.88
ENG-Premier League,2324,Sheffield United,Oliver Norwood,NIR,MF,32,1991,27,1440,53,42.1,16.0,16,82,12,11,11,9,0.44,12,47,-35,-2.19,-0.64
ENG-Premier League,2324,Sheffield United,Owen Hampson,ENG,MF,18,2004,0,,,,,0,,0,0,,1,,,,,,
ENG-Premier League,2324,Sheffield United,Rhian Brewster,ENG,FW,23,2000,13,346,27,10.1,3.8,3,61,0,10,16,1,0.54,0,8,-8,-2.08,-0.29
ENG-Premier League,2324,Sheffield United,Rhys Norrington-Davies,WAL,DF,24,1999,5,110,22,3.2,1.2,2,27,0,3,19,1,0.8,1,6,-5,-4.09,-2.35
ENG-Premier League,2324,Sheffield United,Ryan One,SCO,MF,17,2006,1,8,8,0.2,0.1,0,,0,1,8,3,0.0,0,2,-2,-22.5,-20.73
ENG-Premier League,2324,Sheffield United,Sam Curtis,IRL,DF,17,2005,1,28,28,0.8,0.3,0,,0,1,28,8,0.0,0,0,0,0.0,1.83
ENG-Premier League,2324,Sheffield United,Sydie Peck,ENG,MF,18,2004,1,10,10,0.3,0.1,0,,0,1,10,1,3.0,0,0,0,0.0,1.82
ENG-Premier League,2324,Sheffield United,Tom Davies,ENG,MF,25,1998,9,221,25,6.5,2.5,2,45,0,7,19,1,0.44,2,11,-9,-3.67,-1.98
ENG-Premier League,2324,Sheffield United,Vinicius Souza,BRA,MF,24,1999,36,2668,74,78.0,29.6,29,84,20,7,32,2,0.44,27,80,-53,-1.79,0.13
ENG-Premier League,2324,Sheffield United,Wes Foderingham,ENG,GK,32,1991,30,2649,88,77.5,29.4,29,90,29,1,39,8,0.43,24,79,-55,-1.87,-0.23
ENG-Premier League,2324,Sheffield United,William Osula,DEN,FW,19,2003,21,786,37,23.0,8.7,9,60,1,12,20,9,0.29,4,23,-19,-2.18,-0.47
ENG-Premier League,2324,Sheffield United,Yasser Larouci,ALG,MF,22,2001,11,531,48,15.5,5.9,6,61,0,5,33,23,0.18,5,11,-6,-1.02,0.95
ENG-Premier League,2324,Tottenham Hotspur,Alejo Véliz,ARG,FW,19,2003,8,50,6,1.5,0.6,0,,0,8,6,5,1.88,3,2,1,1.8,1.48
ENG-Premier League,2324,Tottenham Hotspur,Alfie Dorrington,ENG,DF,18,2005,0,,,,,0,,0,0,,10,,,,,,
ENG-Premier League,2324,Tottenham Hotspur,Alfie Whiteman,ENG,GK,24,1998,0,,,,,0,,0,0,,1,,,,,,
ENG-Premier League,2324,Tottenham Hotspur,Ashley Phillips,WAL,DF,18,2005,0,,,,,0,,0,0,,7,,,,,,
ENG-Premier League,2324,Tottenham Hotspur,Ben Davies,WAL,DF,30,1993,17,1090,64,31.9,12.1,12,86,10,5,12,13,1.82,25,21,4,0.33,-0.02
ENG-Premier League,2324,Tottenham Hotspur,Brandon Austin,ENG,GK,24,1999,0,,,,,0,,0,0,,18,,,,,,
ENG-Premier League,2324,Tottenham Hotspur,Brennan Johnson,WAL,"MF,FW",22,2001,32,2085,65,61.0,23.2,23,79,8,9,31,0,1.56,49,37,12,0.52,0.45
ENG-Premier League,2324,Tottenham Hotspur,Bryan Gil,ESP,MF,22,2001,11,209,19,6.1,2.3,2,58,0,9,10,13,1.09,4,11,-7,-3.01,-3.57
ENG-Premier League,2324,Tottenham Hotspur,Cristian Romero,ARG,DF,25,1998,33,2790,85,81.6,31.0,33,85,30,0,,0,1.88,63,42,21,0.68,1.82
ENG-Premier League,2324,Tottenham Hotspur,Dane Scarlett,ENG,FW,19,2004,4,22,6,0.6,0.2,0,,0,4,6,4,3.0,1,0,1,4.09,3.77
ENG-Premier League,2324,Tottenham Hotspur,Davinson Sánchez,COL,DF,27,1996,1,77,77,2.3,0.9,0,,0,1,77,3,1.0,1,2,-1,-1.17,-1.55
ENG-Premier League,2324,Tottenham Hotspur,Dejan Kulusevski,SWE,"MF,FW",23,2000,36,2762,77,80.8,30.7,31,85,21,5,26,0,1.72,57,46,11,0.36,0.08
ENG-Premier League,2324,Tottenham Hotspur,Destiny Udogie,ITA,DF,20,2002,28,2391,85,69.9,26.6,28,85,21,0,,0,1.93,56,40,16,0.6,0.86
ENG-Premier League,2324,Tottenham Hotspur,Emerson,BRA,DF,24,1999,22,1161,53,33.9,12.9,11,86,8,11,19,16,1.64,22,31,-9,-0.7,-1.57
ENG-Premier League,2324,Tottenham Hotspur,Eric Dier,ENG,DF,29,1994,4,201,50,5.9,2.2,1,90,1,3,37,8,1.5,1,8,-7,-3.13,-3.69
ENG-Premier League,2324,Tottenham Hotspur,Fraser Forster,ENG,GK,35,1988,0,,,,,0,,0,0,,23,,,,,,
ENG-Premier League,2324,Tottenham Hotspur,Giovani Lo Celso,ARG,MF,27,1996,22,506,23,14.8,5.6,4,78,0,18,11,6,1.32,12,12,0,0.0,-0.4
ENG-Premier League,2324,Tottenham Hotspur,Guglielmo Vicario,ITA,GK,26,1996,38,3420,90,100.0,38.0,38,90,38,0,,0,1.74,74,61,13,0.34,
ENG-Premier League,2324,Tottenham Hotspur,Ivan Perišić,CRO,"FW,MF",34,1989,5,103,21,3.0,1.1,0,,0,5,21,0,2.6,4,1,3,2.62,2.35
ENG-Premier League,2324,Tottenham Hotspur,James Maddison,ENG,MF,26,1996,28,2135,76,62.4,23.7,26,80,4,2,29,0,1.86,47,30,17,0.72,1.0
ENG-Premier League,2324,Tottenham Hotspur,Jamie Donley,NIR,MF,18,2005,3,3,1,0.1,0.0,0,,0,3,1,10,2.33,0,0,0,0.0,-0.34
ENG-Premier League,2324,Tottenham Hotspur,Manor Solomon,ISR,MF,24,1999,5,199,40,5.8,2.2,2,73,0,3,18,2,2.6,6,2,4,1.81,1.56
ENG-Premier League,2324,Tottenham Hotspur,Micky van de Ven,NED,DF,22,2001,27,2339,87,68.4,26.0,27,87,23,0,,1,1.85,47,38,9,0.35,0.01
ENG-Premier League,2324,Tottenham Hotspur,Mikey Moore,ENG,MF,15,2007,2,4,2,0.1,0.0,0,,0,2,2,3,1.5,0,0,0,0.0,-0.34
ENG-Premier League,2324,Tottenham Hotspur,Oliver Skipp,ENG,"MF,DF",22,2000,21,707,34,20.7,7.9,5,73,1,16,21,10,1.9,15,17,-2,-0.25,-0.75
ENG-Premier League,2324,Tottenham Hotspur,Pape Matar Sarr,SEN,MF,20,2002,34,2069,61,60.5,23.0,27,71,4,7,23,0,1.79,40,27,13,0.57,0.57
ENG-Premier League,2324,Tottenham Hotspur,Pedro Porro,ESP,DF,23,1999,35,3089,88,90.3,34.3,35,88,31,0,,1,1.77,66,54,12,0.35,0.08
ENG-Premier League,2324,Tottenham Hotspur,Pierre Højbjerg,DEN,MF,27,1995,36,1311,36,38.3,14.6,8,83,4,28,23,2,1.81,32,28,4,0.27,-0.11
ENG-Premier League,2324,Tottenham Hotspur,Radu Drăgușin,ROU,DF,21,2002,9,429,48,12.5,4.8,4,90,4,5,14,9,1.89,10,7,3,0.63,0.33
ENG-Premier League,2324,Tottenham Hotspur,Richarlison,BRA,"FW,MF",26,1997,28,1491,53,43.6,16.6,18,74,6,10,15,1,1.82,36,18,18,1.09,1.32
ENG-Premier League,2324,Tottenham Hotspur,Rodrigo Bentancur,URU,MF,26,1997,23,1005,44,29.4,11.2,13,59,1,10,24,0,1.43,17,25,-8,-0.72,-1.5
ENG-Premier League,2324,Tottenham Hotspur,Son Heung-min,KOR,"FW,MF",31,1992,35,2934,84,85.8,32.6,34,85,19,1,29,0,1.74,63,51,12,0.37,0.18
ENG-Premier League,2324,Tottenham Hotspur,Timo Werner,GER,"MF,FW",27,1996,13,809,62,23.7,9.0,10,76,2,3,16,0,1.62,18,16,2,0.22,-0.16
ENG-Premier League,2324,Tottenham Hotspur,Tyrese Hall,JAM,MF,17,2005,0,,,,,0,,0,0,,1,,,,,,
ENG-Premier League,2324,Tottenham Hotspur,Yago Santiago,ESP,"FW,MF",20,2003,0,,,,,0,,0,0,,3,,,,,,
ENG-Premier League,2324,Tottenham Hotspur,Yves Bissouma,MLI,MF,26,1996,28,2068,74,60.5,23.0,26,77,8,2,28,0,1.75,44,35,9,0.39,0.13
ENG-Premier League,2324,West Ham United,Aaron Cresswell,ENG,DF,33,1989,11,436,40,12.7,4.8,4,77,2,7,18,21,1.0,6,11,-5,-1.03,-0.76
ENG-Premier League,2324,West Ham United,Alphonse Areola,FRA,GK,30,1993,31,2699,87,78.9,30.0,31,87,28,0,,2,1.35,49,53,-4,-0.13,1.11
ENG-Premier League,2324,West Ham United,Angelo Ogbonna,ITA,DF,35,1988,11,635,58,18.6,7.1,7,83,5,4,13,27,1.82,12,14,-2,-0.28,0.1
ENG-Premier League,2324,West Ham United,Ben Johnson,ENG,"MF,DF",23,2000,14,544,39,15.9,6.0,4,90,4,10,18,11,1.14,5,16,-11,-1.82,-1.73
ENG-Premier League,2324,West Ham United,Callum Marshall,NIR,FW,18,2004,0,,,,,0,,0,0,,1,,,,,,
ENG-Premier League,2324,West Ham United,Conor Coventry,IRL,MF,23,2000,0,,,,,0,,0,0,,2,,,,,,
ENG-Premier League,2324,West Ham United,Danny Ings,ENG,"FW,MF",31,1992,20,404,20,11.8,4.5,3,80,1,17,10,18,0.95,5,10,-5,-1.11,-0.85
ENG-Premier League,2324,West Ham United,Divin Mubama,ENG,FW,18,2004,5,80,16,2.3,0.9,0,,0,5,16,26,1.6,2,2,0,0.0,0.38
ENG-Premier League,2324,West Ham United,Edson Álvarez,MEX,MF,25,1997,31,2377,77,69.5,26.4,28,82,18,3,25,1,1.48,39,45,-6,-0.23,0.46
ENG-Premier League,2324,West Ham United,Emerson Palmieri,ITA,DF,28,1994,36,3137,87,91.7,34.9,35,88,29,1,45,0,1.42,56,67,-11,-0.32,0.64
ENG-Premier League,2324,West Ham United,George Earthy,ENG,MF,18,2004,3,34,11,1.0,0.4,0,,0,3,11,6,1.0,1,0,1,2.65,3.05
ENG-Premier League,2324,West Ham United,James Ward-Prowse,ENG,MF,28,1994,37,3001,81,87.7,33.3,34,86,28,3,23,0,1.38,53,65,-12,-0.36,0.07
ENG-Premier League,2324,West Ham United,Jarrod Bowen,ENG,"MF,FW",26,1996,34,3019,89,88.3,33.5,34,89,31,0,,0,1.44,53,63,-10,-0.3,0.6
ENG-Premier League,2324,West Ham United,Joseph Anang,GHA,GK,23,2000,0,,,,,0,,0,0,,7,,,,,,
ENG-Premier League,2324,West Ham United,Kaelan Casey,ENG,DF,18,2004,1,1,1,0.0,0.0,0,,0,1,1,7,3.0,0,0,0,0.0,0.37
ENG-Premier League,2324,West Ham United,Kalvin Phillips,ENG,MF,27,1995,8,309,39,9.0,3.4,3,61,0,5,25,4,0.63,5,10,-5,-1.46,-1.2
ENG-Premier League,2324,West Ham United,Konstantinos Mavropanos,GRE,DF,25,1997,19,1500,79,43.9,16.7,16,88,15,3,30,10,1.32,27,27,0,0.0,0.66
ENG-Premier League,2324,West Ham United,Kurt Zouma,FRA,DF,28,1994,33,2838,86,83.0,31.5,32,88,29,1,31,1,1.39,53,63,-10,-0.32,0.3
ENG-Premier League,2324,West Ham United,Levi Laing,ENG,DF,20,2003,0,,,,,0,,0,0,,1,,,,,,
ENG-Premier League,2324,West Ham United,Lewis Orford,ENG,MF,17,2006,0,,,,,0,,0,0,,4,,,,,,
ENG-Premier League,2324,West Ham United,Lucas Paquetá,BRA,MF,25,1997,31,2622,85,76.7,29.1,31,85,15,0,,0,1.58,52,52,0,0.0,1.58
ENG-Premier League,2324,West Ham United,Maxwel Cornet,CIV,MF,26,1996,7,112,16,3.3,1.2,1,69,0,6,7,21,0.43,2,3,-1,-0.8,-0.45
ENG-Premier League,2324,West Ham United,Michail Antonio,JAM,FW,33,1990,26,1695,65,49.6,18.8,21,75,2,5,26,0,1.27,32,34,-2,-0.11,0.52
ENG-Premier League,2324,West Ham United,Mohammed Kudus,GHA,MF,22,2000,33,2484,75,72.6,27.6,27,88,18,6,17,0,1.3,40,61,-21,-0.76,-1.43
ENG-Premier League,2324,West Ham United,Nayef Aguerd,MAR,DF,27,1996,21,1857,88,54.3,20.6,21,88,19,0,,4,1.19,26,44,-18,-0.87,-1.1
ENG-Premier League,2324,West Ham United,Oliver Scarles,ENG,MF,17,2005,0,,,,,0,,0,0,,5,,,,,,
ENG-Premier League,2324,West Ham United,Pablo Fornals,ESP,MF,27,1996,15,426,28,12.5,4.7,4,78,2,11,11,6,1.67,6,9,-3,-0.63,-0.3
ENG-Premier League,2324,West Ham United,Saïd Benrahma,ALG,MF,27,1995,13,620,48,18.1,6.9,5,73,1,8,32,7,1.62,12,8,4,0.58,1.16
ENG-Premier League,2324,West Ham United,Thilo Kehrer,GER,DF,26,1996,4,22,6,0.6,0.2,0,,0,4,6,14,1.75,0,1,-1,-4.09,-3.75
ENG-Premier League,2324,West Ham United,Tomáš Souček,CZE,MF,28,1995,37,2870,78,83.9,31.9,34,83,25,3,16,0,1.32,51,64,-13,-0.41,-0.24
ENG-Premier League,2324,West Ham United,Vladimír Coufal,CZE,DF,30,1992,36,3132,87,91.6,34.8,36,87,28,0,,0,1.39,57,69,-12,-0.34,0.28
ENG-Premier League,2324,West Ham United,Łukasz Fabiański,POL,GK,38,1985,10,721,72,21.1,8.0,7,90,7,3,30,27,1.1,11,21,-10,-1.25,-1.11
ENG-Premier League,2324,Wolves,Boubacar Traoré,MLI,MF,21,2001,24,819,34,23.9,9.1,7,78,5,17,16,9,1.0,9,23,-14,-1.54,-1.5
ENG-Premier League,2324,Wolves,Craig Dawson,ENG,DF,33,1990,25,2209,88,64.6,24.5,25,88,23,0,,2,1.4,33,38,-5,-0.2,0.54
ENG-Premier League,2324,Wolves,Daniel Bentley,ENG,GK,30,1993,5,383,77,11.2,4.3,3,90,3,2,57,33,0.6,3,7,-4,-0.94,-0.61
ENG-Premier League,2324,Wolves,Enso Gonzalez,PAR,FW,18,2005,1,1,1,0.0,0.0,0,,0,1,1,4,0.0,0,0,0,0.0,0.39
ENG-Premier League,2324,Wolves,Fletcher Holman,ENG,FW,18,2004,0,,,,,0,,0,0,,3,,,,,,
ENG-Premier League,2324,Wolves,Fábio Silva,POR,FW,21,2002,8,264,33,7.7,2.9,3,67,0,5,13,9,0.88,2,8,-6,-2.05,-1.79
ENG-Premier League,2324,Wolves,Harvey Griffiths,ENG,MF,19,2003,0,,,,,0,,0,0,,2,,,,,,
ENG-Premier League,2324,Wolves,Hugo Bueno,ESP,"MF,DF",20,2002,22,741,34,21.7,8.2,7,76,1,15,14,11,1.14,7,16,-9,-1.09,-0.89
ENG-Premier League,2324,Wolves,Hwang Hee-chan,KOR,"FW,MF",27,1996,29,2119,73,62.0,23.5,25,80,14,4,32,0,1.31,35,37,-2,-0.08,0.81
ENG-Premier League,2324,Wolves,Jean-Ricner Bellegarde,HAI,"MF,FW",25,1998,22,958,44,28.0,10.6,10,61,1,12,29,0,1.23,7,23,-16,-1.5,-1.54
ENG-Premier League,2324,Wolves,Jonny Castro,ESP,"DF,MF",29,1994,1,5,5,0.1,0.1,0,,0,1,5,7,3.0,0,0,0,0.0,0.4
ENG-Premier League,2324,Wolves,Joseph Hodge,IRL,MF,20,2002,0,,,,,0,,0,0,,9,,,,,,
ENG-Premier League,2324,Wolves,José Sá,POR,GK,30,1993,35,3037,87,88.8,33.7,35,87,33,0,,0,1.23,47,58,-11,-0.33,0.61
ENG-Premier League,2324,Wolves,João Gomes,BRA,MF,22,2001,34,2649,78,77.5,29.4,32,82,18,2,7,1,1.32,38,51,-13,-0.44,-0.21
ENG-Premier League,2324,Wolves,Justin Hubner,IDN,DF,19,2003,0,,,,,0,,0,0,,1,,,,,,
ENG-Premier League,2324,Wolves,Leon Chiwome,ENG,FW,17,2006,3,174,58,5.1,1.9,2,79,0,1,16,1,0.33,1,4,-3,-1.55,-1.22
ENG-Premier League,2324,Wolves,Mario Lemina,GAB,MF,29,1993,35,2968,85,86.8,33.0,34,86,26,1,40,0,1.14,43,55,-12,-0.36,0.23
ENG-Premier League,2324,Wolves,Matheus Cunha,BRA,"FW,MF",24,1999,32,2440,76,71.3,27.1,29,81,12,3,29,0,1.16,40,46,-6,-0.22,0.61
ENG-Premier League,2324,Wolves,Matheus Nunes,POR,MF,24,1998,2,179,90,5.2,2.0,2,90,1,0,,0,0.0,1,5,-4,-2.01,-1.71
ENG-Premier League,2324,Wolves,Matt Doherty,IRL,"MF,DF",31,1992,30,1150,38,33.6,12.8,9,79,4,21,21,8,1.4,17,21,-4,-0.31,0.12
ENG-Premier League,2324,Wolves,Matthew Whittingham,ENG,MF,18,2004,0,,,,,0,,0,0,,1,,,,,,
ENG-Premier League,2324,Wolves,Max Kilman,ENG,DF,26,1997,38,3420,90,100.0,38.0,38,90,38,0,,0,1.21,50,65,-15,-0.39,
ENG-Premier League,2324,Wolves,Nathan Fraser,IRL,FW,18,2005,7,186,27,5.4,2.1,1,76,0,6,18,13,0.57,4,3,1,0.48,0.93
ENG-Premier League,2324,Wolves,Noha Lemina,GAB,MF,18,2005,0,,,,,0,,0,0,,5,,,,,,
ENG-Premier League,2324,Wolves,Nélson Semedo,POR,"MF,DF",29,1993,36,3084,86,90.2,34.3,36,86,27,0,,0,1.19,45,60,-15,-0.44,-0.44
ENG-Premier League,2324,Wolves,Owen Hesketh,WAL,MF,20,2002,0,,,,,0,,0,0,,1,,,,,,
ENG-Premier League,2324,Wolves,Pablo Sarabia,ESP,"MF,FW",31,1992,30,1745,58,51.0,19.4,20,77,5,10,20,7,1.33,31,27,4,0.21,1.23
ENG-Premier League,2324,Wolves,Pedro Neto,POR,"MF,FW",23,2000,20,1516,76,44.3,16.8,18,83,12,2,12,1,1.4,22,27,-5,-0.3,0.18
ENG-Premier League,2324,Wolves,Rayan Aït-Nouri,ALG,"MF,DF",22,2001,33,2329,71,68.1,25.9,29,76,10,4,30,0,1.21,36,43,-7,-0.27,0.39
ENG-Premier League,2324,Wolves,Santiago Bueno,URU,DF,24,1998,12,822,69,24.0,9.1,9,84,7,3,21,18,0.92,12,18,-6,-0.66,-0.35
ENG-Premier League,2324,Wolves,Sasa Kalajdzic,AUT,FW,26,1997,11,166,15,4.9,1.8,1,60,0,10,11,9,1.09,6,2,4,2.17,2.69
ENG-Premier League,2324,Wolves,Tawanda Chirewa,ZIM,FW,19,2003,8,145,18,4.2,1.6,1,74,0,7,10,15,0.25,0,2,-2,-1.24,-0.88
ENG-Premier League,2324,Wolves,Temple Ojinnaka,ITA,MF,18,2005,0,,,,,0,,0,0,,1,,,,,,
ENG-Premier League,2324,Wolves,Tom King,WAL,GK,28,1995,0,,,,,0,,0,0,,4,,,,,,
ENG-Premier League,2324,Wolves,Tommy Doyle,ENG,MF,21,2001,26,1222,47,35.7,13.6,11,82,5,15,22,6,1.08,18,24,-6,-0.44,-0.07
ENG-Premier League,2324,Wolves,Toti Gomes,POR,DF,24,1999,35,2772,79,81.1,30.8,31,86,23,4,29,3,1.31,42,49,-7,-0.23,0.88
ENG-Premier League,2324,Wolves,Ty Barnett,ENG,MF,18,2005,0,,,,,0,,0,0,,6,,,,,,
ENG-Premier League,2324,Wolves,Wesley Okoduwa,ENG,DF,15,2008,0,,,,,0,,0,0,,5,,,,,,
ENG-Premier League,2324,Wolves,Yerson Mosquera,COL,DF,22,2001,0,,,,,0,,0,0,,1,,,,,,
