league,season,game,week,day,date,time,home_team,score,away_team,attendance,venue,referee,match_report,notes,game_id
ENG-Premier League,2324,2023-08-11 Burnley-Manchester City,1,Fri,2023-08-11,20:00 (02:00),Burnley,0–3,Manchester City,21572,Turf Moor,Craig Pawson,/en/matches/3a6836b4/Burnley-Manchester-City-August-11-2023-Premier-League,,3a6836b4
ENG-Premier League,2324,2023-08-12 Arsenal-Nottingham Forest,1,Sat,2023-08-12,12:30 (18:30),Arsenal,2–1,Nottingham Forest,59984,Emirates Stadium,Michael Oliver,/en/matches/26a7f90c/Arsenal-Nottingham-Forest-August-12-2023-Premier-League,,26a7f90c
ENG-Premier League,2324,2023-08-12 Bournemouth-West Ham United,1,Sat,2023-08-12,15:00 (21:00),Bournemouth,1–1,West Ham United,11245,Vitality Stadium,Peter Bankes,/en/matches/d6bbf293/Bournemouth-West-Ham-United-August-12-2023-Premier-League,,d6bbf293
ENG-Premier League,2324,2023-08-12 Brighton-Luton Town,1,Sat,2023-08-12,15:00 (21:00),Brighton,4–1,Luton Town,31872,The American Express Community Stadium,David Coote,/en/matches/56a137f7/Brighton-and-Hove-Albion-Luton-Town-August-12-2023-Premier-League,,56a137f7
ENG-Premier League,2324,2023-08-12 Everton-Fulham,1,Sat,2023-08-12,15:00 (21:00),Everton,0–1,Fulham,39940,Goodison Park,Stuart Attwell,/en/matches/15addfc7/Everton-Fulham-August-12-2023-Premier-League,,15addfc7
ENG-Premier League,2324,2023-08-12 Newcastle United-Aston Villa,1,Sat,2023-08-12,17:30 (23:30),Newcastle United,5–1,Aston Villa,52207,St James' Park,Andy Madley,/en/matches/8ff2f8fe/Newcastle-United-Aston-Villa-August-12-2023-Premier-League,,8ff2f8fe
ENG-Premier League,2324,2023-08-12 Sheffield United-Crystal Palace,1,Sat,2023-08-12,15:00 (21:00),Sheffield United,0–1,Crystal Palace,31194,Bramall Lane,John Brooks,/en/matches/55fd92c7/Sheffield-United-Crystal-Palace-August-12-2023-Premier-League,,55fd92c7
ENG-Premier League,2324,2023-08-13 Brentford-Tottenham Hotspur,1,Sun,2023-08-13,14:00 (20:00),Brentford,2–2,Tottenham Hotspur,17066,Gtech Community Stadium,Robert Jones,/en/matches/67ed3ba2/Brentford-Tottenham-Hotspur-August-13-2023-Premier-League,,67ed3ba2
ENG-Premier League,2324,2023-08-13 Chelsea-Liverpool,1,Sun,2023-08-13,16:30 (22:30),Chelsea,1–1,Liverpool,40096,Stamford Bridge,Anthony Taylor,/en/matches/c18d3207/Chelsea-Liverpool-August-13-2023-Premier-League,,c18d3207
ENG-Premier League,2324,2023-08-14 Manchester Utd-Wolves,1,Mon,2023-08-14,20:00 (02:00),Manchester Utd,1–0,Wolves,73358,Old Trafford,Simon Hooper,/en/matches/f1ecda2c/Manchester-United-Wolverhampton-Wanderers-August-14-2023-Premier-League,,f1ecda2c
ENG-Premier League,2324,2023-08-18 Nottingham Forest-Sheffield United,2,Fri,2023-08-18,19:45 (01:45),Nottingham Forest,2–1,Sheffield United,29432,The City Ground,Peter Bankes,/en/matches/a0a93f71/Nottingham-Forest-Sheffield-United-August-18-2023-Premier-League,,a0a93f71
ENG-Premier League,2324,2023-08-19 Fulham-Brentford,2,Sat,2023-08-19,15:00 (21:00),Fulham,0–3,Brentford,24236,Craven Cottage,Darren Bond,/en/matches/46be83af/Fulham-Brentford-August-19-2023-Premier-League,,46be83af
ENG-Premier League,2324,2023-08-19 Liverpool-Bournemouth,2,Sat,2023-08-19,15:00 (21:00),Liverpool,3–1,Bournemouth,53145,Anfield,Thomas Bramall,/en/matches/80bebdbb/Liverpool-Bournemouth-August-19-2023-Premier-League,,80bebdbb
ENG-Premier League,2324,2023-08-19 Manchester City-Newcastle United,2,Sat,2023-08-19,20:00 (02:00),Manchester City,1–0,Newcastle United,53419,Etihad Stadium,Robert Jones,/en/matches/0b8f50a5/Manchester-City-Newcastle-United-August-19-2023-Premier-League,,0b8f50a5
ENG-Premier League,2324,2023-08-19 Tottenham Hotspur-Manchester Utd,2,Sat,2023-08-19,17:30 (23:30),Tottenham Hotspur,2–0,Manchester Utd,61910,Tottenham Hotspur Stadium,Michael Oliver,/en/matches/4bb62251/Tottenham-Hotspur-Manchester-United-August-19-2023-Premier-League,,4bb62251
ENG-Premier League,2324,2023-08-19 Wolves-Brighton,2,Sat,2023-08-19,15:00 (21:00),Wolves,1–4,Brighton,31317,Molineux Stadium,Andy Madley,/en/matches/d7c606ec/Wolverhampton-Wanderers-Brighton-and-Hove-Albion-August-19-2023-Premier-League,,d7c606ec
ENG-Premier League,2324,2023-08-20 Aston Villa-Everton,2,Sun,2023-08-20,14:00 (20:00),Aston Villa,4–0,Everton,41694,Villa Park,Anthony Taylor,/en/matches/959b558d/Aston-Villa-Everton-August-20-2023-Premier-League,,959b558d
ENG-Premier League,2324,2023-08-20 West Ham United-Chelsea,2,Sun,2023-08-20,16:30 (22:30),West Ham United,3–1,Chelsea,62451,London Stadium,John Brooks,/en/matches/44b9a07c/West-Ham-United-Chelsea-August-20-2023-Premier-League,,44b9a07c
ENG-Premier League,2324,2023-08-21 Crystal Palace-Arsenal,2,Mon,2023-08-21,20:00 (02:00),Crystal Palace,0–1,Arsenal,24189,Selhurst Park,David Coote,/en/matches/3b5ecd36/Crystal-Palace-Arsenal-August-21-2023-Premier-League,,3b5ecd36
ENG-Premier League,2324,2023-08-25 Chelsea-Luton Town,3,Fri,2023-08-25,20:00 (02:00),Chelsea,3–0,Luton Town,39893,Stamford Bridge,Robert Jones,/en/matches/6bfb9dc0/Chelsea-Luton-Town-August-25-2023-Premier-League,,6bfb9dc0
ENG-Premier League,2324,2023-08-26 Arsenal-Fulham,3,Sat,2023-08-26,15:00 (21:00),Arsenal,2–2,Fulham,59961,Emirates Stadium,Paul Tierney,/en/matches/d8f8f8ad/Arsenal-Fulham-August-26-2023-Premier-League,,d8f8f8ad
ENG-Premier League,2324,2023-08-26 Bournemouth-Tottenham Hotspur,3,Sat,2023-08-26,12:30 (18:30),Bournemouth,0–2,Tottenham Hotspur,10567,Vitality Stadium,Tim Robinson,/en/matches/f49c4ad2/Bournemouth-Tottenham-Hotspur-August-26-2023-Premier-League,,f49c4ad2
ENG-Premier League,2324,2023-08-26 Brentford-Crystal Palace,3,Sat,2023-08-26,15:00 (21:00),Brentford,1–1,Crystal Palace,16997,Gtech Community Stadium,Peter Bankes,/en/matches/537b2b0b/Brentford-Crystal-Palace-August-26-2023-Premier-League,,537b2b0b
ENG-Premier League,2324,2023-08-26 Brighton-West Ham United,3,Sat,2023-08-26,17:30 (23:30),Brighton,1–3,West Ham United,31508,The American Express Community Stadium,Anthony Taylor,/en/matches/ba68d60c/Brighton-and-Hove-Albion-West-Ham-United-August-26-2023-Premier-League,,ba68d60c
ENG-Premier League,2324,2023-08-26 Everton-Wolves,3,Sat,2023-08-26,15:00 (21:00),Everton,0–1,Wolves,38851,Goodison Park,Craig Pawson,/en/matches/18dfee28/Everton-Wolverhampton-Wanderers-August-26-2023-Premier-League,,18dfee28
ENG-Premier League,2324,2023-08-26 Manchester Utd-Nottingham Forest,3,Sat,2023-08-26,15:00 (21:00),Manchester Utd,3–2,Nottingham Forest,73595,Old Trafford,Stuart Attwell,/en/matches/70d9b1ab/Manchester-United-Nottingham-Forest-August-26-2023-Premier-League,,70d9b1ab
ENG-Premier League,2324,2023-08-27 Burnley-Aston Villa,3,Sun,2023-08-27,14:00 (20:00),Burnley,1–3,Aston Villa,21591,Turf Moor,Michael Salisbury,/en/matches/b66a7def/Burnley-Aston-Villa-August-27-2023-Premier-League,,b66a7def
ENG-Premier League,2324,2023-08-27 Newcastle United-Liverpool,3,Sun,2023-08-27,16:30 (22:30),Newcastle United,1–2,Liverpool,52214,St James' Park,John Brooks,/en/matches/b31156ab/Newcastle-United-Liverpool-August-27-2023-Premier-League,,b31156ab
ENG-Premier League,2324,2023-08-27 Sheffield United-Manchester City,3,Sun,2023-08-27,14:00 (20:00),Sheffield United,1–2,Manchester City,31336,Bramall Lane,Jarred Gillett,/en/matches/0844ff10/Sheffield-United-Manchester-City-August-27-2023-Premier-League,,0844ff10
ENG-Premier League,2324,2023-09-01 Luton Town-West Ham United,4,Fri,2023-09-01,20:00 (02:00),Luton Town,1–2,West Ham United,10802,Kenilworth Road Stadium,Paul Tierney,/en/matches/e929e225/Luton-Town-West-Ham-United-September-1-2023-Premier-League,,e929e225
ENG-Premier League,2324,2023-09-02 Brentford-Bournemouth,4,Sat,2023-09-02,15:00 (21:00),Brentford,2–2,Bournemouth,16973,Gtech Community Stadium,Robert Madley,/en/matches/e2946b10/Brentford-Bournemouth-September-2-2023-Premier-League,,e2946b10
ENG-Premier League,2324,2023-09-02 Brighton-Newcastle United,4,Sat,2023-09-02,17:30 (23:30),Brighton,3–1,Newcastle United,31620,The American Express Community Stadium,Stuart Attwell,/en/matches/4f754e0a/Brighton-and-Hove-Albion-Newcastle-United-September-2-2023-Premier-League,,4f754e0a
ENG-Premier League,2324,2023-09-02 Burnley-Tottenham Hotspur,4,Sat,2023-09-02,15:00 (21:00),Burnley,2–5,Tottenham Hotspur,21750,Turf Moor,Darren England,/en/matches/f1786fb8/Burnley-Tottenham-Hotspur-September-2-2023-Premier-League,,f1786fb8
ENG-Premier League,2324,2023-09-02 Chelsea-Nottingham Forest,4,Sat,2023-09-02,15:00 (21:00),Chelsea,0–1,Nottingham Forest,39820,Stamford Bridge,Tim Robinson,/en/matches/44e89d37/Chelsea-Nottingham-Forest-September-2-2023-Premier-League,,44e89d37
ENG-Premier League,2324,2023-09-02 Manchester City-Fulham,4,Sat,2023-09-02,15:00 (21:00),Manchester City,5–1,Fulham,52899,Etihad Stadium,Michael Oliver,/en/matches/88066bdf/Manchester-City-Fulham-September-2-2023-Premier-League,,88066bdf
ENG-Premier League,2324,2023-09-02 Sheffield United-Everton,4,Sat,2023-09-02,12:30 (18:30),Sheffield United,2–2,Everton,31124,Bramall Lane,Andy Madley,/en/matches/87b46bb9/Sheffield-United-Everton-September-2-2023-Premier-League,,87b46bb9
ENG-Premier League,2324,2023-09-03 Arsenal-Manchester Utd,4,Sun,2023-09-03,16:30 (22:30),Arsenal,3–1,Manchester Utd,60192,Emirates Stadium,Anthony Taylor,/en/matches/74125d47/Arsenal-Manchester-United-September-3-2023-Premier-League,,74125d47
ENG-Premier League,2324,2023-09-03 Crystal Palace-Wolves,4,Sun,2023-09-03,14:00 (20:00),Crystal Palace,3–2,Wolves,24741,Selhurst Park,Robert Jones,/en/matches/f9436d32/Crystal-Palace-Wolverhampton-Wanderers-September-3-2023-Premier-League,,f9436d32
ENG-Premier League,2324,2023-09-03 Liverpool-Aston Villa,4,Sun,2023-09-03,14:00 (20:00),Liverpool,3–0,Aston Villa,50109,Anfield,Simon Hooper,/en/matches/bdbc722e/Liverpool-Aston-Villa-September-3-2023-Premier-League,,bdbc722e
ENG-Premier League,2324,2023-09-16 Aston Villa-Crystal Palace,5,Sat,2023-09-16,15:00 (21:00),Aston Villa,3–1,Crystal Palace,40809,Villa Park,Darren England,/en/matches/bc77340e/Aston-Villa-Crystal-Palace-September-16-2023-Premier-League,,bc77340e
ENG-Premier League,2324,2023-09-16 Fulham-Luton Town,5,Sat,2023-09-16,15:00 (21:00),Fulham,1–0,Luton Town,24467,Craven Cottage,Michael Salisbury,/en/matches/48b1bdc7/Fulham-Luton-Town-September-16-2023-Premier-League,,48b1bdc7
ENG-Premier League,2324,2023-09-16 Manchester Utd-Brighton,5,Sat,2023-09-16,15:00 (21:00),Manchester Utd,1–3,Brighton,73592,Old Trafford,Jarred Gillett,/en/matches/ddcf2857/Manchester-United-Brighton-and-Hove-Albion-September-16-2023-Premier-League,,ddcf2857
ENG-Premier League,2324,2023-09-16 Newcastle United-Brentford,5,Sat,2023-09-16,17:30 (23:30),Newcastle United,1–0,Brentford,51670,St James' Park,Craig Pawson,/en/matches/71b7e5e2/Newcastle-United-Brentford-September-16-2023-Premier-League,,71b7e5e2
ENG-Premier League,2324,2023-09-16 Tottenham Hotspur-Sheffield United,5,Sat,2023-09-16,15:00 (21:00),Tottenham Hotspur,2–1,Sheffield United,61706,Tottenham Hotspur Stadium,Peter Bankes,/en/matches/e56e96e1/Tottenham-Hotspur-Sheffield-United-September-16-2023-Premier-League,,e56e96e1
ENG-Premier League,2324,2023-09-16 West Ham United-Manchester City,5,Sat,2023-09-16,15:00 (21:00),West Ham United,1–3,Manchester City,62475,London Stadium,Andy Madley,/en/matches/64c0a6e2/West-Ham-United-Manchester-City-September-16-2023-Premier-League,,64c0a6e2
ENG-Premier League,2324,2023-09-16 Wolves-Liverpool,5,Sat,2023-09-16,12:30 (18:30),Wolves,1–3,Liverpool,31257,Molineux Stadium,Michael Oliver,/en/matches/38daebd2/Wolverhampton-Wanderers-Liverpool-September-16-2023-Premier-League,,38daebd2
ENG-Premier League,2324,2023-09-17 Bournemouth-Chelsea,5,Sun,2023-09-17,14:00 (20:00),Bournemouth,0–0,Chelsea,10421,Vitality Stadium,David Coote,/en/matches/be0cbf88/Bournemouth-Chelsea-September-17-2023-Premier-League,,be0cbf88
ENG-Premier League,2324,2023-09-17 Everton-Arsenal,5,Sun,2023-09-17,16:30 (22:30),Everton,0–1,Arsenal,39217,Goodison Park,Simon Hooper,/en/matches/b1278924/Everton-Arsenal-September-17-2023-Premier-League,,b1278924
ENG-Premier League,2324,2023-09-18 Nottingham Forest-Burnley,5,Mon,2023-09-18,19:45 (01:45),Nottingham Forest,1–1,Burnley,28958,The City Ground,Robert Jones,/en/matches/ad7ecfad/Nottingham-Forest-Burnley-September-18-2023-Premier-League,,ad7ecfad
ENG-Premier League,2324,2023-09-23 Brentford-Everton,6,Sat,2023-09-23,17:30 (23:30),Brentford,1–3,Everton,16981,Gtech Community Stadium,Michael Oliver,/en/matches/96681b93/Brentford-Everton-September-23-2023-Premier-League,,96681b93
ENG-Premier League,2324,2023-09-23 Burnley-Manchester Utd,6,Sat,2023-09-23,20:00 (02:00),Burnley,0–1,Manchester Utd,21593,Turf Moor,Tony Harrington,/en/matches/8e26793d/Burnley-Manchester-United-September-23-2023-Premier-League,,8e26793d
ENG-Premier League,2324,2023-09-23 Crystal Palace-Fulham,6,Sat,2023-09-23,15:00 (21:00),Crystal Palace,0–0,Fulham,25072,Selhurst Park,Paul Tierney,/en/matches/cf0b2b19/Crystal-Palace-Fulham-September-23-2023-Premier-League,,cf0b2b19
ENG-Premier League,2324,2023-09-23 Luton Town-Wolves,6,Sat,2023-09-23,15:00 (21:00),Luton Town,1–1,Wolves,10893,Kenilworth Road Stadium,Joshua Smith,/en/matches/76a1421e/Luton-Town-Wolverhampton-Wanderers-September-23-2023-Premier-League,,76a1421e
ENG-Premier League,2324,2023-09-23 Manchester City-Nottingham Forest,6,Sat,2023-09-23,15:00 (21:00),Manchester City,2–0,Nottingham Forest,53413,Etihad Stadium,Anthony Taylor,/en/matches/5dc7e234/Manchester-City-Nottingham-Forest-September-23-2023-Premier-League,,5dc7e234
ENG-Premier League,2324,2023-09-24 Arsenal-Tottenham Hotspur,6,Sun,2023-09-24,14:00 (20:00),Arsenal,2–2,Tottenham Hotspur,60156,Emirates Stadium,Robert Jones,/en/matches/08947a10/North-London-Derby-Arsenal-Tottenham-Hotspur-September-24-2023-Premier-League,,08947a10
ENG-Premier League,2324,2023-09-24 Brighton-Bournemouth,6,Sun,2023-09-24,14:00 (20:00),Brighton,3–1,Bournemouth,31617,The American Express Community Stadium,John Brooks,/en/matches/5593f16c/Brighton-and-Hove-Albion-Bournemouth-September-24-2023-Premier-League,,5593f16c
ENG-Premier League,2324,2023-09-24 Chelsea-Aston Villa,6,Sun,2023-09-24,14:00 (20:00),Chelsea,0–1,Aston Villa,39700,Stamford Bridge,Jarred Gillett,/en/matches/7d2c5e05/Chelsea-Aston-Villa-September-24-2023-Premier-League,,7d2c5e05
ENG-Premier League,2324,2023-09-24 Liverpool-West Ham United,6,Sun,2023-09-24,14:00 (20:00),Liverpool,3–1,West Ham United,50136,Anfield,Chris Kavanagh,/en/matches/90adf8b3/Liverpool-West-Ham-United-September-24-2023-Premier-League,,90adf8b3
ENG-Premier League,2324,2023-09-24 Sheffield United-Newcastle United,6,Sun,2023-09-24,16:30 (22:30),Sheffield United,0–8,Newcastle United,31127,Bramall Lane,Stuart Attwell,/en/matches/cf4fef85/Sheffield-United-Newcastle-United-September-24-2023-Premier-League,,cf4fef85
ENG-Premier League,2324,2023-09-30 Aston Villa-Brighton,7,Sat,2023-09-30,12:30 (18:30),Aston Villa,6–1,Brighton,40636,Villa Park,Andy Madley,/en/matches/2df9a3a1/Aston-Villa-Brighton-and-Hove-Albion-September-30-2023-Premier-League,,2df9a3a1
ENG-Premier League,2324,2023-09-30 Bournemouth-Arsenal,7,Sat,2023-09-30,15:00 (21:00),Bournemouth,0–4,Arsenal,11193,Vitality Stadium,Michael Salisbury,/en/matches/8de4aca0/Bournemouth-Arsenal-September-30-2023-Premier-League,,8de4aca0
ENG-Premier League,2324,2023-09-30 Everton-Luton Town,7,Sat,2023-09-30,15:00 (21:00),Everton,1–2,Luton Town,39289,Goodison Park,Anthony Taylor,/en/matches/921d5f17/Everton-Luton-Town-September-30-2023-Premier-League,,921d5f17
ENG-Premier League,2324,2023-09-30 Manchester Utd-Crystal Palace,7,Sat,2023-09-30,15:00 (21:00),Manchester Utd,0–1,Crystal Palace,73428,Old Trafford,Chris Kavanagh,/en/matches/ef2b7ab9/Manchester-United-Crystal-Palace-September-30-2023-Premier-League,,ef2b7ab9
ENG-Premier League,2324,2023-09-30 Newcastle United-Burnley,7,Sat,2023-09-30,15:00 (21:00),Newcastle United,2–0,Burnley,51687,St James' Park,Thomas Bramall,/en/matches/a79ff136/Newcastle-United-Burnley-September-30-2023-Premier-League,,a79ff136
ENG-Premier League,2324,2023-09-30 Tottenham Hotspur-Liverpool,7,Sat,2023-09-30,17:30 (23:30),Tottenham Hotspur,2–1,Liverpool,62001,Tottenham Hotspur Stadium,Simon Hooper,/en/matches/ec4145b4/Tottenham-Hotspur-Liverpool-September-30-2023-Premier-League,,ec4145b4
ENG-Premier League,2324,2023-09-30 West Ham United-Sheffield United,7,Sat,2023-09-30,15:00 (21:00),West Ham United,2–0,Sheffield United,62459,London Stadium,Graham Scott,/en/matches/b82be6d7/West-Ham-United-Sheffield-United-September-30-2023-Premier-League,,b82be6d7
ENG-Premier League,2324,2023-09-30 Wolves-Manchester City,7,Sat,2023-09-30,15:00 (21:00),Wolves,2–1,Manchester City,31415,Molineux Stadium,Craig Pawson,/en/matches/60ce29cd/Wolverhampton-Wanderers-Manchester-City-September-30-2023-Premier-League,,60ce29cd
ENG-Premier League,2324,2023-10-01 Nottingham Forest-Brentford,7,Sun,2023-10-01,14:00 (20:00),Nottingham Forest,1–1,Brentford,29004,The City Ground,Paul Tierney,/en/matches/923467c5/Nottingham-Forest-Brentford-October-1-2023-Premier-League,,923467c5
ENG-Premier League,2324,2023-10-02 Fulham-Chelsea,7,Mon,2023-10-02,20:00 (02:00),Fulham,0–2,Chelsea,24445,Craven Cottage,Tim Robinson,/en/matches/c9787e60/Fulham-Chelsea-October-2-2023-Premier-League,,c9787e60
ENG-Premier League,2324,2023-10-03 Luton Town-Burnley,2,Tue,2023-10-03,19:30 (01:30),Luton Town,1–2,Burnley,10918,Kenilworth Road Stadium,Peter Bankes,/en/matches/4f7b3f27/Luton-Town-Burnley-October-3-2023-Premier-League,,4f7b3f27
ENG-Premier League,2324,2023-10-07 Burnley-Chelsea,8,Sat,2023-10-07,15:00 (21:00),Burnley,1–4,Chelsea,21654,Turf Moor,Stuart Attwell,/en/matches/cfd83ca3/Burnley-Chelsea-October-7-2023-Premier-League,,cfd83ca3
ENG-Premier League,2324,2023-10-07 Crystal Palace-Nottingham Forest,8,Sat,2023-10-07,17:30 (23:30),Crystal Palace,0–0,Nottingham Forest,25017,Selhurst Park,Craig Pawson,/en/matches/1828106c/Crystal-Palace-Nottingham-Forest-October-7-2023-Premier-League,,1828106c
ENG-Premier League,2324,2023-10-07 Everton-Bournemouth,8,Sat,2023-10-07,15:00 (21:00),Everton,3–0,Bournemouth,38815,Goodison Park,David Coote,/en/matches/497b9558/Everton-Bournemouth-October-7-2023-Premier-League,,497b9558
ENG-Premier League,2324,2023-10-07 Fulham-Sheffield United,8,Sat,2023-10-07,15:00 (21:00),Fulham,3–1,Sheffield United,24361,Craven Cottage,Samuel Barrott,/en/matches/ffc59ea8/Fulham-Sheffield-United-October-7-2023-Premier-League,,ffc59ea8
ENG-Premier League,2324,2023-10-07 Luton Town-Tottenham Hotspur,8,Sat,2023-10-07,12:30 (18:30),Luton Town,0–1,Tottenham Hotspur,10290,Kenilworth Road Stadium,John Brooks,/en/matches/d021f28f/Luton-Town-Tottenham-Hotspur-October-7-2023-Premier-League,,d021f28f
ENG-Premier League,2324,2023-10-07 Manchester Utd-Brentford,8,Sat,2023-10-07,15:00 (21:00),Manchester Utd,2–1,Brentford,73453,Old Trafford,Andy Madley,/en/matches/5006142a/Manchester-United-Brentford-October-7-2023-Premier-League,,5006142a
ENG-Premier League,2324,2023-10-08 Arsenal-Manchester City,8,Sun,2023-10-08,16:30 (22:30),Arsenal,1–0,Manchester City,60233,Emirates Stadium,Michael Oliver,/en/matches/59cd18ae/Arsenal-Manchester-City-October-8-2023-Premier-League,,59cd18ae
ENG-Premier League,2324,2023-10-08 Brighton-Liverpool,8,Sun,2023-10-08,14:00 (20:00),Brighton,2–2,Liverpool,31752,The American Express Community Stadium,Anthony Taylor,/en/matches/3b1ec657/Brighton-and-Hove-Albion-Liverpool-October-8-2023-Premier-League,,3b1ec657
ENG-Premier League,2324,2023-10-08 West Ham United-Newcastle United,8,Sun,2023-10-08,14:00 (20:00),West Ham United,2–2,Newcastle United,62473,London Stadium,Peter Bankes,/en/matches/017c9ca5/West-Ham-United-Newcastle-United-October-8-2023-Premier-League,,017c9ca5
ENG-Premier League,2324,2023-10-08 Wolves-Aston Villa,8,Sun,2023-10-08,14:00 (20:00),Wolves,1–1,Aston Villa,31425,Molineux Stadium,Robert Jones,/en/matches/3292ed35/Wolverhampton-Wanderers-Aston-Villa-October-8-2023-Premier-League,,3292ed35
ENG-Premier League,2324,2023-10-21 Bournemouth-Wolves,9,Sat,2023-10-21,15:00 (21:00),Bournemouth,1–2,Wolves,11175,Vitality Stadium,Paul Tierney,/en/matches/007b352e/Bournemouth-Wolverhampton-Wanderers-October-21-2023-Premier-League,,007b352e
ENG-Premier League,2324,2023-10-21 Brentford-Burnley,9,Sat,2023-10-21,15:00 (21:00),Brentford,3–0,Burnley,17029,Gtech Community Stadium,Joshua Smith,/en/matches/52781f37/Brentford-Burnley-October-21-2023-Premier-League,,52781f37
ENG-Premier League,2324,2023-10-21 Chelsea-Arsenal,9,Sat,2023-10-21,17:30 (23:30),Chelsea,2–2,Arsenal,39723,Stamford Bridge,Chris Kavanagh,/en/matches/a1c336e2/North-West-London-Derby-Chelsea-Arsenal-October-21-2023-Premier-League,,a1c336e2
ENG-Premier League,2324,2023-10-21 Liverpool-Everton,9,Sat,2023-10-21,12:30 (18:30),Liverpool,2–0,Everton,50201,Anfield,Craig Pawson,/en/matches/e747ddb3/Merseyside-Derby-Liverpool-Everton-October-21-2023-Premier-League,,e747ddb3
ENG-Premier League,2324,2023-10-21 Manchester City-Brighton,9,Sat,2023-10-21,15:00 (21:00),Manchester City,2–1,Brighton,53466,Etihad Stadium,Robert Jones,/en/matches/b782a834/Manchester-City-Brighton-and-Hove-Albion-October-21-2023-Premier-League,,b782a834
ENG-Premier League,2324,2023-10-21 Newcastle United-Crystal Palace,9,Sat,2023-10-21,15:00 (21:00),Newcastle United,4–0,Crystal Palace,52189,St James' Park,Tim Robinson,/en/matches/21625dde/Newcastle-United-Crystal-Palace-October-21-2023-Premier-League,,21625dde
ENG-Premier League,2324,2023-10-21 Nottingham Forest-Luton Town,9,Sat,2023-10-21,15:00 (21:00),Nottingham Forest,2–2,Luton Town,29361,The City Ground,Samuel Barrott,/en/matches/d1671efa/Nottingham-Forest-Luton-Town-October-21-2023-Premier-League,,d1671efa
ENG-Premier League,2324,2023-10-21 Sheffield United-Manchester Utd,9,Sat,2023-10-21,20:00 (02:00),Sheffield United,1–2,Manchester Utd,31543,Bramall Lane,Michael Oliver,/en/matches/d95b42eb/Sheffield-United-Manchester-United-October-21-2023-Premier-League,,d95b42eb
ENG-Premier League,2324,2023-10-22 Aston Villa-West Ham United,9,Sun,2023-10-22,16:30 (22:30),Aston Villa,4–1,West Ham United,41734,Villa Park,David Coote,/en/matches/7efcc598/Aston-Villa-West-Ham-United-October-22-2023-Premier-League,,7efcc598
ENG-Premier League,2324,2023-10-23 Tottenham Hotspur-Fulham,9,Mon,2023-10-23,20:00 (02:00),Tottenham Hotspur,2–0,Fulham,61286,Tottenham Hotspur Stadium,Anthony Taylor,/en/matches/8c6293a3/Tottenham-Hotspur-Fulham-October-23-2023-Premier-League,,8c6293a3
ENG-Premier League,2324,2023-10-27 Crystal Palace-Tottenham Hotspur,10,Fri,2023-10-27,20:00 (02:00),Crystal Palace,1–2,Tottenham Hotspur,25074,Selhurst Park,Andy Madley,/en/matches/6b0aa474/Crystal-Palace-Tottenham-Hotspur-October-27-2023-Premier-League,,6b0aa474
ENG-Premier League,2324,2023-10-28 Arsenal-Sheffield United,10,Sat,2023-10-28,15:00 (21:00),Arsenal,5–0,Sheffield United,60153,Emirates Stadium,Tim Robinson,/en/matches/d498f918/Arsenal-Sheffield-United-October-28-2023-Premier-League,,d498f918
ENG-Premier League,2324,2023-10-28 Bournemouth-Burnley,10,Sat,2023-10-28,15:00 (21:00),Bournemouth,2–1,Burnley,11152,Vitality Stadium,Samuel Barrott,/en/matches/c4c42d3e/Bournemouth-Burnley-October-28-2023-Premier-League,,c4c42d3e
ENG-Premier League,2324,2023-10-28 Chelsea-Brentford,10,Sat,2023-10-28,12:30 (18:30),Chelsea,0–2,Brentford,39575,Stamford Bridge,Simon Hooper,/en/matches/91e3b922/Chelsea-Brentford-October-28-2023-Premier-League,,91e3b922
ENG-Premier League,2324,2023-10-28 Wolves-Newcastle United,10,Sat,2023-10-28,17:30 (23:30),Wolves,2–2,Newcastle United,31584,Molineux Stadium,Anthony Taylor,/en/matches/b84d060a/Wolverhampton-Wanderers-Newcastle-United-October-28-2023-Premier-League,,b84d060a
ENG-Premier League,2324,2023-10-29 Aston Villa-Luton Town,10,Sun,2023-10-29,14:00 (21:00),Aston Villa,3–1,Luton Town,41785,Villa Park,John Brooks,/en/matches/ee677172/Aston-Villa-Luton-Town-October-29-2023-Premier-League,,ee677172
ENG-Premier League,2324,2023-10-29 Brighton-Fulham,10,Sun,2023-10-29,14:00 (21:00),Brighton,1–1,Fulham,31550,The American Express Community Stadium,Michael Salisbury,/en/matches/a0c422e9/Brighton-and-Hove-Albion-Fulham-October-29-2023-Premier-League,,a0c422e9
ENG-Premier League,2324,2023-10-29 Liverpool-Nottingham Forest,10,Sun,2023-10-29,14:00 (21:00),Liverpool,3–0,Nottingham Forest,50143,Anfield,Chris Kavanagh,/en/matches/79bf0c7f/Liverpool-Nottingham-Forest-October-29-2023-Premier-League,,79bf0c7f
ENG-Premier League,2324,2023-10-29 Manchester Utd-Manchester City,10,Sun,2023-10-29,15:30 (22:30),Manchester Utd,0–3,Manchester City,73502,Old Trafford,Paul Tierney,/en/matches/f6bfec82/Manchester-Derby-Manchester-United-Manchester-City-October-29-2023-Premier-League,,f6bfec82
ENG-Premier League,2324,2023-10-29 West Ham United-Everton,10,Sun,2023-10-29,13:00 (20:00),West Ham United,0–1,Everton,62469,London Stadium,Stuart Attwell,/en/matches/868a89be/West-Ham-United-Everton-October-29-2023-Premier-League,,868a89be
ENG-Premier League,2324,2023-11-04 Brentford-West Ham United,11,Sat,2023-11-04,15:00 (22:00),Brentford,3–2,West Ham United,17103,Gtech Community Stadium,Thomas Bramall,/en/matches/3235dd6e/Brentford-West-Ham-United-November-4-2023-Premier-League,,3235dd6e
ENG-Premier League,2324,2023-11-04 Burnley-Crystal Palace,11,Sat,2023-11-04,15:00 (22:00),Burnley,0–2,Crystal Palace,21578,Turf Moor,Peter Bankes,/en/matches/8797f9a9/Burnley-Crystal-Palace-November-4-2023-Premier-League,,8797f9a9
ENG-Premier League,2324,2023-11-04 Everton-Brighton,11,Sat,2023-11-04,15:00 (22:00),Everton,1–1,Brighton,38683,Goodison Park,Tim Robinson,/en/matches/6ecb53ac/Everton-Brighton-and-Hove-Albion-November-4-2023-Premier-League,,6ecb53ac
ENG-Premier League,2324,2023-11-04 Fulham-Manchester Utd,11,Sat,2023-11-04,12:30 (19:30),Fulham,0–1,Manchester Utd,24415,Craven Cottage,John Brooks,/en/matches/31273be0/Fulham-Manchester-United-November-4-2023-Premier-League,,31273be0
ENG-Premier League,2324,2023-11-04 Manchester City-Bournemouth,11,Sat,2023-11-04,15:00 (22:00),Manchester City,6–1,Bournemouth,53358,Etihad Stadium,Craig Pawson,/en/matches/e75a870b/Manchester-City-Bournemouth-November-4-2023-Premier-League,,e75a870b
ENG-Premier League,2324,2023-11-04 Newcastle United-Arsenal,11,Sat,2023-11-04,17:30 (00:30),Newcastle United,1–0,Arsenal,52194,St James' Park,Stuart Attwell,/en/matches/6096abaa/Newcastle-United-Arsenal-November-4-2023-Premier-League,,6096abaa
ENG-Premier League,2324,2023-11-04 Sheffield United-Wolves,11,Sat,2023-11-04,15:00 (22:00),Sheffield United,2–1,Wolves,29454,Bramall Lane,Robert Jones,/en/matches/e841bbac/Sheffield-United-Wolverhampton-Wanderers-November-4-2023-Premier-League,,e841bbac
ENG-Premier League,2324,2023-11-05 Luton Town-Liverpool,11,Sun,2023-11-05,16:30 (23:30),Luton Town,1–1,Liverpool,11049,Kenilworth Road Stadium,Andy Madley,/en/matches/a62b97ba/Luton-Town-Liverpool-November-5-2023-Premier-League,,a62b97ba
ENG-Premier League,2324,2023-11-05 Nottingham Forest-Aston Villa,11,Sun,2023-11-05,14:00 (21:00),Nottingham Forest,2–0,Aston Villa,29313,The City Ground,Jarred Gillett,/en/matches/ac18f108/Nottingham-Forest-Aston-Villa-November-5-2023-Premier-League,,ac18f108
ENG-Premier League,2324,2023-11-06 Tottenham Hotspur-Chelsea,11,Mon,2023-11-06,20:00 (03:00),Tottenham Hotspur,1–4,Chelsea,61726,Tottenham Hotspur Stadium,Michael Oliver,/en/matches/478e4eb3/Tottenham-Hotspur-Chelsea-November-6-2023-Premier-League,,478e4eb3
ENG-Premier League,2324,2023-11-11 Arsenal-Burnley,12,Sat,2023-11-11,15:00 (22:00),Arsenal,3–1,Burnley,60232,Emirates Stadium,Michael Oliver,/en/matches/2cb4e4dc/Arsenal-Burnley-November-11-2023-Premier-League,,2cb4e4dc
ENG-Premier League,2324,2023-11-11 Bournemouth-Newcastle United,12,Sat,2023-11-11,17:30 (00:30),Bournemouth,2–0,Newcastle United,11201,Vitality Stadium,Chris Kavanagh,/en/matches/641024cf/Bournemouth-Newcastle-United-November-11-2023-Premier-League,,641024cf
ENG-Premier League,2324,2023-11-11 Crystal Palace-Everton,12,Sat,2023-11-11,15:00 (22:00),Crystal Palace,2–3,Everton,25103,Selhurst Park,Samuel Barrott,/en/matches/a4795b68/Crystal-Palace-Everton-November-11-2023-Premier-League,,a4795b68
ENG-Premier League,2324,2023-11-11 Manchester Utd-Luton Town,12,Sat,2023-11-11,15:00 (22:00),Manchester Utd,1–0,Luton Town,73599,Old Trafford,Graham Scott,/en/matches/4b9f3f25/Manchester-United-Luton-Town-November-11-2023-Premier-League,,4b9f3f25
ENG-Premier League,2324,2023-11-11 Wolves-Tottenham Hotspur,12,Sat,2023-11-11,12:30 (19:30),Wolves,2–1,Tottenham Hotspur,31642,Molineux Stadium,Tim Robinson,/en/matches/1634f066/Wolverhampton-Wanderers-Tottenham-Hotspur-November-11-2023-Premier-League,,1634f066
ENG-Premier League,2324,2023-11-12 Aston Villa-Fulham,12,Sun,2023-11-12,14:00 (21:00),Aston Villa,3–1,Fulham,41608,Villa Park,Simon Hooper,/en/matches/d6a70a44/Aston-Villa-Fulham-November-12-2023-Premier-League,,d6a70a44
ENG-Premier League,2324,2023-11-12 Brighton-Sheffield United,12,Sun,2023-11-12,14:00 (21:00),Brighton,1–1,Sheffield United,31367,The American Express Community Stadium,John Brooks,/en/matches/ebf41e41/Brighton-and-Hove-Albion-Sheffield-United-November-12-2023-Premier-League,,ebf41e41
ENG-Premier League,2324,2023-11-12 Chelsea-Manchester City,12,Sun,2023-11-12,16:30 (23:30),Chelsea,4–4,Manchester City,39532,Stamford Bridge,Anthony Taylor,/en/matches/53bb8f30/Chelsea-Manchester-City-November-12-2023-Premier-League,,53bb8f30
ENG-Premier League,2324,2023-11-12 Liverpool-Brentford,12,Sun,2023-11-12,14:00 (21:00),Liverpool,3–0,Brentford,50151,Anfield,Paul Tierney,/en/matches/996ee990/Liverpool-Brentford-November-12-2023-Premier-League,,996ee990
ENG-Premier League,2324,2023-11-12 West Ham United-Nottingham Forest,12,Sun,2023-11-12,14:00 (21:00),West Ham United,3–2,Nottingham Forest,62470,London Stadium,Michael Salisbury,/en/matches/76b8e568/West-Ham-United-Nottingham-Forest-November-12-2023-Premier-League,,76b8e568
ENG-Premier League,2324,2023-11-25 Brentford-Arsenal,13,Sat,2023-11-25,17:30 (00:30),Brentford,0–1,Arsenal,17201,Gtech Community Stadium,Tim Robinson,/en/matches/626c6561/Brentford-Arsenal-November-25-2023-Premier-League,,626c6561
ENG-Premier League,2324,2023-11-25 Burnley-West Ham United,13,Sat,2023-11-25,15:00 (22:00),Burnley,1–2,West Ham United,21319,Turf Moor,Samuel Barrott,/en/matches/36a64522/Burnley-West-Ham-United-November-25-2023-Premier-League,,36a64522
ENG-Premier League,2324,2023-11-25 Luton Town-Crystal Palace,13,Sat,2023-11-25,15:00 (22:00),Luton Town,2–1,Crystal Palace,11029,Kenilworth Road Stadium,Jarred Gillett,/en/matches/f4805536/Luton-Town-Crystal-Palace-November-25-2023-Premier-League,,f4805536
ENG-Premier League,2324,2023-11-25 Manchester City-Liverpool,13,Sat,2023-11-25,12:30 (19:30),Manchester City,1–1,Liverpool,53289,Etihad Stadium,Chris Kavanagh,/en/matches/5d4a5006/Manchester-City-Liverpool-November-25-2023-Premier-League,,5d4a5006
ENG-Premier League,2324,2023-11-25 Newcastle United-Chelsea,13,Sat,2023-11-25,15:00 (22:00),Newcastle United,4–1,Chelsea,52227,St James' Park,Simon Hooper,/en/matches/8c8f48f4/Newcastle-United-Chelsea-November-25-2023-Premier-League,,8c8f48f4
ENG-Premier League,2324,2023-11-25 Nottingham Forest-Brighton,13,Sat,2023-11-25,15:00 (22:00),Nottingham Forest,2–3,Brighton,29404,The City Ground,Anthony Taylor,/en/matches/36be5cee/Nottingham-Forest-Brighton-and-Hove-Albion-November-25-2023-Premier-League,,36be5cee
ENG-Premier League,2324,2023-11-25 Sheffield United-Bournemouth,13,Sat,2023-11-25,15:00 (22:00),Sheffield United,1–3,Bournemouth,30208,Bramall Lane,Andy Madley,/en/matches/799a2c04/Sheffield-United-Bournemouth-November-25-2023-Premier-League,,799a2c04
ENG-Premier League,2324,2023-11-26 Everton-Manchester Utd,13,Sun,2023-11-26,16:30 (23:30),Everton,0–3,Manchester Utd,39257,Goodison Park,John Brooks,/en/matches/f82a83dd/Everton-Manchester-United-November-26-2023-Premier-League,,f82a83dd
ENG-Premier League,2324,2023-11-26 Tottenham Hotspur-Aston Villa,13,Sun,2023-11-26,14:00 (21:00),Tottenham Hotspur,1–2,Aston Villa,61679,Tottenham Hotspur Stadium,Robert Jones,/en/matches/83db7754/Tottenham-Hotspur-Aston-Villa-November-26-2023-Premier-League,,83db7754
ENG-Premier League,2324,2023-11-27 Fulham-Wolves,13,Mon,2023-11-27,20:00 (03:00),Fulham,3–2,Wolves,24366,Craven Cottage,Michael Salisbury,/en/matches/b19cc422/Fulham-Wolverhampton-Wanderers-November-27-2023-Premier-League,,b19cc422
ENG-Premier League,2324,2023-12-02 Arsenal-Wolves,14,Sat,2023-12-02,15:00 (22:00),Arsenal,2–1,Wolves,60262,Emirates Stadium,Peter Bankes,/en/matches/6e65df8e/Arsenal-Wolverhampton-Wanderers-December-2-2023-Premier-League,,6e65df8e
ENG-Premier League,2324,2023-12-02 Brentford-Luton Town,14,Sat,2023-12-02,15:00 (22:00),Brentford,3–1,Luton Town,17075,Gtech Community Stadium,Anthony Taylor,/en/matches/0f71f535/Brentford-Luton-Town-December-2-2023-Premier-League,,0f71f535
ENG-Premier League,2324,2023-12-02 Burnley-Sheffield United,14,Sat,2023-12-02,15:00 (22:00),Burnley,5–0,Sheffield United,21478,Turf Moor,Chris Kavanagh,/en/matches/e2c53b0a/Burnley-Sheffield-United-December-2-2023-Premier-League,,e2c53b0a
ENG-Premier League,2324,2023-12-02 Newcastle United-Manchester Utd,14,Sat,2023-12-02,20:00 (03:00),Newcastle United,1–0,Manchester Utd,52214,St James' Park,Robert Jones,/en/matches/66a1f3ac/Newcastle-United-Manchester-United-December-2-2023-Premier-League,,66a1f3ac
ENG-Premier League,2324,2023-12-02 Nottingham Forest-Everton,14,Sat,2023-12-02,17:30 (00:30),Nottingham Forest,0–1,Everton,29404,The City Ground,Paul Tierney,/en/matches/0486198b/Nottingham-Forest-Everton-December-2-2023-Premier-League,,0486198b
ENG-Premier League,2324,2023-12-03 Bournemouth-Aston Villa,14,Sun,2023-12-03,14:00 (21:00),Bournemouth,2–2,Aston Villa,11191,Vitality Stadium,Thomas Bramall,/en/matches/19533403/Bournemouth-Aston-Villa-December-3-2023-Premier-League,,19533403
ENG-Premier League,2324,2023-12-03 Chelsea-Brighton,14,Sun,2023-12-03,14:00 (21:00),Chelsea,3–2,Brighton,39647,Stamford Bridge,Craig Pawson,/en/matches/86b7d24f/Chelsea-Brighton-and-Hove-Albion-December-3-2023-Premier-League,,86b7d24f
ENG-Premier League,2324,2023-12-03 Liverpool-Fulham,14,Sun,2023-12-03,14:00 (21:00),Liverpool,4–3,Fulham,50124,Anfield,Stuart Attwell,/en/matches/4b7e6f44/Liverpool-Fulham-December-3-2023-Premier-League,,4b7e6f44
ENG-Premier League,2324,2023-12-03 Manchester City-Tottenham Hotspur,14,Sun,2023-12-03,16:30 (23:30),Manchester City,3–3,Tottenham Hotspur,53473,Etihad Stadium,Simon Hooper,/en/matches/0e39f016/Manchester-City-Tottenham-Hotspur-December-3-2023-Premier-League,,0e39f016
ENG-Premier League,2324,2023-12-03 West Ham United-Crystal Palace,14,Sun,2023-12-03,14:00 (21:00),West Ham United,1–1,Crystal Palace,62414,London Stadium,Michael Oliver,/en/matches/f7fb8049/West-Ham-United-Crystal-Palace-December-3-2023-Premier-League,,f7fb8049
ENG-Premier League,2324,2023-12-05 Luton Town-Arsenal,15,Tue,2023-12-05,20:15 (03:15),Luton Town,3–4,Arsenal,11031,Kenilworth Road Stadium,Samuel Barrott,/en/matches/dd3a5afc/Luton-Town-Arsenal-December-5-2023-Premier-League,,dd3a5afc
ENG-Premier League,2324,2023-12-05 Wolves-Burnley,15,Tue,2023-12-05,19:30 (02:30),Wolves,1–0,Burnley,30439,Molineux Stadium,Jarred Gillett,/en/matches/a52ffb27/Wolverhampton-Wanderers-Burnley-December-5-2023-Premier-League,,a52ffb27
ENG-Premier League,2324,2023-12-06 Aston Villa-Manchester City,15,Wed,2023-12-06,20:15 (03:15),Aston Villa,1–0,Manchester City,41421,Villa Park,John Brooks,/en/matches/0ad90506/Aston-Villa-Manchester-City-December-6-2023-Premier-League,,0ad90506
ENG-Premier League,2324,2023-12-06 Brighton-Brentford,15,Wed,2023-12-06,19:30 (02:30),Brighton,2–1,Brentford,31571,The American Express Community Stadium,Peter Bankes,/en/matches/75d21da8/Brighton-and-Hove-Albion-Brentford-December-6-2023-Premier-League,,75d21da8
ENG-Premier League,2324,2023-12-06 Crystal Palace-Bournemouth,15,Wed,2023-12-06,19:30 (02:30),Crystal Palace,0–2,Bournemouth,25078,Selhurst Park,Craig Pawson,/en/matches/09909bf8/Crystal-Palace-Bournemouth-December-6-2023-Premier-League,,09909bf8
ENG-Premier League,2324,2023-12-06 Fulham-Nottingham Forest,15,Wed,2023-12-06,19:30 (02:30),Fulham,5–0,Nottingham Forest,24105,Craven Cottage,Joshua Smith,/en/matches/fd5606da/Fulham-Nottingham-Forest-December-6-2023-Premier-League,,fd5606da
ENG-Premier League,2324,2023-12-06 Manchester Utd-Chelsea,15,Wed,2023-12-06,20:15 (03:15),Manchester Utd,2–1,Chelsea,73607,Old Trafford,Chris Kavanagh,/en/matches/49f486f6/Manchester-United-Chelsea-December-6-2023-Premier-League,,49f486f6
ENG-Premier League,2324,2023-12-06 Sheffield United-Liverpool,15,Wed,2023-12-06,19:30 (02:30),Sheffield United,0–2,Liverpool,31406,Bramall Lane,Simon Hooper,/en/matches/01aca132/Sheffield-United-Liverpool-December-6-2023-Premier-League,,01aca132
ENG-Premier League,2324,2023-12-07 Everton-Newcastle United,15,Thu,2023-12-07,19:30 (02:30),Everton,3–0,Newcastle United,38198,Goodison Park,Tim Robinson,/en/matches/2fe9d766/Everton-Newcastle-United-December-7-2023-Premier-League,,2fe9d766
ENG-Premier League,2324,2023-12-07 Tottenham Hotspur-West Ham United,15,Thu,2023-12-07,20:15 (03:15),Tottenham Hotspur,1–2,West Ham United,61171,Tottenham Hotspur Stadium,Michael Salisbury,/en/matches/200af033/Tottenham-Hotspur-West-Ham-United-December-7-2023-Premier-League,,200af033
ENG-Premier League,2324,2023-12-09 Aston Villa-Arsenal,16,Sat,2023-12-09,17:30 (00:30),Aston Villa,1–0,Arsenal,42000,Villa Park,Jarred Gillett,/en/matches/8cf29e50/Aston-Villa-Arsenal-December-9-2023-Premier-League,,8cf29e50
ENG-Premier League,2324,2023-12-09 Brighton-Burnley,16,Sat,2023-12-09,15:00 (22:00),Brighton,1–1,Burnley,31511,The American Express Community Stadium,Simon Hooper,/en/matches/ab18fa97/Brighton-and-Hove-Albion-Burnley-December-9-2023-Premier-League,,ab18fa97
ENG-Premier League,2324,2023-12-09 Crystal Palace-Liverpool,16,Sat,2023-12-09,12:30 (19:30),Crystal Palace,1–2,Liverpool,25103,Selhurst Park,Andy Madley,/en/matches/a1b18af3/Crystal-Palace-Liverpool-December-9-2023-Premier-League,,a1b18af3
ENG-Premier League,2324,2023-12-09 Manchester Utd-Bournemouth,16,Sat,2023-12-09,15:00 (22:00),Manchester Utd,0–3,Bournemouth,73427,Old Trafford,Peter Bankes,/en/matches/0760a568/Manchester-United-Bournemouth-December-9-2023-Premier-League,,0760a568
ENG-Premier League,2324,2023-12-09 Sheffield United-Brentford,16,Sat,2023-12-09,15:00 (22:00),Sheffield United,1–0,Brentford,28509,Bramall Lane,Stuart Attwell,/en/matches/e268f518/Sheffield-United-Brentford-December-9-2023-Premier-League,,e268f518
ENG-Premier League,2324,2023-12-09 Wolves-Nottingham Forest,16,Sat,2023-12-09,15:00 (22:00),Wolves,1–1,Nottingham Forest,31543,Molineux Stadium,Samuel Barrott,/en/matches/8c8fdba5/Wolverhampton-Wanderers-Nottingham-Forest-December-9-2023-Premier-League,,8c8fdba5
ENG-Premier League,2324,2023-12-10 Everton-Chelsea,16,Sun,2023-12-10,14:00 (21:00),Everton,2–0,Chelsea,39280,Goodison Park,Michael Oliver,/en/matches/953b5f9b/Everton-Chelsea-December-10-2023-Premier-League,,953b5f9b
ENG-Premier League,2324,2023-12-10 Fulham-West Ham United,16,Sun,2023-12-10,14:00 (21:00),Fulham,5–0,West Ham United,23988,Craven Cottage,Paul Tierney,/en/matches/d3dd23fb/Fulham-West-Ham-United-December-10-2023-Premier-League,,d3dd23fb
ENG-Premier League,2324,2023-12-10 Luton Town-Manchester City,16,Sun,2023-12-10,14:00 (21:00),Luton Town,1–2,Manchester City,11047,Kenilworth Road Stadium,Tim Robinson,/en/matches/f6155857/Luton-Town-Manchester-City-December-10-2023-Premier-League,,f6155857
ENG-Premier League,2324,2023-12-10 Tottenham Hotspur-Newcastle United,16,Sun,2023-12-10,16:30 (23:30),Tottenham Hotspur,4–1,Newcastle United,61171,Tottenham Hotspur Stadium,Chris Kavanagh,/en/matches/be6d1aac/Tottenham-Hotspur-Newcastle-United-December-10-2023-Premier-League,,be6d1aac
ENG-Premier League,2324,2023-12-15 Nottingham Forest-Tottenham Hotspur,17,Fri,2023-12-15,20:00 (03:00),Nottingham Forest,0–2,Tottenham Hotspur,29296,The City Ground,Jarred Gillett,/en/matches/4d9f1a71/Nottingham-Forest-Tottenham-Hotspur-December-15-2023-Premier-League,,4d9f1a71
ENG-Premier League,2324,2023-12-16 Burnley-Everton,17,Sat,2023-12-16,17:30 (00:30),Burnley,0–2,Everton,21413,Turf Moor,Anthony Taylor,/en/matches/01904d1d/Burnley-Everton-December-16-2023-Premier-League,,01904d1d
ENG-Premier League,2324,2023-12-16 Chelsea-Sheffield United,17,Sat,2023-12-16,15:00 (22:00),Chelsea,2–0,Sheffield United,39599,Stamford Bridge,Andy Madley,/en/matches/3bbbaf15/Chelsea-Sheffield-United-December-16-2023-Premier-League,,3bbbaf15
ENG-Premier League,2324,2023-12-16 Manchester City-Crystal Palace,17,Sat,2023-12-16,15:00 (22:00),Manchester City,2–2,Crystal Palace,53248,Etihad Stadium,Paul Tierney,/en/matches/30f3e1ee/Manchester-City-Crystal-Palace-December-16-2023-Premier-League,,30f3e1ee
ENG-Premier League,2324,2023-12-16 Newcastle United-Fulham,17,Sat,2023-12-16,15:00 (22:00),Newcastle United,3–0,Fulham,52055,St James' Park,Samuel Barrott,/en/matches/5db0f25b/Newcastle-United-Fulham-December-16-2023-Premier-League,,5db0f25b
ENG-Premier League,2324,2023-12-17 Arsenal-Brighton,17,Sun,2023-12-17,14:00 (21:00),Arsenal,2–0,Brighton,60257,Emirates Stadium,Tim Robinson,/en/matches/e3a46a4e/Arsenal-Brighton-and-Hove-Albion-December-17-2023-Premier-League,,e3a46a4e
ENG-Premier League,2324,2023-12-17 Brentford-Aston Villa,17,Sun,2023-12-17,14:00 (21:00),Brentford,1–2,Aston Villa,17034,Gtech Community Stadium,David Coote,/en/matches/4a3af0ab/Brentford-Aston-Villa-December-17-2023-Premier-League,,4a3af0ab
ENG-Premier League,2324,2023-12-17 Liverpool-Manchester Utd,17,Sun,2023-12-17,16:30 (23:30),Liverpool,0–0,Manchester Utd,57158,Anfield,Michael Oliver,/en/matches/18e98d77/North-West-Derby-Liverpool-Manchester-United-December-17-2023-Premier-League,,18e98d77
ENG-Premier League,2324,2023-12-17 West Ham United-Wolves,17,Sun,2023-12-17,14:00 (21:00),West Ham United,3–0,Wolves,62455,London Stadium,Chris Kavanagh,/en/matches/5f5bc7b3/West-Ham-United-Wolverhampton-Wanderers-December-17-2023-Premier-League,,5f5bc7b3
ENG-Premier League,2324,2023-12-21 Crystal Palace-Brighton,18,Thu,2023-12-21,20:00 (03:00),Crystal Palace,1–1,Brighton,24171,Selhurst Park,John Brooks,/en/matches/7340be7a/Crystal-Palace-Brighton-and-Hove-Albion-December-21-2023-Premier-League,,7340be7a
ENG-Premier League,2324,2023-12-22 Aston Villa-Sheffield United,18,Fri,2023-12-22,20:00 (03:00),Aston Villa,1–1,Sheffield United,41651,Villa Park,Anthony Taylor,/en/matches/37916998/Aston-Villa-Sheffield-United-December-22-2023-Premier-League,,37916998
ENG-Premier League,2324,2023-12-23 Fulham-Burnley,18,Sat,2023-12-23,15:00 (22:00),Fulham,0–2,Burnley,23598,Craven Cottage,Rebecca Welch,/en/matches/7dd3c51a/Fulham-Burnley-December-23-2023-Premier-League,,7dd3c51a
ENG-Premier League,2324,2023-12-23 Liverpool-Arsenal,18,Sat,2023-12-23,17:30 (00:30),Liverpool,1–1,Arsenal,57548,Anfield,Chris Kavanagh,/en/matches/bfbfbbe8/Liverpool-Arsenal-December-23-2023-Premier-League,,bfbfbbe8
ENG-Premier League,2324,2023-12-23 Luton Town-Newcastle United,18,Sat,2023-12-23,15:00 (22:00),Luton Town,1–0,Newcastle United,11042,Kenilworth Road Stadium,Darren England,/en/matches/46bfb645/Luton-Town-Newcastle-United-December-23-2023-Premier-League,,46bfb645
ENG-Premier League,2324,2023-12-23 Nottingham Forest-Bournemouth,18,Sat,2023-12-23,15:00 (22:00),Nottingham Forest,2–3,Bournemouth,29188,The City Ground,Robert Jones,/en/matches/c5548935/Nottingham-Forest-Bournemouth-December-23-2023-Premier-League,,c5548935
ENG-Premier League,2324,2023-12-23 Tottenham Hotspur-Everton,18,Sat,2023-12-23,15:00 (22:00),Tottenham Hotspur,2–1,Everton,61808,Tottenham Hotspur Stadium,Stuart Attwell,/en/matches/849071fe/Tottenham-Hotspur-Everton-December-23-2023-Premier-League,,849071fe
ENG-Premier League,2324,2023-12-23 West Ham United-Manchester Utd,18,Sat,2023-12-23,12:30 (19:30),West Ham United,2–0,Manchester Utd,64472,London Stadium,Simon Hooper,/en/matches/328777ed/West-Ham-United-Manchester-United-December-23-2023-Premier-League,,328777ed
ENG-Premier League,2324,2023-12-24 Wolves-Chelsea,18,Sun,2023-12-24,13:00 (20:00),Wolves,2–1,Chelsea,31641,Molineux Stadium,David Coote,/en/matches/8c0b314c/Wolverhampton-Wanderers-Chelsea-December-24-2023-Premier-League,,8c0b314c
ENG-Premier League,2324,2023-12-26 Bournemouth-Fulham,19,Tue,2023-12-26,15:00 (22:00),Bournemouth,3–0,Fulham,11099,Vitality Stadium,Tim Robinson,/en/matches/331c942d/Bournemouth-Fulham-December-26-2023-Premier-League,,331c942d
ENG-Premier League,2324,2023-12-26 Burnley-Liverpool,19,Tue,2023-12-26,17:30 (00:30),Burnley,0–2,Liverpool,21624,Turf Moor,Paul Tierney,/en/matches/c0904954/Burnley-Liverpool-December-26-2023-Premier-League,,c0904954
ENG-Premier League,2324,2023-12-26 Manchester Utd-Aston Villa,19,Tue,2023-12-26,20:00 (03:00),Manchester Utd,3–2,Aston Villa,73574,Old Trafford,Craig Pawson,/en/matches/83709fdf/Manchester-United-Aston-Villa-December-26-2023-Premier-League,,83709fdf
ENG-Premier League,2324,2023-12-26 Newcastle United-Nottingham Forest,19,Tue,2023-12-26,12:30 (19:30),Newcastle United,1–3,Nottingham Forest,52207,St James' Park,Chris Kavanagh,/en/matches/f22a20f0/Newcastle-United-Nottingham-Forest-December-26-2023-Premier-League,,f22a20f0
ENG-Premier League,2324,2023-12-26 Sheffield United-Luton Town,19,Tue,2023-12-26,15:00 (22:00),Sheffield United,2–3,Luton Town,31041,Bramall Lane,Samuel Allison,/en/matches/6269b2e3/Sheffield-United-Luton-Town-December-26-2023-Premier-League,,6269b2e3
ENG-Premier League,2324,2023-12-27 Brentford-Wolves,19,Wed,2023-12-27,19:30 (02:30),Brentford,1–4,Wolves,17109,Gtech Community Stadium,Andy Madley,/en/matches/ea28d527/Brentford-Wolverhampton-Wanderers-December-27-2023-Premier-League,,ea28d527
ENG-Premier League,2324,2023-12-27 Chelsea-Crystal Palace,19,Wed,2023-12-27,19:30 (02:30),Chelsea,2–1,Crystal Palace,39618,Stamford Bridge,Michael Salisbury,/en/matches/2bfb6552/Chelsea-Crystal-Palace-December-27-2023-Premier-League,,2bfb6552
ENG-Premier League,2324,2023-12-27 Everton-Manchester City,19,Wed,2023-12-27,20:15 (03:15),Everton,1–3,Manchester City,39327,Goodison Park,John Brooks,/en/matches/b9f69f01/Everton-Manchester-City-December-27-2023-Premier-League,,b9f69f01
ENG-Premier League,2324,2023-12-28 Arsenal-West Ham United,19,Thu,2023-12-28,20:15 (03:15),Arsenal,0–2,West Ham United,60261,Emirates Stadium,Michael Oliver,/en/matches/ba570015/Arsenal-West-Ham-United-December-28-2023-Premier-League,,ba570015
ENG-Premier League,2324,2023-12-28 Brighton-Tottenham Hotspur,19,Thu,2023-12-28,19:30 (02:30),Brighton,4–2,Tottenham Hotspur,31675,The American Express Community Stadium,Jarred Gillett,/en/matches/3e2e9248/Brighton-and-Hove-Albion-Tottenham-Hotspur-December-28-2023-Premier-League,,3e2e9248
ENG-Premier League,2324,2023-12-30 Aston Villa-Burnley,20,Sat,2023-12-30,15:00 (22:00),Aston Villa,3–2,Burnley,41613,Villa Park,Stuart Attwell,/en/matches/2828c5bc/Aston-Villa-Burnley-December-30-2023-Premier-League,,2828c5bc
ENG-Premier League,2324,2023-12-30 Crystal Palace-Brentford,20,Sat,2023-12-30,15:00 (22:00),Crystal Palace,3–1,Brentford,25472,Selhurst Park,Robert Jones,/en/matches/e9d5dd9b/Crystal-Palace-Brentford-December-30-2023-Premier-League,,e9d5dd9b
ENG-Premier League,2324,2023-12-30 Luton Town-Chelsea,20,Sat,2023-12-30,12:30 (19:30),Luton Town,2–3,Chelsea,11041,Kenilworth Road Stadium,Paul Tierney,/en/matches/8e04572c/Luton-Town-Chelsea-December-30-2023-Premier-League,,8e04572c
ENG-Premier League,2324,2023-12-30 Manchester City-Sheffield United,20,Sat,2023-12-30,15:00 (22:00),Manchester City,2–0,Sheffield United,53108,Etihad Stadium,David Coote,/en/matches/aefd7405/Manchester-City-Sheffield-United-December-30-2023-Premier-League,,aefd7405
ENG-Premier League,2324,2023-12-30 Nottingham Forest-Manchester Utd,20,Sat,2023-12-30,17:30 (00:30),Nottingham Forest,2–1,Manchester Utd,29529,The City Ground,Tim Robinson,/en/matches/1aa68cba/Nottingham-Forest-Manchester-United-December-30-2023-Premier-League,,1aa68cba
ENG-Premier League,2324,2023-12-30 Wolves-Everton,20,Sat,2023-12-30,15:00 (22:00),Wolves,3–0,Everton,31639,Molineux Stadium,Thomas Bramall,/en/matches/7dfc59ca/Wolverhampton-Wanderers-Everton-December-30-2023-Premier-League,,7dfc59ca
ENG-Premier League,2324,2023-12-31 Fulham-Arsenal,20,Sun,2023-12-31,14:00 (21:00),Fulham,2–1,Arsenal,24444,Craven Cottage,Joshua Smith,/en/matches/6c1b6ffc/Fulham-Arsenal-December-31-2023-Premier-League,,6c1b6ffc
ENG-Premier League,2324,2023-12-31 Tottenham Hotspur-Bournemouth,20,Sun,2023-12-31,14:00 (21:00),Tottenham Hotspur,3–1,Bournemouth,61780,Tottenham Hotspur Stadium,Simon Hooper,/en/matches/3ab71352/Tottenham-Hotspur-Bournemouth-December-31-2023-Premier-League,,3ab71352
ENG-Premier League,2324,2024-01-01 Liverpool-Newcastle United,20,Mon,2024-01-01,20:00 (03:00),Liverpool,4–2,Newcastle United,57471,Anfield,Anthony Taylor,/en/matches/107b2d79/Liverpool-Newcastle-United-January-1-2024-Premier-League,,107b2d79
ENG-Premier League,2324,2024-01-02 West Ham United-Brighton,20,Tue,2024-01-02,19:30 (02:30),West Ham United,0–0,Brighton,62462,London Stadium,Samuel Barrott,/en/matches/d557afd0/West-Ham-United-Brighton-and-Hove-Albion-January-2-2024-Premier-League,,d557afd0
ENG-Premier League,2324,2024-01-12 Burnley-Luton Town,21,Fri,2024-01-12,19:45 (02:45),Burnley,1–1,Luton Town,20155,Turf Moor,Tony Harrington,/en/matches/d62dd931/Burnley-Luton-Town-January-12-2024-Premier-League,,d62dd931
ENG-Premier League,2324,2024-01-13 Chelsea-Fulham,21,Sat,2024-01-13,12:30 (19:30),Chelsea,1–0,Fulham,39643,Stamford Bridge,Anthony Taylor,/en/matches/dd052c34/Chelsea-Fulham-January-13-2024-Premier-League,,dd052c34
ENG-Premier League,2324,2024-01-13 Newcastle United-Manchester City,21,Sat,2024-01-13,17:30 (00:30),Newcastle United,2–3,Manchester City,52190,St James' Park,Chris Kavanagh,/en/matches/738f8c3e/Newcastle-United-Manchester-City-January-13-2024-Premier-League,,738f8c3e
ENG-Premier League,2324,2024-01-14 Everton-Aston Villa,21,Sun,2024-01-14,14:00 (21:00),Everton,0–0,Aston Villa,39284,Goodison Park,David Coote,/en/matches/1628c63e/Everton-Aston-Villa-January-14-2024-Premier-League,,1628c63e
ENG-Premier League,2324,2024-01-14 Manchester Utd-Tottenham Hotspur,21,Sun,2024-01-14,16:30 (23:30),Manchester Utd,2–2,Tottenham Hotspur,73489,Old Trafford,John Brooks,/en/matches/904ed2f9/Manchester-United-Tottenham-Hotspur-January-14-2024-Premier-League,,904ed2f9
ENG-Premier League,2324,2024-01-20 Arsenal-Crystal Palace,21,Sat,2024-01-20,12:30 (19:30),Arsenal,5–0,Crystal Palace,60284,Emirates Stadium,Paul Tierney,/en/matches/006fb5b5/Arsenal-Crystal-Palace-January-20-2024-Premier-League,,006fb5b5
ENG-Premier League,2324,2024-01-20 Brentford-Nottingham Forest,21,Sat,2024-01-20,17:30 (00:30),Brentford,3–2,Nottingham Forest,17077,Gtech Community Stadium,Darren England,/en/matches/e0a9c631/Brentford-Nottingham-Forest-January-20-2024-Premier-League,,e0a9c631
ENG-Premier League,2324,2024-01-21 Bournemouth-Liverpool,21,Sun,2024-01-21,16:30 (23:30),Bournemouth,0–4,Liverpool,11228,Vitality Stadium,Andy Madley,/en/matches/9a03e25c/Bournemouth-Liverpool-January-21-2024-Premier-League,,9a03e25c
ENG-Premier League,2324,2024-01-21 Sheffield United-West Ham United,21,Sun,2024-01-21,14:00 (21:00),Sheffield United,2–2,West Ham United,29164,Bramall Lane,Michael Salisbury,/en/matches/abd525b4/Sheffield-United-West-Ham-United-January-21-2024-Premier-League,,abd525b4
ENG-Premier League,2324,2024-01-22 Brighton-Wolves,21,Mon,2024-01-22,19:45 (02:45),Brighton,0–0,Wolves,41505,The American Express Community Stadium,Craig Pawson,/en/matches/35fb5bc2/Brighton-and-Hove-Albion-Wolverhampton-Wanderers-January-22-2024-Premier-League,,35fb5bc2
ENG-Premier League,2324,2024-01-30 Aston Villa-Newcastle United,22,Tue,2024-01-30,20:15 (03:15),Aston Villa,1–3,Newcastle United,42191,Villa Park,John Brooks,/en/matches/d8679e54/Aston-Villa-Newcastle-United-January-30-2024-Premier-League,,d8679e54
ENG-Premier League,2324,2024-01-30 Crystal Palace-Sheffield United,22,Tue,2024-01-30,20:00 (03:00),Crystal Palace,3–2,Sheffield United,24781,Selhurst Park,Tony Harrington,/en/matches/9f51ce03/Crystal-Palace-Sheffield-United-January-30-2024-Premier-League,,9f51ce03
ENG-Premier League,2324,2024-01-30 Fulham-Everton,22,Tue,2024-01-30,19:45 (02:45),Fulham,0–0,Everton,24376,Craven Cottage,Thomas Bramall,/en/matches/17d24e01/Fulham-Everton-January-30-2024-Premier-League,,17d24e01
ENG-Premier League,2324,2024-01-30 Luton Town-Brighton,22,Tue,2024-01-30,19:45 (02:45),Luton Town,4–0,Brighton,10994,Kenilworth Road Stadium,Robert Jones,/en/matches/381f12be/Luton-Town-Brighton-and-Hove-Albion-January-30-2024-Premier-League,,381f12be
ENG-Premier League,2324,2024-01-30 Nottingham Forest-Arsenal,22,Tue,2024-01-30,19:30 (02:30),Nottingham Forest,1–2,Arsenal,29387,The City Ground,Simon Hooper,/en/matches/20a16b44/Nottingham-Forest-Arsenal-January-30-2024-Premier-League,,20a16b44
ENG-Premier League,2324,2024-01-31 Liverpool-Chelsea,22,Wed,2024-01-31,20:15 (03:15),Liverpool,4–1,Chelsea,57524,Anfield,Paul Tierney,/en/matches/1836d9bd/Liverpool-Chelsea-January-31-2024-Premier-League,,1836d9bd
ENG-Premier League,2324,2024-01-31 Manchester City-Burnley,22,Wed,2024-01-31,19:30 (02:30),Manchester City,3–1,Burnley,52143,Etihad Stadium,Samuel Barrott,/en/matches/d10aaae8/Manchester-City-Burnley-January-31-2024-Premier-League,,d10aaae8
ENG-Premier League,2324,2024-01-31 Tottenham Hotspur-Brentford,22,Wed,2024-01-31,19:30 (02:30),Tottenham Hotspur,3–2,Brentford,61210,Tottenham Hotspur Stadium,David Coote,/en/matches/79ffec97/Tottenham-Hotspur-Brentford-January-31-2024-Premier-League,,79ffec97
ENG-Premier League,2324,2024-02-01 West Ham United-Bournemouth,22,Thu,2024-02-01,19:30 (02:30),West Ham United,1–1,Bournemouth,62478,London Stadium,Tim Robinson,/en/matches/16dc9951/West-Ham-United-Bournemouth-February-1-2024-Premier-League,,16dc9951
ENG-Premier League,2324,2024-02-01 Wolves-Manchester Utd,22,Thu,2024-02-01,20:15 (03:15),Wolves,3–4,Manchester Utd,31641,Molineux Stadium,Jarred Gillett,/en/matches/457203bc/Wolverhampton-Wanderers-Manchester-United-February-1-2024-Premier-League,,457203bc
ENG-Premier League,2324,2024-02-03 Brighton-Crystal Palace,23,Sat,2024-02-03,15:00 (22:00),Brighton,4–1,Crystal Palace,31345,The American Express Community Stadium,Simon Hooper,/en/matches/689d15cf/Brighton-and-Hove-Albion-Crystal-Palace-February-3-2024-Premier-League,,689d15cf
ENG-Premier League,2324,2024-02-03 Burnley-Fulham,23,Sat,2024-02-03,15:00 (22:00),Burnley,2–2,Fulham,20203,Turf Moor,Darren Bond,/en/matches/a2436e30/Burnley-Fulham-February-3-2024-Premier-League,,a2436e30
ENG-Premier League,2324,2024-02-03 Everton-Tottenham Hotspur,23,Sat,2024-02-03,12:30 (19:30),Everton,2–2,Tottenham Hotspur,39321,Goodison Park,Michael Oliver,/en/matches/fd68d50e/Everton-Tottenham-Hotspur-February-3-2024-Premier-League,,fd68d50e
ENG-Premier League,2324,2024-02-03 Newcastle United-Luton Town,23,Sat,2024-02-03,15:00 (22:00),Newcastle United,4–4,Luton Town,52211,St James' Park,Thomas Bramall,/en/matches/67cb7a4e/Newcastle-United-Luton-Town-February-3-2024-Premier-League,,67cb7a4e
ENG-Premier League,2324,2024-02-03 Sheffield United-Aston Villa,23,Sat,2024-02-03,17:30 (00:30),Sheffield United,0–5,Aston Villa,30187,Bramall Lane,Paul Tierney,/en/matches/b3e195c5/Sheffield-United-Aston-Villa-February-3-2024-Premier-League,,b3e195c5
ENG-Premier League,2324,2024-02-04 Arsenal-Liverpool,23,Sun,2024-02-04,16:30 (23:30),Arsenal,3–1,Liverpool,60374,Emirates Stadium,Anthony Taylor,/en/matches/99020abf/Arsenal-Liverpool-February-4-2024-Premier-League,,99020abf
ENG-Premier League,2324,2024-02-04 Bournemouth-Nottingham Forest,23,Sun,2024-02-04,14:00 (21:00),Bournemouth,1–1,Nottingham Forest,11200,Vitality Stadium,Rebecca Welch,/en/matches/29948898/Bournemouth-Nottingham-Forest-February-4-2024-Premier-League,,29948898
ENG-Premier League,2324,2024-02-04 Chelsea-Wolves,23,Sun,2024-02-04,14:00 (21:00),Chelsea,2–4,Wolves,39628,Stamford Bridge,Tim Robinson,/en/matches/dfde4bd7/Chelsea-Wolverhampton-Wanderers-February-4-2024-Premier-League,,dfde4bd7
ENG-Premier League,2324,2024-02-04 Manchester Utd-West Ham United,23,Sun,2024-02-04,14:00 (21:00),Manchester Utd,3–0,West Ham United,73612,Old Trafford,Andy Madley,/en/matches/dc1428be/Manchester-United-West-Ham-United-February-4-2024-Premier-League,,dc1428be
ENG-Premier League,2324,2024-02-05 Brentford-Manchester City,23,Mon,2024-02-05,20:00 (03:00),Brentford,1–3,Manchester City,17096,Gtech Community Stadium,Jarred Gillett,/en/matches/2b3630b6/Brentford-Manchester-City-February-5-2024-Premier-League,,2b3630b6
ENG-Premier League,2324,2024-02-10 Fulham-Bournemouth,24,Sat,2024-02-10,15:00 (22:00),Fulham,3–1,Bournemouth,24271,Craven Cottage,Darren England,/en/matches/bf9e0d20/Fulham-Bournemouth-February-10-2024-Premier-League,,bf9e0d20
ENG-Premier League,2324,2024-02-10 Liverpool-Burnley,24,Sat,2024-02-10,15:00 (22:00),Liverpool,3–1,Burnley,59896,Anfield,Tim Robinson,/en/matches/29e4d6ac/Liverpool-Burnley-February-10-2024-Premier-League,,29e4d6ac
ENG-Premier League,2324,2024-02-10 Luton Town-Sheffield United,24,Sat,2024-02-10,15:00 (22:00),Luton Town,1–3,Sheffield United,11138,Kenilworth Road Stadium,Chris Kavanagh,/en/matches/1a4e7d02/Luton-Town-Sheffield-United-February-10-2024-Premier-League,,1a4e7d02
ENG-Premier League,2324,2024-02-10 Manchester City-Everton,24,Sat,2024-02-10,12:30 (19:30),Manchester City,2–0,Everton,52187,Etihad Stadium,John Brooks,/en/matches/00ea7906/Manchester-City-Everton-February-10-2024-Premier-League,,00ea7906
ENG-Premier League,2324,2024-02-10 Nottingham Forest-Newcastle United,24,Sat,2024-02-10,17:30 (00:30),Nottingham Forest,2–3,Newcastle United,29451,The City Ground,Anthony Taylor,/en/matches/1c53666a/Nottingham-Forest-Newcastle-United-February-10-2024-Premier-League,,1c53666a
ENG-Premier League,2324,2024-02-10 Tottenham Hotspur-Brighton,24,Sat,2024-02-10,15:00 (22:00),Tottenham Hotspur,2–1,Brighton,61445,Tottenham Hotspur Stadium,Samuel Barrott,/en/matches/c0dfccdf/Tottenham-Hotspur-Brighton-and-Hove-Albion-February-10-2024-Premier-League,,c0dfccdf
ENG-Premier League,2324,2024-02-10 Wolves-Brentford,24,Sat,2024-02-10,15:00 (22:00),Wolves,0–2,Brentford,30731,Molineux Stadium,Simon Hooper,/en/matches/922cd256/Wolverhampton-Wanderers-Brentford-February-10-2024-Premier-League,,922cd256
ENG-Premier League,2324,2024-02-11 Aston Villa-Manchester Utd,24,Sun,2024-02-11,16:30 (23:30),Aston Villa,1–2,Manchester Utd,42185,Villa Park,Robert Jones,/en/matches/fd36479b/Aston-Villa-Manchester-United-February-11-2024-Premier-League,,fd36479b
ENG-Premier League,2324,2024-02-11 West Ham United-Arsenal,24,Sun,2024-02-11,14:00 (21:00),West Ham United,0–6,Arsenal,62475,London Stadium,Craig Pawson,/en/matches/a1da23dc/West-Ham-United-Arsenal-February-11-2024-Premier-League,,a1da23dc
ENG-Premier League,2324,2024-02-12 Crystal Palace-Chelsea,24,Mon,2024-02-12,20:00 (03:00),Crystal Palace,1–3,Chelsea,25110,Selhurst Park,Michael Oliver,/en/matches/1206b952/Crystal-Palace-Chelsea-February-12-2024-Premier-League,,1206b952
ENG-Premier League,2324,2024-02-17 Brentford-Liverpool,25,Sat,2024-02-17,12:30 (19:30),Brentford,1–4,Liverpool,17193,Gtech Community Stadium,Michael Oliver,/en/matches/ca1e26a0/Brentford-Liverpool-February-17-2024-Premier-League,,ca1e26a0
ENG-Premier League,2324,2024-02-17 Burnley-Arsenal,25,Sat,2024-02-17,15:00 (22:00),Burnley,0–5,Arsenal,21311,Turf Moor,Jarred Gillett,/en/matches/59631171/Burnley-Arsenal-February-17-2024-Premier-League,,59631171
ENG-Premier League,2324,2024-02-17 Fulham-Aston Villa,25,Sat,2024-02-17,15:00 (22:00),Fulham,1–2,Aston Villa,24401,Craven Cottage,Lewis Smith,/en/matches/796ff9f0/Fulham-Aston-Villa-February-17-2024-Premier-League,,796ff9f0
ENG-Premier League,2324,2024-02-17 Manchester City-Chelsea,25,Sat,2024-02-17,17:30 (00:30),Manchester City,1–1,Chelsea,52178,Etihad Stadium,Andy Madley,/en/matches/78fb7fc2/Manchester-City-Chelsea-February-17-2024-Premier-League,,78fb7fc2
ENG-Premier League,2324,2024-02-17 Newcastle United-Bournemouth,25,Sat,2024-02-17,15:00 (22:00),Newcastle United,2–2,Bournemouth,52224,St James' Park,Michael Salisbury,/en/matches/083c4444/Newcastle-United-Bournemouth-February-17-2024-Premier-League,,083c4444
ENG-Premier League,2324,2024-02-17 Nottingham Forest-West Ham United,25,Sat,2024-02-17,15:00 (22:00),Nottingham Forest,2–0,West Ham United,29490,The City Ground,Thomas Bramall,/en/matches/d657db47/Nottingham-Forest-West-Ham-United-February-17-2024-Premier-League,,d657db47
ENG-Premier League,2324,2024-02-17 Tottenham Hotspur-Wolves,25,Sat,2024-02-17,15:00 (22:00),Tottenham Hotspur,1–2,Wolves,61532,Tottenham Hotspur Stadium,Anthony Taylor,/en/matches/30193251/Tottenham-Hotspur-Wolverhampton-Wanderers-February-17-2024-Premier-League,,30193251
ENG-Premier League,2324,2024-02-18 Luton Town-Manchester Utd,25,Sun,2024-02-18,16:30 (23:30),Luton Town,1–2,Manchester Utd,11483,Kenilworth Road Stadium,David Coote,/en/matches/49523b04/Luton-Town-Manchester-United-February-18-2024-Premier-League,,49523b04
ENG-Premier League,2324,2024-02-18 Sheffield United-Brighton,25,Sun,2024-02-18,14:00 (21:00),Sheffield United,0–5,Brighton,29522,Bramall Lane,Stuart Attwell,/en/matches/811fa03f/Sheffield-United-Brighton-and-Hove-Albion-February-18-2024-Premier-League,,811fa03f
ENG-Premier League,2324,2024-02-19 Everton-Crystal Palace,25,Mon,2024-02-19,20:00 (03:00),Everton,1–1,Crystal Palace,38164,Goodison Park,Paul Tierney,/en/matches/573f2f77/Everton-Crystal-Palace-February-19-2024-Premier-League,,573f2f77
ENG-Premier League,2324,2024-02-20 Manchester City-Brentford,18,Tue,2024-02-20,19:30 (02:30),Manchester City,1–0,Brentford,52247,Etihad Stadium,Darren England,/en/matches/af88a1aa/Manchester-City-Brentford-February-20-2024-Premier-League,,af88a1aa
ENG-Premier League,2324,2024-02-21 Liverpool-Luton Town,26,Wed,2024-02-21,19:30 (02:30),Liverpool,4–1,Luton Town,59713,Anfield,Andy Madley,/en/matches/58636a1e/Liverpool-Luton-Town-February-21-2024-Premier-League,,58636a1e
ENG-Premier League,2324,2024-02-24 Arsenal-Newcastle United,26,Sat,2024-02-24,20:00 (03:00),Arsenal,4–1,Newcastle United,60298,Emirates Stadium,Paul Tierney,/en/matches/8f922133/Arsenal-Newcastle-United-February-24-2024-Premier-League,,8f922133
ENG-Premier League,2324,2024-02-24 Aston Villa-Nottingham Forest,26,Sat,2024-02-24,15:00 (22:00),Aston Villa,4–2,Nottingham Forest,42131,Villa Park,Samuel Barrott,/en/matches/f61fbe36/Aston-Villa-Nottingham-Forest-February-24-2024-Premier-League,,f61fbe36
ENG-Premier League,2324,2024-02-24 Bournemouth-Manchester City,26,Sat,2024-02-24,17:30 (00:30),Bournemouth,0–1,Manchester City,11184,Vitality Stadium,Jarred Gillett,/en/matches/f6d6a212/Bournemouth-Manchester-City-February-24-2024-Premier-League,,f6d6a212
ENG-Premier League,2324,2024-02-24 Brighton-Everton,26,Sat,2024-02-24,15:00 (22:00),Brighton,1–1,Everton,41646,The American Express Community Stadium,Tony Harrington,/en/matches/eb7c6993/Brighton-and-Hove-Albion-Everton-February-24-2024-Premier-League,,eb7c6993
ENG-Premier League,2324,2024-02-24 Crystal Palace-Burnley,26,Sat,2024-02-24,15:00 (22:00),Crystal Palace,3–0,Burnley,24042,Selhurst Park,Lewis Smith,/en/matches/89cd2d5e/Crystal-Palace-Burnley-February-24-2024-Premier-League,,89cd2d5e
ENG-Premier League,2324,2024-02-24 Manchester Utd-Fulham,26,Sat,2024-02-24,15:00 (22:00),Manchester Utd,1–2,Fulham,73487,Old Trafford,Michael Oliver,/en/matches/45f67948/Manchester-United-Fulham-February-24-2024-Premier-League,,45f67948
ENG-Premier League,2324,2024-02-25 Wolves-Sheffield United,26,Sun,2024-02-25,13:30 (20:30),Wolves,1–0,Sheffield United,30789,Molineux Stadium,Darren Bond,/en/matches/ada09dda/Wolverhampton-Wanderers-Sheffield-United-February-25-2024-Premier-League,,ada09dda
ENG-Premier League,2324,2024-02-26 West Ham United-Brentford,26,Mon,2024-02-26,20:00 (03:00),West Ham United,4–2,Brentford,62450,London Stadium,Simon Hooper,/en/matches/15a04102/West-Ham-United-Brentford-February-26-2024-Premier-League,,15a04102
ENG-Premier League,2324,2024-03-02 Brentford-Chelsea,27,Sat,2024-03-02,15:00 (22:00),Brentford,2–2,Chelsea,17140,Gtech Community Stadium,Jarred Gillett,/en/matches/ba1992b0/Brentford-Chelsea-March-2-2024-Premier-League,,ba1992b0
ENG-Premier League,2324,2024-03-02 Everton-West Ham United,27,Sat,2024-03-02,15:00 (22:00),Everton,1–3,West Ham United,39262,Goodison Park,Craig Pawson,/en/matches/e9183936/Everton-West-Ham-United-March-2-2024-Premier-League,,e9183936
ENG-Premier League,2324,2024-03-02 Fulham-Brighton,27,Sat,2024-03-02,15:00 (22:00),Fulham,3–0,Brighton,24460,Craven Cottage,Simon Hooper,/en/matches/20278247/Fulham-Brighton-and-Hove-Albion-March-2-2024-Premier-League,,20278247
ENG-Premier League,2324,2024-03-02 Luton Town-Aston Villa,27,Sat,2024-03-02,17:30 (00:30),Luton Town,2–3,Aston Villa,11594,Kenilworth Road Stadium,Michael Oliver,/en/matches/59f4adc0/Luton-Town-Aston-Villa-March-2-2024-Premier-League,,59f4adc0
ENG-Premier League,2324,2024-03-02 Newcastle United-Wolves,27,Sat,2024-03-02,15:00 (22:00),Newcastle United,3–0,Wolves,52206,St James' Park,Tim Robinson,/en/matches/bbae8356/Newcastle-United-Wolverhampton-Wanderers-March-2-2024-Premier-League,,bbae8356
ENG-Premier League,2324,2024-03-02 Nottingham Forest-Liverpool,27,Sat,2024-03-02,15:00 (22:00),Nottingham Forest,0–1,Liverpool,29603,The City Ground,Paul Tierney,/en/matches/d1a00cf0/Nottingham-Forest-Liverpool-March-2-2024-Premier-League,,d1a00cf0
ENG-Premier League,2324,2024-03-02 Tottenham Hotspur-Crystal Palace,27,Sat,2024-03-02,15:00 (22:00),Tottenham Hotspur,3–1,Crystal Palace,61339,Tottenham Hotspur Stadium,John Brooks,/en/matches/8812bfd9/Tottenham-Hotspur-Crystal-Palace-March-2-2024-Premier-League,,8812bfd9
ENG-Premier League,2324,2024-03-03 Burnley-Bournemouth,27,Sun,2024-03-03,13:00 (20:00),Burnley,0–2,Bournemouth,19713,Turf Moor,David Coote,/en/matches/f7674d8b/Burnley-Bournemouth-March-3-2024-Premier-League,,f7674d8b
ENG-Premier League,2324,2024-03-03 Manchester City-Manchester Utd,27,Sun,2024-03-03,15:30 (22:30),Manchester City,3–1,Manchester Utd,53514,Etihad Stadium,Andy Madley,/en/matches/615eff06/Manchester-Derby-Manchester-City-Manchester-United-March-3-2024-Premier-League,,615eff06
ENG-Premier League,2324,2024-03-04 Sheffield United-Arsenal,27,Mon,2024-03-04,20:00 (03:00),Sheffield United,0–6,Arsenal,29157,Bramall Lane,Samuel Barrott,/en/matches/2eca8900/Sheffield-United-Arsenal-March-4-2024-Premier-League,,2eca8900
ENG-Premier League,2324,2024-03-09 Arsenal-Brentford,28,Sat,2024-03-09,17:30 (00:30),Arsenal,2–1,Brentford,60331,Emirates Stadium,Robert Jones,/en/matches/0e9002ec/Arsenal-Brentford-March-9-2024-Premier-League,,0e9002ec
ENG-Premier League,2324,2024-03-09 Bournemouth-Sheffield United,28,Sat,2024-03-09,15:00 (22:00),Bournemouth,2–2,Sheffield United,11074,Vitality Stadium,Anthony Taylor,/en/matches/81b6715a/Bournemouth-Sheffield-United-March-9-2024-Premier-League,,81b6715a
ENG-Premier League,2324,2024-03-09 Crystal Palace-Luton Town,28,Sat,2024-03-09,15:00 (22:00),Crystal Palace,1–1,Luton Town,25103,Selhurst Park,Sunny Singh,/en/matches/fd693c8e/Crystal-Palace-Luton-Town-March-9-2024-Premier-League,,fd693c8e
ENG-Premier League,2324,2024-03-09 Manchester Utd-Everton,28,Sat,2024-03-09,12:30 (19:30),Manchester Utd,2–0,Everton,73601,Old Trafford,Simon Hooper,/en/matches/fede7f6e/Manchester-United-Everton-March-9-2024-Premier-League,,fede7f6e
ENG-Premier League,2324,2024-03-09 Wolves-Fulham,28,Sat,2024-03-09,15:00 (22:00),Wolves,2–1,Fulham,30860,Molineux Stadium,Tony Harrington,/en/matches/b606cbde/Wolverhampton-Wanderers-Fulham-March-9-2024-Premier-League,,b606cbde
ENG-Premier League,2324,2024-03-10 Aston Villa-Tottenham Hotspur,28,Sun,2024-03-10,13:00 (20:00),Aston Villa,0–4,Tottenham Hotspur,42310,Villa Park,Chris Kavanagh,/en/matches/a32a7069/Aston-Villa-Tottenham-Hotspur-March-10-2024-Premier-League,,a32a7069
ENG-Premier League,2324,2024-03-10 Brighton-Nottingham Forest,28,Sun,2024-03-10,14:00 (21:00),Brighton,1–0,Nottingham Forest,31505,The American Express Community Stadium,Michael Salisbury,/en/matches/f17d9ccd/Brighton-and-Hove-Albion-Nottingham-Forest-March-10-2024-Premier-League,,f17d9ccd
ENG-Premier League,2324,2024-03-10 Liverpool-Manchester City,28,Sun,2024-03-10,15:45 (22:45),Liverpool,1–1,Manchester City,59947,Anfield,Michael Oliver,/en/matches/96da3e29/Liverpool-Manchester-City-March-10-2024-Premier-League,,96da3e29
ENG-Premier League,2324,2024-03-10 West Ham United-Burnley,28,Sun,2024-03-10,14:00 (21:00),West Ham United,2–2,Burnley,62441,London Stadium,Darren England,/en/matches/9ef133d6/West-Ham-United-Burnley-March-10-2024-Premier-League,,9ef133d6
ENG-Premier League,2324,2024-03-11 Chelsea-Newcastle United,28,Mon,2024-03-11,20:00 (03:00),Chelsea,3–2,Newcastle United,37753,Stamford Bridge,John Brooks,/en/matches/d4b4c06f/Chelsea-Newcastle-United-March-11-2024-Premier-League,,d4b4c06f
ENG-Premier League,2324,2024-03-13 Bournemouth-Luton Town,17,Wed,2024-03-13,19:30 (02:30),Bournemouth,4–3,Luton Town,11198,Vitality Stadium,Samuel Allison,/en/matches/a32a8157/Bournemouth-Luton-Town-March-13-2024-Premier-League,,a32a8157
ENG-Premier League,2324,2024-03-16 Burnley-Brentford,29,Sat,2024-03-16,15:00 (22:00),Burnley,2–1,Brentford,20431,Turf Moor,Darren Bond,/en/matches/b280b66a/Burnley-Brentford-March-16-2024-Premier-League,,b280b66a
ENG-Premier League,2324,2024-03-16 Fulham-Tottenham Hotspur,29,Sat,2024-03-16,17:30 (00:30),Fulham,3–0,Tottenham Hotspur,24410,Craven Cottage,Robert Jones,/en/matches/8a009cc4/Fulham-Tottenham-Hotspur-March-16-2024-Premier-League,,8a009cc4
ENG-Premier League,2324,2024-03-16 Luton Town-Nottingham Forest,29,Sat,2024-03-16,15:00 (22:00),Luton Town,1–1,Nottingham Forest,11630,Kenilworth Road Stadium,Darren England,/en/matches/76d09384/Luton-Town-Nottingham-Forest-March-16-2024-Premier-League,,76d09384
ENG-Premier League,2324,2024-03-17 West Ham United-Aston Villa,29,Sun,2024-03-17,14:00 (21:00),West Ham United,1–1,Aston Villa,62461,London Stadium,Jarred Gillett,/en/matches/fc356c59/West-Ham-United-Aston-Villa-March-17-2024-Premier-League,,fc356c59
ENG-Premier League,2324,2024-03-30 Aston Villa-Wolves,30,Sat,2024-03-30,17:30 (00:30),Aston Villa,2–0,Wolves,42640,Villa Park,Paul Tierney,/en/matches/5f218b76/Aston-Villa-Wolverhampton-Wanderers-March-30-2024-Premier-League,,5f218b76
ENG-Premier League,2324,2024-03-30 Bournemouth-Everton,30,Sat,2024-03-30,15:00 (22:00),Bournemouth,2–1,Everton,11207,Vitality Stadium,Samuel Barrott,/en/matches/0eaaf0ab/Bournemouth-Everton-March-30-2024-Premier-League,,0eaaf0ab
ENG-Premier League,2324,2024-03-30 Brentford-Manchester Utd,30,Sat,2024-03-30,20:00 (03:00),Brentford,1–1,Manchester Utd,17138,Gtech Community Stadium,Simon Hooper,/en/matches/43a07892/Brentford-Manchester-United-March-30-2024-Premier-League,,43a07892
ENG-Premier League,2324,2024-03-30 Chelsea-Burnley,30,Sat,2024-03-30,15:00 (22:00),Chelsea,2–2,Burnley,39535,Stamford Bridge,Darren England,/en/matches/e68ec2a9/Chelsea-Burnley-March-30-2024-Premier-League,,e68ec2a9
ENG-Premier League,2324,2024-03-30 Newcastle United-West Ham United,30,Sat,2024-03-30,12:30 (19:30),Newcastle United,4–3,West Ham United,52199,St James' Park,Robert Jones,/en/matches/10600f89/Newcastle-United-West-Ham-United-March-30-2024-Premier-League,,10600f89
ENG-Premier League,2324,2024-03-30 Nottingham Forest-Crystal Palace,30,Sat,2024-03-30,15:00 (22:00),Nottingham Forest,1–1,Crystal Palace,29520,The City Ground,Chris Kavanagh,/en/matches/791fc95a/Nottingham-Forest-Crystal-Palace-March-30-2024-Premier-League,,791fc95a
ENG-Premier League,2324,2024-03-30 Sheffield United-Fulham,30,Sat,2024-03-30,15:00 (22:00),Sheffield United,3–3,Fulham,30010,Bramall Lane,Tim Robinson,/en/matches/ad4a1302/Sheffield-United-Fulham-March-30-2024-Premier-League,,ad4a1302
ENG-Premier League,2324,2024-03-30 Tottenham Hotspur-Luton Town,30,Sat,2024-03-30,15:00 (22:00),Tottenham Hotspur,2–1,Luton Town,61534,Tottenham Hotspur Stadium,Jarred Gillett,/en/matches/6397e2af/Tottenham-Hotspur-Luton-Town-March-30-2024-Premier-League,,6397e2af
ENG-Premier League,2324,2024-03-31 Liverpool-Brighton,30,Sun,2024-03-31,14:00 (20:00),Liverpool,2–1,Brighton,60061,Anfield,David Coote,/en/matches/b763b73e/Liverpool-Brighton-and-Hove-Albion-March-31-2024-Premier-League,,b763b73e
ENG-Premier League,2324,2024-03-31 Manchester City-Arsenal,30,Sun,2024-03-31,16:30 (22:30),Manchester City,0–0,Arsenal,52178,Etihad Stadium,Anthony Taylor,/en/matches/76b4b194/Manchester-City-Arsenal-March-31-2024-Premier-League,,76b4b194
ENG-Premier League,2324,2024-04-02 Bournemouth-Crystal Palace,31,Tue,2024-04-02,19:45 (01:45),Bournemouth,1–0,Crystal Palace,11058,Vitality Stadium,Graham Scott,/en/matches/1ef36f8d/Bournemouth-Crystal-Palace-April-2-2024-Premier-League,,1ef36f8d
ENG-Premier League,2324,2024-04-02 Burnley-Wolves,31,Tue,2024-04-02,19:45 (01:45),Burnley,1–1,Wolves,21528,Turf Moor,Thomas Bramall,/en/matches/feadec6f/Burnley-Wolverhampton-Wanderers-April-2-2024-Premier-League,,feadec6f
ENG-Premier League,2324,2024-04-02 Newcastle United-Everton,31,Tue,2024-04-02,19:30 (01:30),Newcastle United,1–1,Everton,52135,St James' Park,Tony Harrington,/en/matches/52846bc3/Newcastle-United-Everton-April-2-2024-Premier-League,,52846bc3
ENG-Premier League,2324,2024-04-02 Nottingham Forest-Fulham,31,Tue,2024-04-02,19:30 (01:30),Nottingham Forest,3–1,Fulham,28997,The City Ground,Michael Oliver,/en/matches/55996670/Nottingham-Forest-Fulham-April-2-2024-Premier-League,,55996670
ENG-Premier League,2324,2024-04-02 West Ham United-Tottenham Hotspur,31,Tue,2024-04-02,20:15 (02:15),West Ham United,1–1,Tottenham Hotspur,62469,London Stadium,John Brooks,/en/matches/2600ff86/West-Ham-United-Tottenham-Hotspur-April-2-2024-Premier-League,,2600ff86
ENG-Premier League,2324,2024-04-03 Arsenal-Luton Town,31,Wed,2024-04-03,19:30 (01:30),Arsenal,2–0,Luton Town,60262,Emirates Stadium,Craig Pawson,/en/matches/77d7e2d6/Arsenal-Luton-Town-April-3-2024-Premier-League,,77d7e2d6
ENG-Premier League,2324,2024-04-03 Brentford-Brighton,31,Wed,2024-04-03,19:30 (01:30),Brentford,0–0,Brighton,17024,Gtech Community Stadium,Andy Madley,/en/matches/8ec55f05/Brentford-Brighton-and-Hove-Albion-April-3-2024-Premier-League,,8ec55f05
ENG-Premier League,2324,2024-04-03 Manchester City-Aston Villa,31,Wed,2024-04-03,20:15 (02:15),Manchester City,4–1,Aston Villa,53422,Etihad Stadium,Darren England,/en/matches/ae3ba8e8/Manchester-City-Aston-Villa-April-3-2024-Premier-League,,ae3ba8e8
ENG-Premier League,2324,2024-04-04 Chelsea-Manchester Utd,31,Thu,2024-04-04,20:15 (02:15),Chelsea,4–3,Manchester Utd,39694,Stamford Bridge,Jarred Gillett,/en/matches/c6079c2f/Chelsea-Manchester-United-April-4-2024-Premier-League,,c6079c2f
ENG-Premier League,2324,2024-04-04 Liverpool-Sheffield United,31,Thu,2024-04-04,19:30 (01:30),Liverpool,3–1,Sheffield United,60055,Anfield,Stuart Attwell,/en/matches/1f5973e2/Liverpool-Sheffield-United-April-4-2024-Premier-League,,1f5973e2
ENG-Premier League,2324,2024-04-06 Aston Villa-Brentford,32,Sat,2024-04-06,15:00 (21:00),Aston Villa,3–3,Brentford,42118,Villa Park,Michael Salisbury,/en/matches/e8f307a3/Aston-Villa-Brentford-April-6-2024-Premier-League,,e8f307a3
ENG-Premier League,2324,2024-04-06 Brighton-Arsenal,32,Sat,2024-04-06,17:30 (23:30),Brighton,0–3,Arsenal,31677,The American Express Community Stadium,John Brooks,/en/matches/2047cc32/Brighton-and-Hove-Albion-Arsenal-April-6-2024-Premier-League,,2047cc32
ENG-Premier League,2324,2024-04-06 Crystal Palace-Manchester City,32,Sat,2024-04-06,12:30 (18:30),Crystal Palace,2–4,Manchester City,25132,Selhurst Park,Paul Tierney,/en/matches/fca82852/Crystal-Palace-Manchester-City-April-6-2024-Premier-League,,fca82852
ENG-Premier League,2324,2024-04-06 Everton-Burnley,32,Sat,2024-04-06,15:00 (21:00),Everton,1–0,Burnley,39125,Goodison Park,Michael Oliver,/en/matches/cc7efb48/Everton-Burnley-April-6-2024-Premier-League,,cc7efb48
ENG-Premier League,2324,2024-04-06 Fulham-Newcastle United,32,Sat,2024-04-06,15:00 (21:00),Fulham,0–1,Newcastle United,24418,Craven Cottage,Samuel Allison,/en/matches/a9d2819f/Fulham-Newcastle-United-April-6-2024-Premier-League,,a9d2819f
ENG-Premier League,2324,2024-04-06 Luton Town-Bournemouth,32,Sat,2024-04-06,15:00 (21:00),Luton Town,2–1,Bournemouth,11797,Kenilworth Road Stadium,Andy Madley,/en/matches/08114c35/Luton-Town-Bournemouth-April-6-2024-Premier-League,,08114c35
ENG-Premier League,2324,2024-04-06 Wolves-West Ham United,32,Sat,2024-04-06,15:00 (21:00),Wolves,1–2,West Ham United,31504,Molineux Stadium,Tony Harrington,/en/matches/4f0b227b/Wolverhampton-Wanderers-West-Ham-United-April-6-2024-Premier-League,,4f0b227b
ENG-Premier League,2324,2024-04-07 Manchester Utd-Liverpool,32,Sun,2024-04-07,15:30 (21:30),Manchester Utd,2–2,Liverpool,73501,Old Trafford,Anthony Taylor,/en/matches/d57ffe1a/North-West-Derby-Manchester-United-Liverpool-April-7-2024-Premier-League,,d57ffe1a
ENG-Premier League,2324,2024-04-07 Sheffield United-Chelsea,32,Sun,2024-04-07,17:30 (23:30),Sheffield United,2–2,Chelsea,28638,Bramall Lane,Robert Jones,/en/matches/d3850c26/Sheffield-United-Chelsea-April-7-2024-Premier-League,,d3850c26
ENG-Premier League,2324,2024-04-07 Tottenham Hotspur-Nottingham Forest,32,Sun,2024-04-07,18:00 (00:00),Tottenham Hotspur,3–1,Nottingham Forest,61098,Tottenham Hotspur Stadium,Simon Hooper,/en/matches/7598049f/Tottenham-Hotspur-Nottingham-Forest-April-7-2024-Premier-League,,7598049f
ENG-Premier League,2324,2024-04-13 Bournemouth-Manchester Utd,33,Sat,2024-04-13,17:30 (23:30),Bournemouth,2–2,Manchester Utd,11229,Vitality Stadium,Tony Harrington,/en/matches/32a8be36/Bournemouth-Manchester-United-April-13-2024-Premier-League,,32a8be36
ENG-Premier League,2324,2024-04-13 Brentford-Sheffield United,33,Sat,2024-04-13,15:00 (21:00),Brentford,2–0,Sheffield United,17115,Gtech Community Stadium,Samuel Barrott,/en/matches/4a4d2976/Brentford-Sheffield-United-April-13-2024-Premier-League,,4a4d2976
ENG-Premier League,2324,2024-04-13 Burnley-Brighton,33,Sat,2024-04-13,15:00 (21:00),Burnley,1–1,Brighton,20687,Turf Moor,Simon Hooper,/en/matches/c9ab1f95/Burnley-Brighton-and-Hove-Albion-April-13-2024-Premier-League,,c9ab1f95
ENG-Premier League,2324,2024-04-13 Manchester City-Luton Town,33,Sat,2024-04-13,15:00 (21:00),Manchester City,5–1,Luton Town,52149,Etihad Stadium,John Brooks,/en/matches/40128bc4/Manchester-City-Luton-Town-April-13-2024-Premier-League,,40128bc4
ENG-Premier League,2324,2024-04-13 Newcastle United-Tottenham Hotspur,33,Sat,2024-04-13,12:30 (18:30),Newcastle United,4–0,Tottenham Hotspur,52147,St James' Park,Tim Robinson,/en/matches/50db3243/Newcastle-United-Tottenham-Hotspur-April-13-2024-Premier-League,,50db3243
ENG-Premier League,2324,2024-04-13 Nottingham Forest-Wolves,33,Sat,2024-04-13,15:00 (21:00),Nottingham Forest,2–2,Wolves,29604,The City Ground,Craig Pawson,/en/matches/4460b6c5/Nottingham-Forest-Wolverhampton-Wanderers-April-13-2024-Premier-League,,4460b6c5
ENG-Premier League,2324,2024-04-14 Arsenal-Aston Villa,33,Sun,2024-04-14,16:30 (22:30),Arsenal,0–2,Aston Villa,60350,Emirates Stadium,David Coote,/en/matches/c1739ced/Arsenal-Aston-Villa-April-14-2024-Premier-League,,c1739ced
ENG-Premier League,2324,2024-04-14 Liverpool-Crystal Palace,33,Sun,2024-04-14,14:00 (20:00),Liverpool,0–1,Crystal Palace,60090,Anfield,Chris Kavanagh,/en/matches/99113ef3/Liverpool-Crystal-Palace-April-14-2024-Premier-League,,99113ef3
ENG-Premier League,2324,2024-04-14 West Ham United-Fulham,33,Sun,2024-04-14,14:00 (20:00),West Ham United,0–2,Fulham,62459,London Stadium,Stuart Attwell,/en/matches/bd62891f/West-Ham-United-Fulham-April-14-2024-Premier-League,,bd62891f
ENG-Premier League,2324,2024-04-15 Chelsea-Everton,33,Mon,2024-04-15,20:00 (02:00),Chelsea,6–0,Everton,39392,Stamford Bridge,Paul Tierney,/en/matches/1a41ac25/Chelsea-Everton-April-15-2024-Premier-League,,1a41ac25
ENG-Premier League,2324,2024-04-20 Luton Town-Brentford,34,Sat,2024-04-20,15:00 (21:00),Luton Town,1–5,Brentford,11877,Kenilworth Road Stadium,Jarred Gillett,/en/matches/c98abeb4/Luton-Town-Brentford-April-20-2024-Premier-League,,c98abeb4
ENG-Premier League,2324,2024-04-20 Sheffield United-Burnley,34,Sat,2024-04-20,15:00 (21:00),Sheffield United,1–4,Burnley,28964,Bramall Lane,Andy Madley,/en/matches/ee8223ec/Sheffield-United-Burnley-April-20-2024-Premier-League,,ee8223ec
ENG-Premier League,2324,2024-04-20 Wolves-Arsenal,34,Sat,2024-04-20,19:30 (01:30),Wolves,0–2,Arsenal,31621,Molineux Stadium,Paul Tierney,/en/matches/22881ea2/Wolverhampton-Wanderers-Arsenal-April-20-2024-Premier-League,,22881ea2
ENG-Premier League,2324,2024-04-21 Aston Villa-Bournemouth,34,Sun,2024-04-21,15:00 (21:00),Aston Villa,3–1,Bournemouth,42189,Villa Park,Tim Robinson,/en/matches/6236de96/Aston-Villa-Bournemouth-April-21-2024-Premier-League,,6236de96
ENG-Premier League,2324,2024-04-21 Crystal Palace-West Ham United,34,Sun,2024-04-21,15:00 (21:00),Crystal Palace,5–2,West Ham United,25145,Selhurst Park,Graham Scott,/en/matches/6ef6966a/Crystal-Palace-West-Ham-United-April-21-2024-Premier-League,,6ef6966a
ENG-Premier League,2324,2024-04-21 Everton-Nottingham Forest,34,Sun,2024-04-21,13:30 (19:30),Everton,2–0,Nottingham Forest,39239,Goodison Park,Anthony Taylor,/en/matches/3025d010/Everton-Nottingham-Forest-April-21-2024-Premier-League,,3025d010
ENG-Premier League,2324,2024-04-21 Fulham-Liverpool,34,Sun,2024-04-21,16:30 (22:30),Fulham,1–3,Liverpool,24414,Craven Cottage,Craig Pawson,/en/matches/9dcb5084/Fulham-Liverpool-April-21-2024-Premier-League,,9dcb5084
ENG-Premier League,2324,2024-04-23 Arsenal-Chelsea,29,Tue,2024-04-23,20:00 (02:00),Arsenal,5–0,Chelsea,60238,Emirates Stadium,Simon Hooper,/en/matches/3435dfcc/North-West-London-Derby-Arsenal-Chelsea-April-23-2024-Premier-League,,3435dfcc
ENG-Premier League,2324,2024-04-24 Crystal Palace-Newcastle United,29,Wed,2024-04-24,20:00 (02:00),Crystal Palace,2–0,Newcastle United,25002,Selhurst Park,Thomas Bramall,/en/matches/ee21eba2/Crystal-Palace-Newcastle-United-April-24-2024-Premier-League,,ee21eba2
ENG-Premier League,2324,2024-04-24 Everton-Liverpool,29,Wed,2024-04-24,20:00 (02:00),Everton,2–0,Liverpool,38222,Goodison Park,Andy Madley,/en/matches/971e0a29/Merseyside-Derby-Everton-Liverpool-April-24-2024-Premier-League,,971e0a29
ENG-Premier League,2324,2024-04-24 Manchester Utd-Sheffield United,29,Wed,2024-04-24,20:00 (02:00),Manchester Utd,4–2,Sheffield United,73549,Old Trafford,Michael Salisbury,/en/matches/70770e72/Manchester-United-Sheffield-United-April-24-2024-Premier-League,,70770e72
ENG-Premier League,2324,2024-04-24 Wolves-Bournemouth,29,Wed,2024-04-24,19:45 (01:45),Wolves,0–1,Bournemouth,25541,Molineux Stadium,Stuart Attwell,/en/matches/2e209def/Wolverhampton-Wanderers-Bournemouth-April-24-2024-Premier-League,,2e209def
ENG-Premier League,2324,2024-04-25 Brighton-Manchester City,29,Thu,2024-04-25,20:00 (02:00),Brighton,0–4,Manchester City,31596,The American Express Community Stadium,Jarred Gillett,/en/matches/45bb8cac/Brighton-and-Hove-Albion-Manchester-City-April-25-2024-Premier-League,,45bb8cac
ENG-Premier League,2324,2024-04-27 Aston Villa-Chelsea,35,Sat,2024-04-27,20:00 (02:00),Aston Villa,2–2,Chelsea,42354,Villa Park,Craig Pawson,/en/matches/a88dc35f/Aston-Villa-Chelsea-April-27-2024-Premier-League,,a88dc35f
ENG-Premier League,2324,2024-04-27 Everton-Brentford,35,Sat,2024-04-27,17:30 (23:30),Everton,1–0,Brentford,39098,Goodison Park,Darren England,/en/matches/c813a2ae/Everton-Brentford-April-27-2024-Premier-League,,c813a2ae
ENG-Premier League,2324,2024-04-27 Fulham-Crystal Palace,35,Sat,2024-04-27,15:00 (21:00),Fulham,1–1,Crystal Palace,24142,Craven Cottage,Stuart Attwell,/en/matches/9fe4ec6e/Fulham-Crystal-Palace-April-27-2024-Premier-League,,9fe4ec6e
ENG-Premier League,2324,2024-04-27 Manchester Utd-Burnley,35,Sat,2024-04-27,15:00 (21:00),Manchester Utd,1–1,Burnley,73571,Old Trafford,John Brooks,/en/matches/e8eb637d/Manchester-United-Burnley-April-27-2024-Premier-League,,e8eb637d
ENG-Premier League,2324,2024-04-27 Newcastle United-Sheffield United,35,Sat,2024-04-27,15:00 (21:00),Newcastle United,5–1,Sheffield United,52196,St James' Park,Tony Harrington,/en/matches/e92d40be/Newcastle-United-Sheffield-United-April-27-2024-Premier-League,,e92d40be
ENG-Premier League,2324,2024-04-27 West Ham United-Liverpool,35,Sat,2024-04-27,12:30 (18:30),West Ham United,2–2,Liverpool,62474,London Stadium,Anthony Taylor,/en/matches/ba04d7d8/West-Ham-United-Liverpool-April-27-2024-Premier-League,,ba04d7d8
ENG-Premier League,2324,2024-04-27 Wolves-Luton Town,35,Sat,2024-04-27,15:00 (21:00),Wolves,2–1,Luton Town,31531,Molineux Stadium,David Coote,/en/matches/55d68500/Wolverhampton-Wanderers-Luton-Town-April-27-2024-Premier-League,,55d68500
ENG-Premier League,2324,2024-04-28 Bournemouth-Brighton,35,Sun,2024-04-28,14:00 (20:00),Bournemouth,3–0,Brighton,11188,Vitality Stadium,Paul Tierney,/en/matches/fa3c7491/Bournemouth-Brighton-and-Hove-Albion-April-28-2024-Premier-League,,fa3c7491
ENG-Premier League,2324,2024-04-28 Nottingham Forest-Manchester City,35,Sun,2024-04-28,16:30 (22:30),Nottingham Forest,0–2,Manchester City,29677,The City Ground,Simon Hooper,/en/matches/80bbb25e/Nottingham-Forest-Manchester-City-April-28-2024-Premier-League,,80bbb25e
ENG-Premier League,2324,2024-04-28 Tottenham Hotspur-Arsenal,35,Sun,2024-04-28,14:00 (20:00),Tottenham Hotspur,2–3,Arsenal,61554,Tottenham Hotspur Stadium,Michael Oliver,/en/matches/d98c9a99/North-London-Derby-Tottenham-Hotspur-Arsenal-April-28-2024-Premier-League,,d98c9a99
ENG-Premier League,2324,2024-05-02 Chelsea-Tottenham Hotspur,26,Thu,2024-05-02,19:30 (01:30),Chelsea,2–0,Tottenham Hotspur,39086,Stamford Bridge,Robert Jones,/en/matches/6b489131/Chelsea-Tottenham-Hotspur-May-2-2024-Premier-League,,6b489131
ENG-Premier League,2324,2024-05-03 Luton Town-Everton,36,Fri,2024-05-03,20:00 (02:00),Luton Town,1–1,Everton,11873,Kenilworth Road Stadium,Tim Robinson,/en/matches/76d10c7d/Luton-Town-Everton-May-3-2024-Premier-League,,76d10c7d
ENG-Premier League,2324,2024-05-04 Arsenal-Bournemouth,36,Sat,2024-05-04,12:30 (18:30),Arsenal,3–0,Bournemouth,60348,Emirates Stadium,David Coote,/en/matches/00bcfc31/Arsenal-Bournemouth-May-4-2024-Premier-League,,00bcfc31
ENG-Premier League,2324,2024-05-04 Brentford-Fulham,36,Sat,2024-05-04,15:00 (21:00),Brentford,0–0,Fulham,17090,Gtech Community Stadium,Graham Scott,/en/matches/a388fc69/Brentford-Fulham-May-4-2024-Premier-League,,a388fc69
ENG-Premier League,2324,2024-05-04 Burnley-Newcastle United,36,Sat,2024-05-04,15:00 (21:00),Burnley,1–4,Newcastle United,21781,Turf Moor,Anthony Taylor,/en/matches/070bf86d/Burnley-Newcastle-United-May-4-2024-Premier-League,,070bf86d
ENG-Premier League,2324,2024-05-04 Manchester City-Wolves,36,Sat,2024-05-04,17:30 (23:30),Manchester City,5–1,Wolves,52439,Etihad Stadium,Craig Pawson,/en/matches/5a9032bf/Manchester-City-Wolverhampton-Wanderers-May-4-2024-Premier-League,,5a9032bf
ENG-Premier League,2324,2024-05-04 Sheffield United-Nottingham Forest,36,Sat,2024-05-04,15:00 (21:00),Sheffield United,1–3,Nottingham Forest,28516,Bramall Lane,Chris Kavanagh,/en/matches/91a2da3b/Sheffield-United-Nottingham-Forest-May-4-2024-Premier-League,,91a2da3b
ENG-Premier League,2324,2024-05-05 Brighton-Aston Villa,36,Sun,2024-05-05,14:00 (20:00),Brighton,1–0,Aston Villa,31596,The American Express Community Stadium,Robert Jones,/en/matches/5d5f6155/Brighton-and-Hove-Albion-Aston-Villa-May-5-2024-Premier-League,,5d5f6155
ENG-Premier League,2324,2024-05-05 Chelsea-West Ham United,36,Sun,2024-05-05,14:00 (20:00),Chelsea,5–0,West Ham United,39295,Stamford Bridge,Andy Madley,/en/matches/f8a0189a/Chelsea-West-Ham-United-May-5-2024-Premier-League,,f8a0189a
ENG-Premier League,2324,2024-05-05 Liverpool-Tottenham Hotspur,36,Sun,2024-05-05,16:30 (22:30),Liverpool,4–2,Tottenham Hotspur,60075,Anfield,Paul Tierney,/en/matches/08341569/Liverpool-Tottenham-Hotspur-May-5-2024-Premier-League,,08341569
ENG-Premier League,2324,2024-05-06 Crystal Palace-Manchester Utd,36,Mon,2024-05-06,20:00 (02:00),Crystal Palace,4–0,Manchester Utd,25190,Selhurst Park,Jarred Gillett,/en/matches/8c4bf9e7/Crystal-Palace-Manchester-United-May-6-2024-Premier-League,,8c4bf9e7
ENG-Premier League,2324,2024-05-11 Bournemouth-Brentford,37,Sat,2024-05-11,15:00 (21:00),Bournemouth,1–2,Brentford,11154,Vitality Stadium,Matt Donohue,/en/matches/e7b6ebb6/Bournemouth-Brentford-May-11-2024-Premier-League,,e7b6ebb6
ENG-Premier League,2324,2024-05-11 Everton-Sheffield United,37,Sat,2024-05-11,15:00 (21:00),Everton,1–0,Sheffield United,39221,Goodison Park,Stuart Attwell,/en/matches/482e6ce4/Everton-Sheffield-United-May-11-2024-Premier-League,,482e6ce4
ENG-Premier League,2324,2024-05-11 Fulham-Manchester City,37,Sat,2024-05-11,12:30 (18:30),Fulham,0–4,Manchester City,24418,Craven Cottage,Anthony Taylor,/en/matches/4e211d29/Fulham-Manchester-City-May-11-2024-Premier-League,,4e211d29
ENG-Premier League,2324,2024-05-11 Newcastle United-Brighton,37,Sat,2024-05-11,15:00 (21:00),Newcastle United,1–1,Brighton,51997,St James' Park,Darren England,/en/matches/6dbd7d72/Newcastle-United-Brighton-and-Hove-Albion-May-11-2024-Premier-League,,6dbd7d72
ENG-Premier League,2324,2024-05-11 Nottingham Forest-Chelsea,37,Sat,2024-05-11,17:30 (23:30),Nottingham Forest,2–3,Chelsea,29708,The City Ground,Tony Harrington,/en/matches/384547b8/Nottingham-Forest-Chelsea-May-11-2024-Premier-League,,384547b8
ENG-Premier League,2324,2024-05-11 Tottenham Hotspur-Burnley,37,Sat,2024-05-11,15:00 (21:00),Tottenham Hotspur,2–1,Burnley,61148,Tottenham Hotspur Stadium,Jarred Gillett,/en/matches/45c36efd/Tottenham-Hotspur-Burnley-May-11-2024-Premier-League,,45c36efd
ENG-Premier League,2324,2024-05-11 West Ham United-Luton Town,37,Sat,2024-05-11,15:00 (21:00),West Ham United,3–1,Luton Town,62475,London Stadium,Michael Oliver,/en/matches/17e9dbbf/West-Ham-United-Luton-Town-May-11-2024-Premier-League,,17e9dbbf
ENG-Premier League,2324,2024-05-11 Wolves-Crystal Palace,37,Sat,2024-05-11,15:00 (21:00),Wolves,1–3,Crystal Palace,31424,Molineux Stadium,Thomas Bramall,/en/matches/16d5b6aa/Wolverhampton-Wanderers-Crystal-Palace-May-11-2024-Premier-League,,16d5b6aa
ENG-Premier League,2324,2024-05-12 Manchester Utd-Arsenal,37,Sun,2024-05-12,16:30 (22:30),Manchester Utd,0–1,Arsenal,73600,Old Trafford,Paul Tierney,/en/matches/ab9827f2/Manchester-United-Arsenal-May-12-2024-Premier-League,,ab9827f2
ENG-Premier League,2324,2024-05-13 Aston Villa-Liverpool,37,Mon,2024-05-13,20:00 (02:00),Aston Villa,3–3,Liverpool,42241,Villa Park,Simon Hooper,/en/matches/72c0709d/Aston-Villa-Liverpool-May-13-2024-Premier-League,,72c0709d
ENG-Premier League,2324,2024-05-14 Tottenham Hotspur-Manchester City,34,Tue,2024-05-14,20:00 (02:00),Tottenham Hotspur,0–2,Manchester City,61065,Tottenham Hotspur Stadium,Chris Kavanagh,/en/matches/2ba17e6d/Tottenham-Hotspur-Manchester-City-May-14-2024-Premier-League,,2ba17e6d
ENG-Premier League,2324,2024-05-15 Brighton-Chelsea,34,Wed,2024-05-15,19:45 (01:45),Brighton,1–2,Chelsea,31555,The American Express Community Stadium,Michael Salisbury,/en/matches/b42b7907/Brighton-and-Hove-Albion-Chelsea-May-15-2024-Premier-League,,b42b7907
ENG-Premier League,2324,2024-05-15 Manchester Utd-Newcastle United,34,Wed,2024-05-15,20:00 (02:00),Manchester Utd,3–2,Newcastle United,73582,Old Trafford,Robert Jones,/en/matches/e43e8597/Manchester-United-Newcastle-United-May-15-2024-Premier-League,,e43e8597
ENG-Premier League,2324,2024-05-19 Arsenal-Everton,38,Sun,2024-05-19,16:00 (22:00),Arsenal,2–1,Everton,60312,Emirates Stadium,Michael Oliver,/en/matches/3e33bd98/Arsenal-Everton-May-19-2024-Premier-League,,3e33bd98
ENG-Premier League,2324,2024-05-19 Brentford-Newcastle United,38,Sun,2024-05-19,16:00 (22:00),Brentford,2–4,Newcastle United,17124,Gtech Community Stadium,Simon Hooper,/en/matches/546e1a3d/Brentford-Newcastle-United-May-19-2024-Premier-League,,546e1a3d
ENG-Premier League,2324,2024-05-19 Brighton-Manchester Utd,38,Sun,2024-05-19,16:00 (22:00),Brighton,0–2,Manchester Utd,31662,The American Express Community Stadium,Craig Pawson,/en/matches/47ecdc19/Brighton-and-Hove-Albion-Manchester-United-May-19-2024-Premier-League,,47ecdc19
ENG-Premier League,2324,2024-05-19 Burnley-Nottingham Forest,38,Sun,2024-05-19,16:00 (22:00),Burnley,1–2,Nottingham Forest,21109,Turf Moor,Graham Scott,/en/matches/dafb05fe/Burnley-Nottingham-Forest-May-19-2024-Premier-League,,dafb05fe
ENG-Premier League,2324,2024-05-19 Chelsea-Bournemouth,38,Sun,2024-05-19,16:00 (22:00),Chelsea,2–1,Bournemouth,39724,Stamford Bridge,Anthony Taylor,/en/matches/7c034003/Chelsea-Bournemouth-May-19-2024-Premier-League,,7c034003
ENG-Premier League,2324,2024-05-19 Crystal Palace-Aston Villa,38,Sun,2024-05-19,16:00 (22:00),Crystal Palace,5–0,Aston Villa,25191,Selhurst Park,Darren Bond,/en/matches/c975c7a6/Crystal-Palace-Aston-Villa-May-19-2024-Premier-League,,c975c7a6
ENG-Premier League,2324,2024-05-19 Liverpool-Wolves,38,Sun,2024-05-19,16:00 (22:00),Liverpool,2–0,Wolves,60059,Anfield,Chris Kavanagh,/en/matches/d4823ed5/Liverpool-Wolverhampton-Wanderers-May-19-2024-Premier-League,,d4823ed5
ENG-Premier League,2324,2024-05-19 Luton Town-Fulham,38,Sun,2024-05-19,16:00 (22:00),Luton Town,2–4,Fulham,12027,Kenilworth Road Stadium,Matt Donohue,/en/matches/0fde9d70/Luton-Town-Fulham-May-19-2024-Premier-League,,0fde9d70
ENG-Premier League,2324,2024-05-19 Manchester City-West Ham United,38,Sun,2024-05-19,16:00 (22:00),Manchester City,3–1,West Ham United,55097,Etihad Stadium,John Brooks,/en/matches/29335211/Manchester-City-West-Ham-United-May-19-2024-Premier-League,,29335211
ENG-Premier League,2324,2024-05-19 Sheffield United-Tottenham Hotspur,38,Sun,2024-05-19,16:00 (22:00),Sheffield United,0–3,Tottenham Hotspur,29116,Bramall Lane,Andy Madley,/en/matches/273a89b4/Sheffield-United-Tottenham-Hotspur-May-19-2024-Premier-League,,273a89b4
