league,season,team,player,nation,pos,age,born,90s,Standard_Gls,Standard_Sh,Standard_SoT,Standard_SoT%,Standard_Sh/90,Standard_SoT/90,Standard_G/Sh,Standard_G/SoT,Standard_PK,Standard_PKatt
ENG-Premier League,2324,Arsenal,Aaron Ramsdale,ENG,GK,25,1998,6.0,0,0,0,,0.0,0.0,,,0,0
ENG-Premier League,2324,Arsenal,Ben White,ENG,DF,25,1997,33.2,4,13,8,61.5,0.39,0.24,0.31,0.5,0,0
ENG-Premier League,2324,Arsenal,Bukayo Saka,ENG,FW,21,2001,32.4,16,107,37,34.6,3.3,1.14,0.09,0.27,6,6
ENG-Premier League,2324,Arsenal,Cédric Soares,POR,"DF,MF",31,1991,0.7,0,0,0,,0.0,0.0,,,0,0
ENG-Premier League,2324,Arsenal,David Raya,ESP,GK,27,1995,32.0,0,0,0,,0.0,0.0,,,0,0
ENG-Premier League,2324,Arsenal,Declan Rice,ENG,MF,24,1999,35.8,7,58,20,34.5,1.62,0.56,0.12,0.35,0,0
ENG-Premier League,2324,Arsenal,Eddie Nketiah,ENG,FW,24,1999,12.0,5,38,12,31.6,3.16,1.0,0.13,0.42,0,0
ENG-Premier League,2324,Arsenal,Emile Smith Rowe,ENG,MF,23,2000,3.9,0,15,7,46.7,3.82,1.78,0.0,0.0,0,0
ENG-Premier League,2324,Arsenal,Ethan Nwaneri,ENG,MF,16,2007,0.2,0,0,0,,0.0,0.0,,,0,0
ENG-Premier League,2324,Arsenal,Fabio Vieira,POR,MF,23,2000,3.3,1,7,2,28.6,2.12,0.61,0.0,0.0,1,1
ENG-Premier League,2324,Arsenal,Gabriel Jesus,BRA,FW,26,1997,16.4,4,55,19,34.5,3.35,1.16,0.07,0.21,0,0
ENG-Premier League,2324,Arsenal,Gabriel Magalhães,BRA,DF,25,1997,33.8,4,31,10,32.3,0.92,0.3,0.13,0.4,0,0
ENG-Premier League,2324,Arsenal,Gabriel Martinelli,BRA,FW,22,2001,22.4,6,58,22,37.9,2.59,0.98,0.1,0.27,0,0
ENG-Premier League,2324,Arsenal,Jakub Kiwior,POL,DF,23,2000,10.5,1,6,3,50.0,0.57,0.29,0.17,0.33,0,0
ENG-Premier League,2324,Arsenal,Jorginho,ITA,MF,31,1991,10.2,0,4,0,0.0,0.39,0.0,0.0,,0,0
ENG-Premier League,2324,Arsenal,Jurriën Timber,NED,DF,22,2001,0.8,0,0,0,,0.0,0.0,,,0,0
ENG-Premier League,2324,Arsenal,Kai Havertz,GER,"MF,FW",24,1999,29.3,13,69,28,40.6,2.36,0.96,0.17,0.43,1,1
ENG-Premier League,2324,Arsenal,Leandro Trossard,BEL,"FW,MF",28,1994,18.3,12,60,22,36.7,3.27,1.2,0.2,0.55,0,0
ENG-Premier League,2324,Arsenal,Martin Ødegaard,NOR,MF,24,1998,34.3,8,77,23,29.9,2.24,0.67,0.08,0.26,2,2
ENG-Premier League,2324,Arsenal,Mohamed Elneny,EGY,MF,31,1992,0.3,0,2,1,50.0,6.43,3.21,0.0,0.0,0,0
ENG-Premier League,2324,Arsenal,Oleksandr Zinchenko,UKR,DF,26,1996,19.1,1,17,3,17.6,0.89,0.16,0.06,0.33,0,0
ENG-Premier League,2324,Arsenal,Reiss Nelson,ENG,FW,23,1999,3.0,0,4,1,25.0,1.34,0.34,0.0,0.0,0,0
ENG-Premier League,2324,Arsenal,Takehiro Tomiyasu,JPN,DF,24,1998,12.8,2,17,3,17.6,1.33,0.23,0.12,0.67,0,0
ENG-Premier League,2324,Arsenal,Thomas Partey,GHA,"MF,DF",30,1993,8.8,0,8,2,25.0,0.91,0.23,0.0,0.0,0,0
ENG-Premier League,2324,Arsenal,William Saliba,FRA,DF,22,2001,38.0,2,10,4,40.0,0.26,0.11,0.2,0.5,0,0
ENG-Premier League,2324,Aston Villa,Bertrand Traoré,BFA,"FW,MF",27,1995,0.1,0,0,0,,0.0,0.0,,,0,0
ENG-Premier League,2324,Aston Villa,Boubacar Kamara,FRA,MF,23,1999,18.4,0,5,1,20.0,0.27,0.05,0.0,0.0,0,0
ENG-Premier League,2324,Aston Villa,Calum Chambers,ENG,MF,28,1995,1.7,0,0,0,,0.0,0.0,,,0,0
ENG-Premier League,2324,Aston Villa,Cameron Archer,ENG,"FW,MF",22,2001,0.1,0,0,0,,0.0,0.0,,,0,0
ENG-Premier League,2324,Aston Villa,Clément Lenglet,FRA,DF,28,1995,12.8,0,7,2,28.6,0.55,0.16,0.0,0.0,0,0
ENG-Premier League,2324,Aston Villa,Diego Carlos,BRA,DF,30,1993,20.2,0,10,1,10.0,0.5,0.05,0.0,0.0,0,0
ENG-Premier League,2324,Aston Villa,Douglas Luiz,BRA,MF,25,1998,33.3,9,48,17,35.4,1.44,0.51,0.1,0.29,4,4
ENG-Premier League,2324,Aston Villa,Emiliano Martínez,ARG,GK,30,1992,33.5,0,0,0,,0.0,0.0,,,0,0
ENG-Premier League,2324,Aston Villa,Ezri Konsa,ENG,DF,25,1997,34.1,1,19,5,26.3,0.56,0.15,0.05,0.2,0,0
ENG-Premier League,2324,Aston Villa,Finley Munroe,ENG,DF,18,2005,0.0,0,0,0,,0.0,0.0,,,0,0
ENG-Premier League,2324,Aston Villa,Jacob Ramsey,ENG,MF,22,2001,9.5,1,19,5,26.3,2.0,0.53,0.05,0.2,0,0
ENG-Premier League,2324,Aston Villa,Jaden Philogene Bidace,ENG,"FW,MF",21,2002,0.0,0,0,0,,0.0,0.0,,,0,0
ENG-Premier League,2324,Aston Villa,John McGinn,SCO,MF,28,1994,33.3,6,40,16,40.0,1.2,0.48,0.15,0.38,0,0
ENG-Premier League,2324,Aston Villa,Jáder Durán,COL,FW,19,2003,5.3,5,20,7,35.0,3.79,1.33,0.25,0.71,0,0
ENG-Premier League,2324,Aston Villa,Kaine Kesler-Hayden,ENG,"DF,MF",20,2002,0.1,0,0,0,,0.0,0.0,,,0,0
ENG-Premier League,2324,Aston Villa,Leander Dendoncker,BEL,MF,28,1995,1.3,1,2,1,50.0,1.51,0.76,0.5,1.0,0,0
ENG-Premier League,2324,Aston Villa,Leon Bailey,JAM,MF,25,1997,23.0,10,53,18,34.0,2.31,0.78,0.19,0.56,0,0
ENG-Premier League,2324,Aston Villa,Lucas Digne,FRA,DF,30,1993,26.8,1,20,4,20.0,0.75,0.15,0.05,0.25,0,0
ENG-Premier League,2324,Aston Villa,Matty Cash,POL,"DF,MF",25,1997,23.8,2,33,13,39.4,1.39,0.55,0.06,0.15,0,0
ENG-Premier League,2324,Aston Villa,Morgan Rogers,ENG,MF,21,2002,7.1,3,11,5,45.5,1.55,0.71,0.27,0.6,0,0
ENG-Premier League,2324,Aston Villa,Moussa Diaby,FRA,"MF,FW",24,1999,24.2,6,54,23,42.6,2.24,0.95,0.11,0.26,0,0
ENG-Premier League,2324,Aston Villa,Nicolò Zaniolo,ITA,"MF,FW",24,1999,9.3,2,27,10,37.0,2.9,1.07,0.07,0.2,0,0
ENG-Premier League,2324,Aston Villa,Ollie Watkins,ENG,FW,27,1995,35.7,19,106,46,43.4,2.97,1.29,0.18,0.41,0,0
ENG-Premier League,2324,Aston Villa,Omari Kellyman,ENG,"FW,MF",17,2005,0.4,0,1,0,0.0,2.43,0.0,0.0,,0,0
ENG-Premier League,2324,Aston Villa,Pau Torres,ESP,DF,26,1997,27.4,2,12,5,41.7,0.44,0.18,0.17,0.4,0,0
ENG-Premier League,2324,Aston Villa,Philippe Coutinho,BRA,"FW,MF",31,1992,0.3,0,3,1,33.3,10.8,3.6,0.0,0.0,0,0
ENG-Premier League,2324,Aston Villa,Robin Olsen,SWE,GK,33,1990,4.5,0,0,0,,0.0,0.0,,,0,0
ENG-Premier League,2324,Aston Villa,Tim Iroegbunam,ENG,MF,20,2003,1.8,0,0,0,,0.0,0.0,,,0,0
ENG-Premier League,2324,Aston Villa,Tyrone Mings,ENG,DF,30,1993,0.3,0,1,0,0.0,3.0,0.0,0.0,,0,0
ENG-Premier League,2324,Aston Villa,Youri Tielemans,BEL,"MF,FW",26,1997,18.0,2,14,6,42.9,0.78,0.33,0.14,0.33,0,0
ENG-Premier League,2324,Aston Villa,Álex Moreno,ESP,DF,30,1993,11.5,2,8,4,50.0,0.7,0.35,0.25,0.5,0,0
ENG-Premier League,2324,Bournemouth,Adam Smith,ENG,DF,32,1991,23.9,0,2,0,0.0,0.08,0.0,0.0,,0,0
ENG-Premier League,2324,Bournemouth,Alex Scott,ENG,MF,19,2003,11.3,1,15,4,26.7,1.33,0.36,0.07,0.25,0,0
ENG-Premier League,2324,Bournemouth,Antoine Semenyo,GHA,MF,23,2000,23.4,8,70,31,44.3,2.99,1.33,0.11,0.26,0,0
ENG-Premier League,2324,Bournemouth,Chris Mepham,WAL,DF,25,1997,6.9,0,1,1,100.0,0.15,0.15,0.0,0.0,0,0
ENG-Premier League,2324,Bournemouth,Dango Ouattara,BFA,"DF,MF",21,2002,13.7,1,30,7,23.3,2.2,0.51,0.03,0.14,0,0
ENG-Premier League,2324,Bournemouth,David Brooks,WAL,MF,26,1997,3.1,1,13,5,38.5,4.15,1.6,0.08,0.2,0,0
ENG-Premier League,2324,Bournemouth,Dominic Sadi,ENG,MF,19,2003,0.0,0,0,0,,0.0,0.0,,,0,0
ENG-Premier League,2324,Bournemouth,Dominic Solanke,ENG,FW,25,1997,36.9,19,109,38,34.9,2.95,1.03,0.16,0.45,2,3
ENG-Premier League,2324,Bournemouth,Enes Ünal,TUR,FW,26,1997,3.6,2,23,11,47.8,6.31,3.02,0.09,0.18,0,0
ENG-Premier League,2324,Bournemouth,Hamed Junior Traorè,CIV,MF,23,2000,0.5,0,3,2,66.7,5.74,3.83,0.0,0.0,0,0
ENG-Premier League,2324,Bournemouth,Illia Zabarnyi,UKR,DF,20,2002,37.0,1,8,3,37.5,0.22,0.08,0.13,0.33,0,0
ENG-Premier League,2324,Bournemouth,Ionuț Radu,ROU,GK,26,1997,2.0,0,0,0,,0.0,0.0,,,0,0
ENG-Premier League,2324,Bournemouth,Jaidon Anthony,ENG,MF,23,1999,1.7,0,2,1,50.0,1.18,0.59,0.0,0.0,0,0
ENG-Premier League,2324,Bournemouth,James Hill,ENG,DF,21,2002,0.8,0,0,0,,0.0,0.0,,,0,0
ENG-Premier League,2324,Bournemouth,Joe Rothwell,ENG,MF,28,1995,4.3,0,2,0,0.0,0.47,0.0,0.0,,0,0
ENG-Premier League,2324,Bournemouth,Justin Kluivert,NED,MF,24,1999,21.3,7,56,20,35.7,2.63,0.94,0.13,0.35,0,0
ENG-Premier League,2324,Bournemouth,Kieffer Moore,WAL,"DF,FW",30,1992,1.2,1,6,2,33.3,5.0,1.67,0.17,0.5,0,0
ENG-Premier League,2324,Bournemouth,Lewis Cook,ENG,MF,26,1997,31.0,0,12,4,33.3,0.39,0.13,0.0,0.0,0,0
ENG-Premier League,2324,Bournemouth,Lloyd Kelly,ENG,DF,24,1998,17.3,0,4,1,25.0,0.23,0.06,0.0,0.0,0,0
ENG-Premier League,2324,Bournemouth,Luis Sinisterra,COL,MF,24,1999,7.8,2,27,9,33.3,3.48,1.16,0.07,0.22,0,0
ENG-Premier League,2324,Bournemouth,Marcos Senesi,ARG,DF,26,1997,24.9,4,13,4,30.8,0.52,0.16,0.31,1.0,0,0
ENG-Premier League,2324,Bournemouth,Marcus Tavernier,ENG,MF,24,1999,23.5,3,53,16,30.2,2.25,0.68,0.06,0.19,0,0
ENG-Premier League,2324,Bournemouth,Mark Travers,IRL,GK,24,1999,4.0,0,0,0,,0.0,0.0,,,0,0
ENG-Premier League,2324,Bournemouth,Max Aarons,ENG,DF,23,2000,13.7,0,2,0,0.0,0.15,0.0,0.0,,0,0
ENG-Premier League,2324,Bournemouth,Milos Kerkez,HUN,DF,19,2003,21.9,0,16,5,31.3,0.73,0.23,0.0,0.0,0,0
ENG-Premier League,2324,Bournemouth,Neto,BRA,GK,34,1989,32.0,0,0,0,,0.0,0.0,,,0,0
ENG-Premier League,2324,Bournemouth,Philip Billing,DEN,MF,27,1996,15.5,2,30,8,26.7,1.93,0.52,0.07,0.25,0,0
ENG-Premier League,2324,Bournemouth,Romain Faivre,FRA,MF,25,1998,0.5,0,2,0,0.0,4.39,0.0,0.0,,0,0
ENG-Premier League,2324,Bournemouth,Ryan Christie,SCO,MF,28,1995,32.3,0,43,13,30.2,1.33,0.4,0.0,0.0,0,0
ENG-Premier League,2324,Bournemouth,Tyler Adams,USA,MF,24,1999,1.3,0,0,0,,0.0,0.0,,,0,0
ENG-Premier League,2324,Brentford,Aaron Hickey,SCO,"DF,MF",21,2002,7.9,0,7,1,14.3,0.88,0.13,0.0,0.0,0,0
ENG-Premier League,2324,Brentford,Ben Mee,ENG,DF,33,1989,14.1,2,10,2,20.0,0.71,0.14,0.2,1.0,0,0
ENG-Premier League,2324,Brentford,Bryan Mbeumo,CMR,FW,23,1999,21.8,9,53,20,37.7,2.43,0.92,0.11,0.3,3,3
ENG-Premier League,2324,Brentford,Christian Nørgaard,DEN,MF,29,1994,27.8,2,35,7,20.0,1.26,0.25,0.06,0.29,0,0
ENG-Premier League,2324,Brentford,Ethan Pinnock,JAM,DF,30,1993,28.0,2,19,4,21.1,0.68,0.14,0.11,0.5,0,0
ENG-Premier League,2324,Brentford,Frank Onyeka,NGA,MF,25,1998,12.9,1,22,9,40.9,1.71,0.7,0.05,0.11,0,0
ENG-Premier League,2324,Brentford,Ivan Toney,ENG,FW,27,1996,16.1,4,51,22,43.1,3.17,1.37,0.08,0.18,0,0
ENG-Premier League,2324,Brentford,Josh Dasilva,ENG,MF,24,1998,0.3,0,0,0,,0.0,0.0,,,0,0
ENG-Premier League,2324,Brentford,Keane Lewis-Potter,ENG,"FW,MF",22,2001,16.0,3,43,22,51.2,2.69,1.37,0.07,0.14,0,0
ENG-Premier League,2324,Brentford,Kevin Schade,GER,FW,21,2001,3.7,2,8,4,50.0,2.16,1.08,0.25,0.5,0,0
ENG-Premier League,2324,Brentford,Kristoffer Ajer,NOR,DF,25,1998,20.4,2,12,4,33.3,0.59,0.2,0.17,0.5,0,0
ENG-Premier League,2324,Brentford,Mads Roerslev,DEN,"MF,DF",24,1999,22.1,1,7,1,14.3,0.32,0.05,0.14,1.0,0,0
ENG-Premier League,2324,Brentford,Mark Flekken,NED,GK,30,1993,36.5,0,0,0,,0.0,0.0,,,0,0
ENG-Premier League,2324,Brentford,Mathias Jensen,DEN,MF,27,1996,24.5,3,14,7,50.0,0.57,0.29,0.21,0.43,0,0
ENG-Premier League,2324,Brentford,Mathias Jørgensen,DEN,DF,33,1990,12.1,1,8,2,25.0,0.66,0.17,0.13,0.5,0,0
ENG-Premier League,2324,Brentford,Michael Olakigbe,ENG,MF,19,2004,0.7,0,3,1,33.3,4.58,1.53,0.0,0.0,0,0
ENG-Premier League,2324,Brentford,Mikkel Damsgaard,DEN,MF,23,2000,9.4,0,9,4,44.4,0.96,0.43,0.0,0.0,0,0
ENG-Premier League,2324,Brentford,Myles Peart-Harris,ENG,MF,20,2002,0.1,0,0,0,,0.0,0.0,,,0,0
ENG-Premier League,2324,Brentford,Nathan Collins,IRL,DF,22,2001,29.5,1,10,2,20.0,0.34,0.07,0.1,0.5,0,0
ENG-Premier League,2324,Brentford,Neal Maupay,FRA,FW,26,1996,14.7,6,37,16,43.2,2.52,1.09,0.16,0.38,0,0
ENG-Premier League,2324,Brentford,Rico Henry,JAM,DF,26,1997,4.5,0,2,0,0.0,0.45,0.0,0.0,,0,0
ENG-Premier League,2324,Brentford,Saman Ghoddos,IRN,"DF,MF",29,1993,8.2,1,9,2,22.2,1.1,0.24,0.11,0.5,0,0
ENG-Premier League,2324,Brentford,Sergio Reguilón,ESP,"MF,DF",26,1996,12.4,0,13,2,15.4,1.05,0.16,0.0,0.0,0,0
ENG-Premier League,2324,Brentford,Shandon Baptiste,GRN,MF,25,1998,2.5,1,2,2,100.0,0.79,0.79,0.5,0.5,0,0
ENG-Premier League,2324,Brentford,Thomas Strakosha,ALB,GK,28,1995,1.5,0,0,0,,0.0,0.0,,,0,0
ENG-Premier League,2324,Brentford,Vitaly Janelt,GER,"MF,DF",25,1998,33.9,1,21,7,33.3,0.62,0.21,0.05,0.14,0,0
ENG-Premier League,2324,Brentford,Yehor Yarmoliuk,UKR,MF,19,2004,7.6,0,11,5,45.5,1.44,0.65,0.0,0.0,0,0
ENG-Premier League,2324,Brentford,Yoane Wissa,COD,FW,26,1996,27.7,12,67,26,38.8,2.42,0.94,0.18,0.46,0,0
ENG-Premier League,2324,Brighton,Adam Lallana,ENG,MF,35,1988,9.4,0,11,2,18.2,1.16,0.21,0.0,0.0,0,0
ENG-Premier League,2324,Brighton,Adam Webster,ENG,DF,28,1995,12.7,0,8,1,12.5,0.63,0.08,0.0,0.0,0,0
ENG-Premier League,2324,Brighton,Ansu Fati,ESP,"MF,FW",20,2002,5.8,2,26,11,42.3,4.49,1.9,0.08,0.18,0,0
ENG-Premier League,2324,Brighton,Bart Verbruggen,NED,GK,20,2002,21.0,0,0,0,,0.0,0.0,,,0,0
ENG-Premier League,2324,Brighton,Benicio Boaitey,ENG,FW,19,2004,0.4,0,1,0,0.0,2.25,0.0,0.0,,0,0
ENG-Premier League,2324,Brighton,Billy Gilmour,SCO,MF,22,2001,23.6,0,25,5,20.0,1.06,0.21,0.0,0.0,0,0
ENG-Premier League,2324,Brighton,Carlos Baleba,CMR,MF,19,2004,14.7,0,21,5,23.8,1.43,0.34,0.0,0.0,0,0
ENG-Premier League,2324,Brighton,Danny Welbeck,ENG,"FW,MF",32,1990,18.8,5,41,16,39.0,2.18,0.85,0.12,0.31,0,0
ENG-Premier League,2324,Brighton,Evan Ferguson,IRL,FW,18,2004,15.2,6,33,20,60.6,2.17,1.32,0.18,0.3,0,0
ENG-Premier League,2324,Brighton,Facundo Buonanotte,ARG,"MF,FW",18,2004,15.2,3,21,9,42.9,1.39,0.59,0.14,0.33,0,0
ENG-Premier League,2324,Brighton,Igor,BRA,DF,25,1998,18.2,0,5,0,0.0,0.27,0.0,0.0,,0,0
ENG-Premier League,2324,Brighton,Jack Hinshelwood,ENG,"DF,MF",18,2005,9.7,3,14,8,57.1,1.45,0.83,0.21,0.38,0,0
ENG-Premier League,2324,Brighton,Jakub Moder,POL,"MF,DF",24,1999,6.9,0,11,3,27.3,1.6,0.44,0.0,0.0,0,0
ENG-Premier League,2324,Brighton,James Milner,ENG,"DF,MF",37,1986,8.6,0,5,1,20.0,0.58,0.12,0.0,0.0,0,0
ENG-Premier League,2324,Brighton,Jan Paul van Hecke,NED,DF,23,2000,26.3,0,15,6,40.0,0.57,0.23,0.0,0.0,0,0
ENG-Premier League,2324,Brighton,Jason Steele,ENG,GK,32,1990,17.0,0,0,0,,0.0,0.0,,,0,0
ENG-Premier League,2324,Brighton,João Pedro,BRA,"MF,FW",21,2001,22.7,9,75,26,34.7,3.3,1.14,0.07,0.19,4,5
ENG-Premier League,2324,Brighton,Joël Veltman,NED,DF,31,1992,17.6,1,6,3,50.0,0.34,0.17,0.17,0.33,0,0
ENG-Premier League,2324,Brighton,Julio Enciso,PAR,MF,19,2004,5.3,0,28,8,28.6,5.31,1.52,0.0,0.0,0,0
ENG-Premier League,2324,Brighton,Kaoru Mitoma,JPN,"MF,FW",26,1997,16.5,3,34,15,44.1,2.06,0.91,0.09,0.2,0,0
ENG-Premier League,2324,Brighton,Lewis Dunk,ENG,DF,31,1991,31.9,3,33,12,36.4,1.04,0.38,0.09,0.25,0,0
ENG-Premier League,2324,Brighton,Mahmoud Dahoud,GER,MF,27,1996,5.0,0,6,1,16.7,1.19,0.2,0.0,0.0,0,0
ENG-Premier League,2324,Brighton,Mark O'Mahony,IRL,FW,18,2005,0.7,0,1,0,0.0,1.43,0.0,0.0,,0,0
ENG-Premier League,2324,Brighton,Odeluga Offiah,ENG,DF,20,2002,1.4,0,0,0,,0.0,0.0,,,0,0
ENG-Premier League,2324,Brighton,Pascal Groß,GER,"MF,DF",32,1991,34.6,4,55,20,36.4,1.59,0.58,0.05,0.15,1,1
ENG-Premier League,2324,Brighton,Pervis Estupiñán,ECU,"DF,MF",25,1998,13.8,2,11,6,54.5,0.8,0.43,0.18,0.33,0,0
ENG-Premier League,2324,Brighton,Simon Adingra,CIV,MF,21,2002,24.7,6,52,22,42.3,2.11,0.89,0.12,0.27,0,0
ENG-Premier League,2324,Brighton,Solly March,ENG,"MF,DF",29,1994,6.2,3,14,6,42.9,2.27,0.97,0.21,0.5,0,0
ENG-Premier League,2324,Brighton,Tariq Lamptey,GHA,"DF,MF",22,2000,10.2,0,6,0,0.0,0.59,0.0,0.0,,0,0
ENG-Premier League,2324,Brighton,Valentín Barco,ARG,DF,19,2004,3.4,0,4,2,50.0,1.17,0.59,0.0,0.0,0,0
ENG-Premier League,2324,Burnley,Aaron Ramsey,ENG,MF,20,2003,5.9,0,6,2,33.3,1.02,0.34,0.0,0.0,0,0
ENG-Premier League,2324,Burnley,Ameen Al-Dakhil,BEL,DF,21,2002,11.7,1,8,3,37.5,0.68,0.26,0.13,0.33,0,0
ENG-Premier League,2324,Burnley,Anass Zaroury,MAR,FW,22,2000,1.7,0,3,1,33.3,1.78,0.59,0.0,0.0,0,0
ENG-Premier League,2324,Burnley,Arijanet Muric,KVX,GK,24,1998,10.0,0,0,0,,0.0,0.0,,,0,0
ENG-Premier League,2324,Burnley,Benson Manuel,ANG,MF,26,1997,1.3,0,4,2,50.0,3.1,1.55,0.0,0.0,0,0
ENG-Premier League,2324,Burnley,Charlie Taylor,ENG,DF,29,1993,25.9,1,10,1,10.0,0.39,0.04,0.1,1.0,0,0
ENG-Premier League,2324,Burnley,Connor Roberts,WAL,DF,27,1995,9.1,0,0,0,,0.0,0.0,,,0,0
ENG-Premier League,2324,Burnley,Dara O'Shea,IRL,DF,24,1999,32.1,3,19,5,26.3,0.59,0.16,0.16,0.6,0,0
ENG-Premier League,2324,Burnley,David Datro Fofana,CIV,FW,20,2002,9.8,4,19,10,52.6,1.95,1.02,0.21,0.4,0,0
ENG-Premier League,2324,Burnley,Han-Noah Massengo,FRA,MF,22,2001,0.2,0,0,0,,0.0,0.0,,,0,0
ENG-Premier League,2324,Burnley,Hannes Delcroix,HAI,DF,24,1999,6.5,0,4,2,50.0,0.61,0.31,0.0,0.0,0,0
ENG-Premier League,2324,Burnley,Hjalmar Ekdal,SWE,DF,24,1998,4.9,0,2,1,50.0,0.41,0.21,0.0,0.0,0,0
ENG-Premier League,2324,Burnley,Jack Cork,ENG,"DF,MF",34,1989,0.3,0,0,0,,0.0,0.0,,,0,0
ENG-Premier League,2324,Burnley,Jacob Bruun Larsen,DEN,MF,24,1998,13.9,6,44,16,36.4,3.17,1.15,0.11,0.31,1,1
ENG-Premier League,2324,Burnley,James Trafford,ENG,GK,20,2002,28.0,0,0,0,,0.0,0.0,,,0,0
ENG-Premier League,2324,Burnley,Jay Rodriguez,ENG,FW,34,1989,9.1,2,22,8,36.4,2.41,0.88,0.05,0.13,1,1
ENG-Premier League,2324,Burnley,Jordan Beyer,GER,DF,23,2000,13.7,0,5,0,0.0,0.36,0.0,0.0,,0,0
ENG-Premier League,2324,Burnley,Josh Brownhill,ENG,MF,27,1995,25.0,4,28,11,39.3,1.12,0.44,0.14,0.36,0,0
ENG-Premier League,2324,Burnley,Josh Cullen,IRL,MF,27,1996,22.9,2,16,5,31.3,0.7,0.22,0.13,0.4,0,0
ENG-Premier League,2324,Burnley,Jóhann Berg Guðmundsson,ISL,MF,32,1990,13.2,1,15,6,40.0,1.13,0.45,0.07,0.17,0,0
ENG-Premier League,2324,Burnley,Lorenz Assignon,TOG,DF,23,2000,13.7,1,9,4,44.4,0.66,0.29,0.11,0.25,0,0
ENG-Premier League,2324,Burnley,Luca Koleosho,ITA,"MF,FW",18,2004,10.8,1,23,5,21.7,2.13,0.46,0.04,0.2,0,0
ENG-Premier League,2324,Burnley,Lyle Foster,RSA,"FW,MF",22,2000,21.1,5,34,17,50.0,1.61,0.81,0.15,0.29,0,0
ENG-Premier League,2324,Burnley,Maxime Estève,FRA,DF,21,2002,14.5,0,7,0,0.0,0.48,0.0,0.0,,0,0
ENG-Premier League,2324,Burnley,Michael Obafemi,IRL,FW,23,2000,0.2,0,2,0,0.0,9.0,0.0,0.0,,0,0
ENG-Premier League,2324,Burnley,Mike Trésor,BEL,"MF,FW",24,1999,4.7,0,5,0,0.0,1.07,0.0,0.0,,0,0
ENG-Premier League,2324,Burnley,Nathan Redmond,ENG,"FW,MF",29,1994,1.6,0,0,0,,0.0,0.0,,,0,0
ENG-Premier League,2324,Burnley,Sander Berge,NOR,MF,25,1998,33.4,1,25,3,12.0,0.75,0.09,0.04,0.33,0,0
ENG-Premier League,2324,Burnley,Vitinho,BRA,"DF,MF",24,1999,25.7,0,25,4,16.0,0.97,0.16,0.0,0.0,0,0
ENG-Premier League,2324,Burnley,Wilson Odobert,FRA,"MF,FW",18,2004,23.3,3,49,14,28.6,2.1,0.6,0.06,0.21,0,0
ENG-Premier League,2324,Burnley,Zeki Amdouni,SUI,FW,22,2000,21.7,5,49,22,44.9,2.26,1.01,0.08,0.18,1,1
ENG-Premier League,2324,Chelsea,Alex Matos,ENG,MF,18,2004,0.0,0,0,0,,0.0,0.0,,,0,0
ENG-Premier League,2324,Chelsea,Alfie Gilchrist,ENG,DF,19,2003,2.3,1,5,1,20.0,2.17,0.43,0.2,1.0,0,0
ENG-Premier League,2324,Chelsea,Armando Broja,ALB,FW,21,2001,5.0,1,13,2,15.4,2.58,0.4,0.08,0.5,0,0
ENG-Premier League,2324,Chelsea,Axel Disasi,FRA,DF,25,1998,28.7,2,16,4,25.0,0.56,0.14,0.13,0.5,0,0
ENG-Premier League,2324,Chelsea,Ben Chilwell,ENG,"MF,DF",26,1996,8.4,0,12,4,33.3,1.43,0.48,0.0,0.0,0,0
ENG-Premier League,2324,Chelsea,Benoît Badiashile,FRA,DF,22,2001,14.9,0,6,1,16.7,0.4,0.07,0.0,0.0,0,0
ENG-Premier League,2324,Chelsea,Carney Chukwuemeka,AUT,MF,19,2003,2.5,1,3,2,66.7,1.19,0.79,0.33,0.5,0,0
ENG-Premier League,2324,Chelsea,Cesare Casadei,ITA,MF,20,2003,0.9,0,0,0,,0.0,0.0,,,0,0
ENG-Premier League,2324,Chelsea,Christopher Nkunku,FRA,"MF,FW",25,1997,4.9,3,16,9,56.3,3.25,1.83,0.19,0.33,0,0
ENG-Premier League,2324,Chelsea,Cole Palmer,ENG,"MF,FW",21,2002,29.0,22,108,46,42.6,3.73,1.59,0.12,0.28,9,9
ENG-Premier League,2324,Chelsea,Conor Gallagher,ENG,MF,23,2000,34.8,5,48,18,37.5,1.38,0.52,0.1,0.28,0,0
ENG-Premier League,2324,Chelsea,Deivid Washington,BRA,FW,18,2005,0.1,0,1,0,0.0,6.92,0.0,0.0,,0,0
ENG-Premier League,2324,Chelsea,Enzo Fernández,ARG,MF,22,2001,24.5,3,47,16,34.0,1.91,0.65,0.04,0.13,1,2
ENG-Premier League,2324,Chelsea,Ian Maatsen,NED,MF,21,2002,2.3,0,5,1,20.0,2.15,0.43,0.0,0.0,0,0
ENG-Premier League,2324,Chelsea,Jimi Tauriainen,ENG,FW,19,2004,0.0,0,0,0,,0.0,0.0,,,0,0
ENG-Premier League,2324,Chelsea,Joshua Acheampong,ENG,DF,17,2006,0.1,0,0,0,,0.0,0.0,,,0,0
ENG-Premier League,2324,Chelsea,Lesley Ugochukwu,FRA,MF,19,2004,3.3,0,0,0,,0.0,0.0,,,0,0
ENG-Premier League,2324,Chelsea,Levi Colwill,ENG,DF,20,2003,20.0,1,11,3,27.3,0.55,0.15,0.09,0.33,0,0
ENG-Premier League,2324,Chelsea,Malo Gusto,FRA,"DF,MF",20,2003,19.5,0,15,5,33.3,0.77,0.26,0.0,0.0,0,0
ENG-Premier League,2324,Chelsea,Marc Cucurella,ESP,DF,25,1998,19.8,0,8,4,50.0,0.4,0.2,0.0,0.0,0,0
ENG-Premier League,2324,Chelsea,Mason Burstow,ENG,FW,19,2003,0.1,0,0,0,,0.0,0.0,,,0,0
ENG-Premier League,2324,Chelsea,Moisés Caicedo,ECU,MF,21,2001,31.8,1,13,4,30.8,0.41,0.13,0.08,0.25,0,0
ENG-Premier League,2324,Chelsea,Mykhailo Mudryk,UKR,MF,22,2001,17.5,5,35,12,34.3,2.0,0.69,0.14,0.42,0,0
ENG-Premier League,2324,Chelsea,Nicolas Jackson,SEN,FW,22,2001,31.1,14,80,41,51.3,2.57,1.32,0.18,0.34,0,0
ENG-Premier League,2324,Chelsea,Noni Madueke,ENG,MF,21,2002,11.7,5,32,13,40.6,2.74,1.11,0.13,0.31,1,1
ENG-Premier League,2324,Chelsea,Raheem Sterling,ENG,MF,28,1994,22.0,8,51,22,43.1,2.32,1.0,0.16,0.36,0,0
ENG-Premier League,2324,Chelsea,Reece James,ENG,"DF,MF",23,1999,4.7,0,7,1,14.3,1.5,0.21,0.0,0.0,0,0
ENG-Premier League,2324,Chelsea,Robert Sánchez,ESP,GK,25,1997,15.9,0,0,0,,0.0,0.0,,,0,0
ENG-Premier League,2324,Chelsea,Roméo Lavia,BEL,MF,19,2004,0.4,0,0,0,,0.0,0.0,,,0,0
ENG-Premier League,2324,Chelsea,Thiago Silva,BRA,DF,38,1984,28.1,3,14,4,28.6,0.5,0.14,0.21,0.75,0,0
ENG-Premier League,2324,Chelsea,Trevoh Chalobah,ENG,DF,24,1999,10.6,1,2,2,100.0,0.19,0.19,0.5,0.5,0,0
ENG-Premier League,2324,Chelsea,Đorđe Petrović,SRB,GK,23,1999,22.1,0,0,0,,0.0,0.0,,,0,0
ENG-Premier League,2324,Crystal Palace,Adam Wharton,ENG,MF,19,2004,14.4,0,10,1,10.0,0.69,0.07,0.0,0.0,0,0
ENG-Premier League,2324,Crystal Palace,Cheick Doucouré,MLI,MF,23,2000,10.2,0,6,2,33.3,0.59,0.2,0.0,0.0,0,0
ENG-Premier League,2324,Crystal Palace,Chris Richards,USA,"DF,MF",23,2000,23.3,1,11,3,27.3,0.47,0.13,0.09,0.33,0,0
ENG-Premier League,2324,Crystal Palace,Daniel Muñoz,COL,"MF,DF",27,1996,16.0,0,8,0,0.0,0.5,0.0,0.0,,0,0
ENG-Premier League,2324,Crystal Palace,David Ozoh,ENG,MF,18,2005,1.7,0,0,0,,0.0,0.0,,,0,0
ENG-Premier League,2324,Crystal Palace,Dean Henderson,ENG,GK,26,1997,18.0,0,0,0,,0.0,0.0,,,0,0
ENG-Premier League,2324,Crystal Palace,Eberechi Eze,ENG,"MF,FW",25,1998,22.8,11,83,34,41.0,3.64,1.49,0.12,0.29,1,1
ENG-Premier League,2324,Crystal Palace,James Tomkins,ENG,"DF,MF",34,1989,0.1,0,0,0,,0.0,0.0,,,0,0
ENG-Premier League,2324,Crystal Palace,Jaïro Riedewald,NED,MF,26,1996,2.6,0,1,0,0.0,0.38,0.0,0.0,,0,0
ENG-Premier League,2324,Crystal Palace,Jean-Philippe Mateta,FRA,FW,26,1997,25.4,16,46,29,63.0,1.81,1.14,0.3,0.48,2,2
ENG-Premier League,2324,Crystal Palace,Jefferson Lerma,COL,"MF,DF",28,1994,26.7,1,34,9,26.5,1.27,0.34,0.03,0.11,0,0
ENG-Premier League,2324,Crystal Palace,Jeffrey Schlupp,GHA,"MF,FW",30,1992,15.0,2,19,11,57.9,1.26,0.73,0.11,0.18,0,0
ENG-Premier League,2324,Crystal Palace,Jesurun Rak Sakyi,ENG,"FW,MF",20,2002,1.5,0,5,1,20.0,3.31,0.66,0.0,0.0,0,0
ENG-Premier League,2324,Crystal Palace,Joachim Andersen,DEN,DF,27,1996,37.9,2,21,8,38.1,0.55,0.21,0.1,0.25,0,0
ENG-Premier League,2324,Crystal Palace,Joel Ward,ENG,DF,33,1989,22.0,0,10,0,0.0,0.45,0.0,0.0,,0,0
ENG-Premier League,2324,Crystal Palace,Jordan Ayew,GHA,"MF,FW",31,1991,28.3,4,48,20,41.7,1.7,0.71,0.08,0.2,0,0
ENG-Premier League,2324,Crystal Palace,Marc Guéhi,ENG,DF,23,2000,22.5,0,5,0,0.0,0.22,0.0,0.0,,0,0
ENG-Premier League,2324,Crystal Palace,Matheus França,BRA,MF,19,2004,2.6,0,8,2,25.0,3.1,0.78,0.0,0.0,0,0
ENG-Premier League,2324,Crystal Palace,Michael Olise,FRA,"MF,FW",21,2001,14.2,10,57,21,36.8,4.02,1.48,0.16,0.43,1,1
ENG-Premier League,2324,Crystal Palace,Naouirou Ahamada,FRA,MF,21,2002,3.9,0,9,2,22.2,2.32,0.52,0.0,0.0,0,0
ENG-Premier League,2324,Crystal Palace,Nathaniel Clyne,ENG,DF,32,1991,14.9,0,4,0,0.0,0.27,0.0,0.0,,0,0
ENG-Premier League,2324,Crystal Palace,Odsonne Édouard,FRA,"FW,MF",25,1998,17.3,7,51,19,37.3,2.95,1.1,0.14,0.37,0,0
ENG-Premier League,2324,Crystal Palace,Remi Matthews,ENG,GK,29,1994,0.0,0,0,0,,0.0,0.0,,,0,0
ENG-Premier League,2324,Crystal Palace,Sam Johnstone,ENG,GK,30,1993,20.0,0,0,0,,0.0,0.0,,,0,0
ENG-Premier League,2324,Crystal Palace,Tyrick Mitchell,ENG,"DF,MF",23,1999,35.6,2,12,4,33.3,0.34,0.11,0.17,0.5,0,0
ENG-Premier League,2324,Crystal Palace,Will Hughes,ENG,MF,28,1995,21.0,0,8,3,37.5,0.38,0.14,0.0,0.0,0,0
ENG-Premier League,2324,Everton,Abdoulaye Doucouré,MLI,MF,30,1993,29.2,7,47,23,48.9,1.61,0.79,0.15,0.3,0,0
ENG-Premier League,2324,Everton,Alex Iwobi,NGA,MF,27,1996,1.6,0,4,2,50.0,2.57,1.29,0.0,0.0,0,0
ENG-Premier League,2324,Everton,Amadou Onana,BEL,MF,21,2001,23.2,2,29,6,20.7,1.25,0.26,0.07,0.33,0,0
ENG-Premier League,2324,Everton,André Gomes,POR,MF,30,1993,5.6,1,8,4,50.0,1.42,0.71,0.13,0.25,0,0
ENG-Premier League,2324,Everton,Arnaut Danjuma,NED,"MF,FW",26,1997,6.6,1,25,9,36.0,3.78,1.36,0.04,0.11,0,0
ENG-Premier League,2324,Everton,Ashley Young,ENG,"DF,MF",38,1985,25.3,0,13,2,15.4,0.51,0.08,0.0,0.0,0,0
ENG-Premier League,2324,Everton,Ben Godfrey,ENG,DF,25,1998,12.4,0,15,4,26.7,1.21,0.32,0.0,0.0,0,0
ENG-Premier League,2324,Everton,Beto,GNB,FW,25,1998,10.6,3,43,13,30.2,4.07,1.23,0.07,0.23,0,1
ENG-Premier League,2324,Everton,Dominic Calvert-Lewin,ENG,FW,26,1997,24.1,7,73,31,42.5,3.03,1.29,0.07,0.16,2,2
ENG-Premier League,2324,Everton,Dwight McNeil,ENG,MF,23,1999,32.1,3,57,15,26.3,1.77,0.47,0.05,0.2,0,0
ENG-Premier League,2324,Everton,Idrissa Gana Gueye,SEN,MF,33,1989,20.9,4,26,7,26.9,1.24,0.33,0.15,0.57,0,0
ENG-Premier League,2324,Everton,Jack Harrison,ENG,MF,26,1996,24.6,3,34,9,26.5,1.38,0.37,0.09,0.33,0,0
ENG-Premier League,2324,Everton,James Garner,ENG,MF,22,2001,33.4,1,41,11,26.8,1.23,0.33,0.02,0.09,0,0
ENG-Premier League,2324,Everton,James Tarkowski,ENG,DF,30,1992,38.0,1,25,5,20.0,0.66,0.13,0.04,0.2,0,0
ENG-Premier League,2324,Everton,Jarrad Branthwaite,ENG,DF,21,2002,34.6,3,14,4,28.6,0.4,0.12,0.21,0.75,0,0
ENG-Premier League,2324,Everton,Jordan Pickford,ENG,GK,29,1994,38.0,0,0,0,,0.0,0.0,,,0,0
ENG-Premier League,2324,Everton,Lewis Dobbin,ENG,MF,20,2003,2.6,1,5,2,40.0,1.94,0.78,0.2,0.5,0,0
ENG-Premier League,2324,Everton,Lewis Warrington,ENG,MF,20,2002,0.0,0,0,0,,0.0,0.0,,,0,0
ENG-Premier League,2324,Everton,Michael Keane,ENG,DF,30,1993,4.9,1,6,4,66.7,1.23,0.82,0.17,0.25,0,0
ENG-Premier League,2324,Everton,Nathan Patterson,SCO,DF,21,2001,11.2,0,4,0,0.0,0.36,0.0,0.0,,0,0
ENG-Premier League,2324,Everton,Neal Maupay,FRA,FW,26,1996,1.2,0,5,4,80.0,4.05,3.24,0.0,0.0,0,0
ENG-Premier League,2324,Everton,Séamus Coleman,IRL,DF,34,1988,7.4,0,0,0,,0.0,0.0,,,0,0
ENG-Premier League,2324,Everton,Thomas Cannon,IRL,FW,20,2002,0.0,0,0,0,,0.0,0.0,,,0,0
ENG-Premier League,2324,Everton,Tyler Onyango,ENG,MF,20,2003,0.0,0,0,0,,0.0,0.0,,,0,0
ENG-Premier League,2324,Everton,Vitaliy Mykolenko,UKR,DF,24,1999,27.4,2,26,5,19.2,0.95,0.18,0.08,0.4,0,0
ENG-Premier League,2324,Everton,Youssef Chermiti,POR,FW,19,2004,2.3,0,7,2,28.6,3.03,0.87,0.0,0.0,0,0
ENG-Premier League,2324,Fulham,Adama Traoré,ESP,MF,27,1996,4.2,2,11,7,63.6,2.63,1.67,0.18,0.29,0,0
ENG-Premier League,2324,Fulham,Aleksandar Mitrović,SRB,FW,28,1994,0.4,0,2,1,50.0,5.45,2.73,0.0,0.0,0,0
ENG-Premier League,2324,Fulham,Alex Iwobi,NGA,MF,27,1996,24.4,5,51,18,35.3,2.09,0.74,0.1,0.28,0,0
ENG-Premier League,2324,Fulham,Andreas Pereira,BRA,MF,27,1996,29.0,3,52,16,30.8,1.79,0.55,0.06,0.19,0,0
ENG-Premier League,2324,Fulham,Antonee Robinson,USA,DF,25,1997,36.3,0,16,7,43.8,0.44,0.19,0.0,0.0,0,0
ENG-Premier League,2324,Fulham,Armando Broja,ALB,FW,21,2001,1.0,0,0,0,,0.0,0.0,,,0,0
ENG-Premier League,2324,Fulham,Bernd Leno,GER,GK,31,1992,38.0,0,0,0,,0.0,0.0,,,0,0
ENG-Premier League,2324,Fulham,Bobby De Cordova-Reid,JAM,"MF,FW",30,1993,15.8,6,33,8,24.2,2.09,0.51,0.18,0.75,0,0
ENG-Premier League,2324,Fulham,Calvin Bassey,NGA,DF,23,1999,25.6,1,5,2,40.0,0.2,0.08,0.2,0.5,0,0
ENG-Premier League,2324,Fulham,Carlos Vinícius,BRA,FW,28,1995,3.5,2,9,5,55.6,2.57,1.43,0.22,0.4,0,0
ENG-Premier League,2324,Fulham,Fodé Ballo-Touré,SEN,"DF,MF",26,1997,0.8,0,0,0,,0.0,0.0,,,0,0
ENG-Premier League,2324,Fulham,Harrison Reed,ENG,MF,28,1995,14.7,0,9,2,22.2,0.61,0.14,0.0,0.0,0,0
ENG-Premier League,2324,Fulham,Harry Wilson,WAL,"MF,FW",26,1997,18.0,4,40,13,32.5,2.22,0.72,0.1,0.31,0,0
ENG-Premier League,2324,Fulham,Issa Diop,MAR,DF,26,1997,15.8,0,5,1,20.0,0.32,0.06,0.0,0.0,0,0
ENG-Premier League,2324,Fulham,João Palhinha,POR,MF,28,1995,30.0,4,44,13,29.5,1.47,0.43,0.09,0.31,0,0
ENG-Premier League,2324,Fulham,Kenny Tete,NED,DF,27,1995,9.6,1,4,1,25.0,0.42,0.1,0.25,1.0,0,0
ENG-Premier League,2324,Fulham,Luke Harris,WAL,MF,18,2005,0.8,0,1,1,100.0,1.2,1.2,0.0,0.0,0,0
ENG-Premier League,2324,Fulham,Raúl Jiménez,MEX,FW,32,1991,15.5,7,41,17,41.5,2.65,1.1,0.17,0.41,0,0
ENG-Premier League,2324,Fulham,Rodrigo Muniz,BRA,FW,22,2001,17.7,9,73,27,37.0,4.12,1.53,0.12,0.33,0,0
ENG-Premier League,2324,Fulham,Saša Lukić,SRB,MF,26,1996,12.5,1,13,3,23.1,1.04,0.24,0.08,0.33,0,0
ENG-Premier League,2324,Fulham,Tim Ream,USA,DF,35,1987,16.7,1,1,1,100.0,0.06,0.06,1.0,1.0,0,0
ENG-Premier League,2324,Fulham,Timothy Castagne,BEL,DF,27,1995,29.3,1,14,5,35.7,0.48,0.17,0.07,0.2,0,0
ENG-Premier League,2324,Fulham,Tom Cairney,SCO,MF,32,1991,16.5,1,17,8,47.1,1.03,0.48,0.06,0.13,0,0
ENG-Premier League,2324,Fulham,Tosin Adarabioyo,ENG,DF,25,1997,18.0,2,14,5,35.7,0.78,0.28,0.14,0.4,0,0
ENG-Premier League,2324,Fulham,Willian,BRA,"MF,FW",34,1988,22.8,4,45,18,40.0,1.97,0.79,0.04,0.11,2,2
ENG-Premier League,2324,Liverpool,Alexis Mac Allister,ARG,MF,24,1998,28.9,5,44,9,20.5,1.52,0.31,0.09,0.44,1,1
ENG-Premier League,2324,Liverpool,Alisson,BRA,GK,30,1992,28.0,0,0,0,,0.0,0.0,,,0,0
ENG-Premier League,2324,Liverpool,Andrew Robertson,SCO,DF,29,1994,18.8,3,12,7,58.3,0.64,0.37,0.25,0.43,0,0
ENG-Premier League,2324,Liverpool,Ben Gannon-Doak,SCO,MF,17,2005,0.2,0,0,0,,0.0,0.0,,,0,0
ENG-Premier League,2324,Liverpool,Bobby Clark,ENG,MF,18,2005,1.0,0,2,0,0.0,2.02,0.0,0.0,,0,0
ENG-Premier League,2324,Liverpool,Caoimhín Kelleher,IRL,GK,24,1998,10.0,0,0,0,,0.0,0.0,,,0,0
ENG-Premier League,2324,Liverpool,Cody Gakpo,NED,"FW,MF",24,1999,18.3,8,66,24,36.4,3.6,1.31,0.12,0.33,0,0
ENG-Premier League,2324,Liverpool,Conor Bradley,NIR,DF,20,2003,8.4,1,12,4,33.3,1.43,0.48,0.08,0.25,0,0
ENG-Premier League,2324,Liverpool,Curtis Jones,ENG,MF,22,2001,13.0,1,19,6,31.6,1.47,0.46,0.05,0.17,0,0
ENG-Premier League,2324,Liverpool,Darwin Núñez,URU,FW,24,1999,22.7,11,108,46,42.6,4.75,2.02,0.1,0.24,0,1
ENG-Premier League,2324,Liverpool,Diogo Jota,POR,FW,26,1996,12.7,10,41,20,48.8,3.22,1.57,0.24,0.5,0,0
ENG-Premier League,2324,Liverpool,Dominik Szoboszlai,HUN,MF,22,2000,23.4,3,60,15,25.0,2.57,0.64,0.05,0.2,0,0
ENG-Premier League,2324,Liverpool,Harvey Elliott,ENG,"MF,FW",20,2003,15.0,3,49,17,34.7,3.26,1.13,0.06,0.18,0,0
ENG-Premier League,2324,Liverpool,Ibrahima Konaté,FRA,DF,24,1999,17.5,0,11,2,18.2,0.63,0.11,0.0,0.0,0,0
ENG-Premier League,2324,Liverpool,James McConnell,ENG,MF,18,2004,0.0,0,0,0,,0.0,0.0,,,0,0
ENG-Premier League,2324,Liverpool,Jarell Quansah,ENG,DF,20,2003,13.2,2,6,4,66.7,0.45,0.3,0.33,0.5,0,0
ENG-Premier League,2324,Liverpool,Jayden Danns,ENG,FW,17,2006,0.1,0,0,0,,0.0,0.0,,,0,0
ENG-Premier League,2324,Liverpool,Joe Gomez,ENG,DF,26,1997,19.8,0,19,2,10.5,0.96,0.1,0.0,0.0,0,0
ENG-Premier League,2324,Liverpool,Joël Matip,CMR,DF,31,1991,8.7,0,5,0,0.0,0.58,0.0,0.0,,0,0
ENG-Premier League,2324,Liverpool,Kaide Gordon,ENG,FW,18,2004,0.0,0,0,0,,0.0,0.0,,,0,0
ENG-Premier League,2324,Liverpool,Kostas Tsimikas,GRE,DF,27,1996,7.5,0,3,0,0.0,0.4,0.0,0.0,,0,0
ENG-Premier League,2324,Liverpool,Luis Díaz,COL,FW,26,1997,29.2,8,94,32,34.0,3.22,1.1,0.09,0.25,0,0
ENG-Premier League,2324,Liverpool,Mohamed Salah,EGY,FW,31,1992,28.2,18,114,56,49.1,4.05,1.99,0.11,0.23,5,7
ENG-Premier League,2324,Liverpool,Owen Beck,WAL,"DF,MF",20,2002,0.1,0,0,0,,0.0,0.0,,,0,0
ENG-Premier League,2324,Liverpool,Ryan Gravenberch,NED,MF,21,2002,12.5,1,23,8,34.8,1.85,0.64,0.04,0.13,0,0
ENG-Premier League,2324,Liverpool,Stefan Bajcetic,ESP,MF,18,2004,0.3,0,0,0,,0.0,0.0,,,0,0
ENG-Premier League,2324,Liverpool,Thiago Alcántara,ESP,MF,32,1991,0.1,0,0,0,,0.0,0.0,,,0,0
ENG-Premier League,2324,Liverpool,Trent Alexander-Arnold,ENG,DF,24,1998,23.9,3,47,8,17.0,1.96,0.33,0.06,0.38,0,0
ENG-Premier League,2324,Liverpool,Virgil van Dijk,NED,DF,32,1991,35.3,2,45,14,31.1,1.27,0.4,0.04,0.14,0,0
ENG-Premier League,2324,Liverpool,Wataru Endo,JPN,MF,30,1993,19.1,1,10,3,30.0,0.52,0.16,0.1,0.33,0,0
ENG-Premier League,2324,Luton Town,Albert Sambi Lokonga,BEL,MF,23,1999,14.5,1,8,2,25.0,0.55,0.14,0.13,0.5,0,0
ENG-Premier League,2324,Luton Town,Alfie Doughty,ENG,"MF,DF",23,1999,32.5,2,26,8,30.8,0.8,0.25,0.08,0.25,0,0
ENG-Premier League,2324,Luton Town,Amari'i Bell,JAM,DF,29,1994,19.1,0,2,2,100.0,0.1,0.1,0.0,0.0,0,0
ENG-Premier League,2324,Luton Town,Andros Townsend,ENG,"MF,FW",32,1991,13.4,1,20,7,35.0,1.49,0.52,0.05,0.14,0,0
ENG-Premier League,2324,Luton Town,Carlton Morris,ENG,"FW,MF",27,1995,31.8,11,73,31,42.5,2.3,0.97,0.08,0.19,5,5
ENG-Premier League,2324,Luton Town,Cauley Woodrow,ENG,FW,28,1994,4.7,1,16,4,25.0,3.37,0.84,0.06,0.25,0,0
ENG-Premier League,2324,Luton Town,Chiedozie Ogbene,IRL,MF,26,1997,22.2,4,35,14,40.0,1.58,0.63,0.11,0.29,0,0
ENG-Premier League,2324,Luton Town,Daiki Hashioka,JPN,"DF,MF",24,1999,6.6,0,2,0,0.0,0.3,0.0,0.0,,0,0
ENG-Premier League,2324,Luton Town,Elijah Adebayo,ENG,FW,25,1998,15.8,10,30,14,46.7,1.9,0.89,0.33,0.71,0,0
ENG-Premier League,2324,Luton Town,Fred Onyedinma,ENG,MF,26,1996,4.5,0,5,2,40.0,1.11,0.44,0.0,0.0,0,0
ENG-Premier League,2324,Luton Town,Gabriel Osho,NGA,DF,24,1998,20.5,2,10,2,20.0,0.49,0.1,0.2,1.0,0,0
ENG-Premier League,2324,Luton Town,Issa Kaboré,BFA,"MF,DF",22,2001,19.2,0,6,1,16.7,0.31,0.05,0.0,0.0,0,0
ENG-Premier League,2324,Luton Town,Jacob Brown,SCO,"MF,FW",25,1998,11.3,2,25,7,28.0,2.21,0.62,0.08,0.29,0,0
ENG-Premier League,2324,Luton Town,James Shea,ENG,GK,32,1991,0.2,0,0,0,,0.0,0.0,,,0,0
ENG-Premier League,2324,Luton Town,Jordan Clark,ENG,MF,29,1993,14.5,1,17,4,23.5,1.17,0.28,0.06,0.25,0,0
ENG-Premier League,2324,Luton Town,Joseph Johnson,ENG,DF,17,2006,0.9,0,0,0,,0.0,0.0,,,0,0
ENG-Premier League,2324,Luton Town,Luke Berry,ENG,MF,31,1992,3.6,2,8,4,50.0,2.23,1.11,0.25,0.5,0,0
ENG-Premier League,2324,Luton Town,Mads Juel Andersen,DEN,DF,25,1997,4.4,1,3,1,33.3,0.68,0.23,0.33,1.0,0,0
ENG-Premier League,2324,Luton Town,Marvelous Nakamba,ZIM,MF,29,1994,12.6,0,5,0,0.0,0.4,0.0,0.0,,0,0
ENG-Premier League,2324,Luton Town,Pelly Ruddock Mpanzu,COD,MF,30,1993,12.2,0,11,1,9.1,0.9,0.08,0.0,0.0,0,0
ENG-Premier League,2324,Luton Town,Reece Burke,ENG,DF,26,1996,18.4,0,13,4,30.8,0.7,0.22,0.0,0.0,0,0
ENG-Premier League,2324,Luton Town,Ross Barkley,ENG,MF,29,1993,29.1,5,66,19,28.8,2.27,0.65,0.08,0.26,0,0
ENG-Premier League,2324,Luton Town,Ryan Giles,ENG,"MF,DF",23,2000,5.6,0,2,2,100.0,0.36,0.36,0.0,0.0,0,0
ENG-Premier League,2324,Luton Town,Tahith Chong,CUW,"MF,FW",23,1999,22.0,4,30,7,23.3,1.36,0.32,0.13,0.57,0,0
ENG-Premier League,2324,Luton Town,Teden Mengi,ENG,DF,21,2002,27.4,1,11,4,36.4,0.4,0.15,0.09,0.25,0,0
ENG-Premier League,2324,Luton Town,Thomas Kaminski,BEL,GK,30,1992,37.8,0,0,0,,0.0,0.0,,,0,0
ENG-Premier League,2324,Luton Town,Tom Lockyer,WAL,DF,28,1994,13.0,1,7,1,14.3,0.54,0.08,0.14,1.0,0,0
ENG-Premier League,2324,Luton Town,Zack Nelson,ENG,MF,18,2005,0.1,0,0,0,,0.0,0.0,,,0,0
ENG-Premier League,2324,Manchester City,Aymeric Laporte,ESP,DF,29,1994,0.1,0,1,1,100.0,7.5,7.5,0.0,0.0,0,0
ENG-Premier League,2324,Manchester City,Bernardo Silva,POR,MF,28,1994,28.6,6,34,15,44.1,1.19,0.52,0.18,0.4,0,0
ENG-Premier League,2324,Manchester City,Cole Palmer,ENG,"FW,MF",21,2002,0.1,0,0,0,,0.0,0.0,,,0,0
ENG-Premier League,2324,Manchester City,Ederson,BRA,GK,29,1993,30.9,0,0,0,,0.0,0.0,,,0,0
ENG-Premier League,2324,Manchester City,Erling Haaland,NOR,"FW,MF",23,2000,28.4,27,121,59,48.8,4.27,2.08,0.17,0.34,7,8
ENG-Premier League,2324,Manchester City,Jack Grealish,ENG,"MF,FW",27,1995,11.2,3,22,5,22.7,1.96,0.45,0.14,0.6,0,0
ENG-Premier League,2324,Manchester City,James Mcatee,ENG,MF,20,2002,0.0,0,0,0,,0.0,0.0,,,0,0
ENG-Premier League,2324,Manchester City,Jeremy Doku,BEL,"MF,FW",21,2002,17.7,3,56,19,33.9,3.16,1.07,0.05,0.16,0,0
ENG-Premier League,2324,Manchester City,John Stones,ENG,DF,29,1994,11.8,1,4,2,50.0,0.34,0.17,0.25,0.5,0,0
ENG-Premier League,2324,Manchester City,Joško Gvardiol,CRO,DF,21,2002,25.9,4,32,14,43.8,1.24,0.54,0.13,0.29,0,0
ENG-Premier League,2324,Manchester City,Julián Álvarez,ARG,"MF,FW",23,2000,29.4,11,98,40,40.8,3.33,1.36,0.09,0.23,2,2
ENG-Premier League,2324,Manchester City,Kalvin Phillips,ENG,"DF,MF",27,1995,1.0,0,2,0,0.0,1.94,0.0,0.0,,0,0
ENG-Premier League,2324,Manchester City,Kevin De Bruyne,BEL,MF,32,1991,13.6,4,44,17,38.6,3.24,1.25,0.09,0.24,0,0
ENG-Premier League,2324,Manchester City,Kyle Walker,ENG,"DF,MF",33,1990,30.7,0,16,3,18.8,0.52,0.1,0.0,0.0,0,0
ENG-Premier League,2324,Manchester City,Manuel Akanji,SUI,"DF,MF",28,1995,27.9,2,15,5,33.3,0.54,0.18,0.13,0.4,0,0
ENG-Premier League,2324,Manchester City,Mateo Kovačić,CRO,MF,29,1994,17.2,1,22,5,22.7,1.28,0.29,0.05,0.2,0,0
ENG-Premier League,2324,Manchester City,Matheus Nunes,POR,"MF,FW",24,1998,7.3,0,9,4,44.4,1.23,0.54,0.0,0.0,0,0
ENG-Premier League,2324,Manchester City,Nathan Aké,NED,DF,28,1995,22.7,2,20,5,25.0,0.88,0.22,0.1,0.4,0,0
ENG-Premier League,2324,Manchester City,Oscar Bobb,NOR,MF,20,2003,3.4,1,4,2,50.0,1.19,0.6,0.25,0.5,0,0
ENG-Premier League,2324,Manchester City,Phil Foden,ENG,MF,23,2000,31.7,19,105,48,45.7,3.31,1.51,0.18,0.4,0,0
ENG-Premier League,2324,Manchester City,Rico Lewis,ENG,"DF,MF",18,2004,9.0,2,5,4,80.0,0.56,0.44,0.4,0.5,0,0
ENG-Premier League,2324,Manchester City,Rodri,ESP,"MF,DF",27,1996,32.6,8,62,22,35.5,1.9,0.68,0.13,0.36,0,0
ENG-Premier League,2324,Manchester City,Rúben Dias,POR,"DF,MF",26,1997,28.4,0,20,8,40.0,0.7,0.28,0.0,0.0,0,0
ENG-Premier League,2324,Manchester City,Sergio Gómez,ESP,"DF,MF",22,2000,0.6,0,2,0,0.0,3.4,0.0,0.0,,0,0
ENG-Premier League,2324,Manchester City,Stefan Ortega,GER,GK,30,1992,7.1,0,0,0,,0.0,0.0,,,0,0
ENG-Premier League,2324,Manchester Utd,Aaron Wan-Bissaka,COD,DF,25,1997,19.8,0,3,1,33.3,0.15,0.05,0.0,0.0,0,0
ENG-Premier League,2324,Manchester Utd,Alejandro Garnacho,ARG,MF,19,2004,28.5,7,100,28,28.0,3.51,0.98,0.07,0.25,0,0
ENG-Premier League,2324,Manchester Utd,Amad Diallo,CIV,MF,21,2002,4.3,1,10,4,40.0,2.31,0.92,0.1,0.25,0,0
ENG-Premier League,2324,Manchester Utd,André Onana,CMR,GK,27,1996,38.0,0,0,0,,0.0,0.0,,,0,0
ENG-Premier League,2324,Manchester Utd,Anthony Martial,FRA,FW,27,1995,5.0,1,6,4,66.7,1.21,0.8,0.17,0.25,0,0
ENG-Premier League,2324,Manchester Utd,Antony,BRA,MF,23,2000,14.7,1,43,16,37.2,2.92,1.09,0.02,0.06,0,0
ENG-Premier League,2324,Manchester Utd,Bruno Fernandes,POR,MF,28,1994,34.6,10,95,41,43.2,2.74,1.18,0.06,0.15,4,5
ENG-Premier League,2324,Manchester Utd,Casemiro,BRA,"MF,DF",31,1992,22.0,1,39,9,23.1,1.77,0.41,0.03,0.11,0,0
ENG-Premier League,2324,Manchester Utd,Christian Eriksen,DEN,MF,31,1992,12.7,1,13,4,30.8,1.03,0.32,0.08,0.25,0,0
ENG-Premier League,2324,Manchester Utd,Daniel Gore,ENG,MF,18,2004,0.0,0,0,0,,0.0,0.0,,,0,0
ENG-Premier League,2324,Manchester Utd,Diogo Dalot,POR,DF,24,1999,35.3,2,30,7,23.3,0.85,0.2,0.07,0.29,0,0
ENG-Premier League,2324,Manchester Utd,Donny van de Beek,NED,MF,26,1997,0.0,0,1,0,0.0,30.0,0.0,0.0,,0,0
ENG-Premier League,2324,Manchester Utd,Ethan Wheatley,ENG,FW,17,2006,0.2,0,0,0,,0.0,0.0,,,0,0
ENG-Premier League,2324,Manchester Utd,Facundo Pellistri,URU,MF,21,2001,1.9,0,4,2,50.0,2.09,1.05,0.0,0.0,0,0
ENG-Premier League,2324,Manchester Utd,Hannibal Mejbri,TUN,MF,20,2003,1.5,1,1,1,100.0,0.68,0.68,1.0,1.0,0,0
ENG-Premier League,2324,Manchester Utd,Harry Maguire,ENG,DF,30,1993,18.4,2,20,3,15.0,1.09,0.16,0.1,0.67,0,0
ENG-Premier League,2324,Manchester Utd,Jadon Sancho,ENG,"FW,MF",23,2000,0.9,0,0,0,,0.0,0.0,,,0,0
ENG-Premier League,2324,Manchester Utd,Jonny Evans,NIR,DF,35,1988,15.5,0,1,0,0.0,0.06,0.0,0.0,,0,0
ENG-Premier League,2324,Manchester Utd,Kobbie Mainoo,ENG,MF,18,2005,21.4,3,11,5,45.5,0.51,0.23,0.27,0.6,0,0
ENG-Premier League,2324,Manchester Utd,Lisandro Martínez,ARG,DF,25,1998,7.2,0,0,0,,0.0,0.0,,,0,0
ENG-Premier League,2324,Manchester Utd,Luke Shaw,ENG,DF,28,1995,10.7,0,2,0,0.0,0.19,0.0,0.0,,0,0
ENG-Premier League,2324,Manchester Utd,Marcus Rashford,ENG,"MF,FW",25,1997,25.2,7,62,21,33.9,2.46,0.83,0.08,0.24,2,2
ENG-Premier League,2324,Manchester Utd,Mason Mount,ENG,MF,24,1999,5.7,1,5,1,20.0,0.87,0.17,0.2,1.0,0,0
ENG-Premier League,2324,Manchester Utd,Omari Forson,ENG,MF,19,2004,0.8,0,1,0,0.0,1.29,0.0,0.0,,0,0
ENG-Premier League,2324,Manchester Utd,Raphaël Varane,FRA,DF,30,1993,15.3,1,8,2,25.0,0.52,0.13,0.13,0.5,0,0
ENG-Premier League,2324,Manchester Utd,Rasmus Højlund,DEN,FW,20,2003,24.0,10,38,21,55.3,1.58,0.88,0.26,0.48,0,0
ENG-Premier League,2324,Manchester Utd,Scott McTominay,SCO,"MF,FW",26,1996,21.1,7,44,19,43.2,2.08,0.9,0.16,0.37,0,0
ENG-Premier League,2324,Manchester Utd,Sergio Reguilón,ESP,DF,26,1996,4.6,0,4,0,0.0,0.87,0.0,0.0,,0,0
ENG-Premier League,2324,Manchester Utd,Sofyan Amrabat,MAR,"MF,DF",26,1996,10.4,0,3,0,0.0,0.29,0.0,0.0,,0,0
ENG-Premier League,2324,Manchester Utd,Victor Lindelöf,SWE,DF,29,1994,14.8,1,6,4,66.7,0.41,0.27,0.17,0.25,0,0
ENG-Premier League,2324,Manchester Utd,Willy Kambwala,FRA,DF,18,2004,3.7,0,0,0,,0.0,0.0,,,0,0
ENG-Premier League,2324,Newcastle United,Alex Murphy,IRL,DF,19,2004,0.1,0,0,0,,0.0,0.0,,,0,0
ENG-Premier League,2324,Newcastle United,Alexander Isak,SWE,FW,23,1999,25.1,21,78,43,55.1,3.11,1.72,0.21,0.37,5,6
ENG-Premier League,2324,Newcastle United,Amadou Diallo,ENG,FW,20,2003,0.0,0,0,0,,0.0,0.0,,,0,0
ENG-Premier League,2324,Newcastle United,Anthony Gordon,ENG,FW,22,2001,32.1,11,81,31,38.3,2.52,0.97,0.12,0.32,1,1
ENG-Premier League,2324,Newcastle United,Ben Parkinson,ENG,FW,18,2005,0.3,0,0,0,,0.0,0.0,,,0,0
ENG-Premier League,2324,Newcastle United,Bruno Guimarães,BRA,MF,25,1997,36.3,7,48,16,33.3,1.32,0.44,0.15,0.44,0,0
ENG-Premier League,2324,Newcastle United,Callum Wilson,ENG,FW,31,1992,11.0,9,35,21,60.0,3.18,1.91,0.2,0.33,2,2
ENG-Premier League,2324,Newcastle United,Dan Burn,ENG,DF,31,1992,30.3,2,23,6,26.1,0.76,0.2,0.09,0.33,0,0
ENG-Premier League,2324,Newcastle United,Elliot Anderson,ENG,"MF,FW",20,2002,11.4,0,19,5,26.3,1.67,0.44,0.0,0.0,0,0
ENG-Premier League,2324,Newcastle United,Emil Krafth,SWE,DF,28,1994,10.1,0,4,0,0.0,0.39,0.0,0.0,,0,0
ENG-Premier League,2324,Newcastle United,Fabian Schär,SUI,DF,31,1991,33.9,4,35,9,25.7,1.03,0.27,0.11,0.44,0,0
ENG-Premier League,2324,Newcastle United,Harvey Barnes,ENG,"FW,MF",25,1997,8.9,5,27,12,44.4,3.03,1.35,0.19,0.42,0,0
ENG-Premier League,2324,Newcastle United,Jacob Murphy,ENG,"FW,MF",28,1995,13.2,3,30,10,33.3,2.27,0.76,0.1,0.3,0,0
ENG-Premier League,2324,Newcastle United,Jamaal Lascelles,ENG,DF,29,1993,12.0,1,6,1,16.7,0.5,0.08,0.17,1.0,0,0
ENG-Premier League,2324,Newcastle United,Joe White,ENG,MF,20,2002,0.1,0,0,0,,0.0,0.0,,,0,0
ENG-Premier League,2324,Newcastle United,Joe Willock,ENG,MF,23,1999,4.7,1,7,4,57.1,1.5,0.86,0.14,0.25,0,0
ENG-Premier League,2324,Newcastle United,Joelinton,BRA,"MF,FW",26,1996,14.2,2,19,9,47.4,1.34,0.63,0.11,0.22,0,0
ENG-Premier League,2324,Newcastle United,Kieran Trippier,ENG,DF,32,1990,24.8,1,8,2,25.0,0.32,0.08,0.13,0.5,0,0
ENG-Premier League,2324,Newcastle United,Lewis Hall,ENG,DF,18,2004,8.7,1,11,4,36.4,1.27,0.46,0.09,0.25,0,0
ENG-Premier League,2324,Newcastle United,Lewis Miley,ENG,MF,17,2006,13.4,1,13,3,23.1,0.97,0.22,0.08,0.33,0,0
ENG-Premier League,2324,Newcastle United,Loris Karius,GER,GK,30,1993,1.0,0,0,0,,0.0,0.0,,,0,0
ENG-Premier League,2324,Newcastle United,Martin Dúbravka,SVK,GK,34,1989,22.1,0,0,0,,0.0,0.0,,,0,0
ENG-Premier League,2324,Newcastle United,Matt Ritchie,SCO,"DF,MF",33,1989,1.4,1,6,4,66.7,4.22,2.81,0.17,0.25,0,0
ENG-Premier League,2324,Newcastle United,Matt Targett,ENG,DF,27,1995,0.9,0,0,0,,0.0,0.0,,,0,0
ENG-Premier League,2324,Newcastle United,Michael Ndiweni,ENG,MF,19,2003,0.0,0,0,0,,0.0,0.0,,,0,0
ENG-Premier League,2324,Newcastle United,Miguel Almirón,PAR,FW,29,1994,21.5,3,41,12,29.3,1.91,0.56,0.07,0.25,0,0
ENG-Premier League,2324,Newcastle United,Nick Pope,ENG,GK,31,1992,14.9,0,1,0,0.0,0.07,0.0,0.0,,0,0
ENG-Premier League,2324,Newcastle United,Paul Dummett,WAL,DF,31,1991,0.2,0,1,0,0.0,4.5,0.0,0.0,,0,0
ENG-Premier League,2324,Newcastle United,Sandro Tonali,ITA,MF,23,2000,4.9,1,3,2,66.7,0.62,0.41,0.33,0.5,0,0
ENG-Premier League,2324,Newcastle United,Sean Longstaff,ENG,MF,25,1997,30.5,6,41,15,36.6,1.34,0.49,0.15,0.4,0,0
ENG-Premier League,2324,Newcastle United,Sven Botman,NED,DF,23,2000,15.3,2,10,2,20.0,0.65,0.13,0.2,1.0,0,0
ENG-Premier League,2324,Newcastle United,Valentino Livramento,ENG,DF,20,2002,14.6,1,4,2,50.0,0.27,0.14,0.25,0.5,0,0
ENG-Premier League,2324,Nottingham Forest,Andrew Omobamidele,IRL,DF,21,2002,8.7,0,1,0,0.0,0.11,0.0,0.0,,0,0
ENG-Premier League,2324,Nottingham Forest,Andrey Santos,BRA,MF,19,2004,0.1,0,2,0,0.0,22.5,0.0,0.0,,0,0
ENG-Premier League,2324,Nottingham Forest,Anthony Elanga,SWE,"MF,FW",21,2002,27.0,5,54,23,42.6,2.0,0.85,0.09,0.22,0,0
ENG-Premier League,2324,Nottingham Forest,Brandon Aguilera,CRC,MF,20,2003,0.1,0,0,0,,0.0,0.0,,,0,0
ENG-Premier League,2324,Nottingham Forest,Brennan Johnson,WAL,"FW,MF",22,2001,2.6,0,3,0,0.0,1.14,0.0,0.0,,0,0
ENG-Premier League,2324,Nottingham Forest,Callum Hudson-Odoi,ENG,"MF,FW",22,2000,20.6,8,38,20,52.6,1.84,0.97,0.21,0.4,0,0
ENG-Premier League,2324,Nottingham Forest,Cheikhou Kouyaté,SEN,MF,33,1989,2.4,0,5,1,20.0,2.12,0.42,0.0,0.0,0,0
ENG-Premier League,2324,Nottingham Forest,Chris Wood,NZL,FW,31,1991,20.1,14,48,26,54.2,2.38,1.29,0.29,0.54,0,0
ENG-Premier League,2324,Nottingham Forest,Danilo Santos,BRA,MF,22,2001,19.9,2,23,7,30.4,1.16,0.35,0.09,0.29,0,0
ENG-Premier League,2324,Nottingham Forest,Divock Origi,BEL,"MF,FW",28,1995,6.7,0,14,4,28.6,2.08,0.59,0.0,0.0,0,0
ENG-Premier League,2324,Nottingham Forest,Felipe,BRA,DF,34,1989,4.2,0,3,0,0.0,0.72,0.0,0.0,,0,0
ENG-Premier League,2324,Nottingham Forest,Gio Reyna,USA,MF,20,2002,2.6,0,5,2,40.0,1.91,0.77,0.0,0.0,0,0
ENG-Premier League,2324,Nottingham Forest,Gonzalo Montiel,ARG,DF,26,1997,8.9,0,3,0,0.0,0.34,0.0,0.0,,0,0
ENG-Premier League,2324,Nottingham Forest,Harry Toffolo,ENG,"DF,MF",27,1995,16.2,1,8,5,62.5,0.49,0.31,0.13,0.2,0,0
ENG-Premier League,2324,Nottingham Forest,Ibrahim Sangaré,CIV,MF,25,1997,11.5,0,8,0,0.0,0.7,0.0,0.0,,0,0
ENG-Premier League,2324,Nottingham Forest,Joe Worrall,ENG,DF,26,1997,4.9,0,2,0,0.0,0.41,0.0,0.0,,0,0
ENG-Premier League,2324,Nottingham Forest,Matt Turner,USA,GK,29,1994,17.0,0,0,0,,0.0,0.0,,,0,0
ENG-Premier League,2324,Nottingham Forest,Matz Sels,BEL,GK,31,1992,16.0,0,0,0,,0.0,0.0,,,0,0
ENG-Premier League,2324,Nottingham Forest,Morgan Gibbs-White,ENG,"MF,FW",23,2000,35.1,5,71,15,21.1,2.02,0.43,0.06,0.27,1,1
ENG-Premier League,2324,Nottingham Forest,Moussa Niakhate,SEN,DF,27,1996,16.2,1,5,1,20.0,0.31,0.06,0.2,1.0,0,0
ENG-Premier League,2324,Nottingham Forest,Murillo,BRA,DF,21,2002,31.0,0,17,6,35.3,0.55,0.19,0.0,0.0,0,0
ENG-Premier League,2324,Nottingham Forest,Neco Williams,WAL,"DF,MF",22,2001,18.2,0,15,4,26.7,0.82,0.22,0.0,0.0,0,0
ENG-Premier League,2324,Nottingham Forest,Nicolás Domínguez,ARG,MF,25,1998,16.6,2,22,6,27.3,1.32,0.36,0.09,0.33,0,0
ENG-Premier League,2324,Nottingham Forest,Nuno Tavares,POR,DF,23,2000,5.1,0,7,1,14.3,1.38,0.2,0.0,0.0,0,0
ENG-Premier League,2324,Nottingham Forest,Odysseas Vlachodimos,GRE,GK,29,1994,5.0,0,0,0,,0.0,0.0,,,0,0
ENG-Premier League,2324,Nottingham Forest,Ola Aina,NGA,"DF,MF",26,1996,18.8,1,11,1,9.1,0.59,0.05,0.09,1.0,0,0
ENG-Premier League,2324,Nottingham Forest,Orel Mangala,BEL,MF,25,1998,17.4,1,10,1,10.0,0.58,0.06,0.1,1.0,0,0
ENG-Premier League,2324,Nottingham Forest,Rodrigo Ribeiro,POR,FW,18,2005,0.2,0,0,0,,0.0,0.0,,,0,0
ENG-Premier League,2324,Nottingham Forest,Ryan Yates,ENG,MF,25,1997,22.1,1,32,7,21.9,1.45,0.32,0.03,0.14,0,0
ENG-Premier League,2324,Nottingham Forest,Scott McKenna,SCO,DF,26,1996,4.6,0,2,0,0.0,0.43,0.0,0.0,,0,0
ENG-Premier League,2324,Nottingham Forest,Serge Aurier,CIV,"DF,MF",30,1992,9.3,0,6,1,16.7,0.65,0.11,0.0,0.0,0,0
ENG-Premier League,2324,Nottingham Forest,Taiwo Awoniyi,NGA,FW,25,1997,11.6,6,22,11,50.0,1.9,0.95,0.27,0.55,0,0
ENG-Premier League,2324,Nottingham Forest,Willy Boly,CIV,DF,32,1991,16.0,2,14,6,42.9,0.88,0.38,0.14,0.33,0,0
ENG-Premier League,2324,Sheffield United,Andre Brooks,JAM,MF,19,2003,10.4,0,9,2,22.2,0.86,0.19,0.0,0.0,0,0
ENG-Premier League,2324,Sheffield United,Anel Ahmedhodžić,BIH,DF,24,1999,29.4,2,19,5,26.3,0.65,0.17,0.11,0.4,0,0
ENG-Premier League,2324,Sheffield United,Anis Ben Slimane,TUN,MF,22,2001,4.7,0,8,3,37.5,1.72,0.64,0.0,0.0,0,0
ENG-Premier League,2324,Sheffield United,Antwoine Hackford,ENG,FW,19,2004,0.1,0,0,0,,0.0,0.0,,,0,0
ENG-Premier League,2324,Sheffield United,Auston Trusty,USA,DF,24,1998,28.6,0,8,2,25.0,0.28,0.07,0.0,0.0,0,0
ENG-Premier League,2324,Sheffield United,Ben Brereton,CHI,"FW,MF",24,1999,12.3,6,35,19,54.3,2.85,1.55,0.14,0.26,1,1
ENG-Premier League,2324,Sheffield United,Ben Osborn,ENG,MF,28,1994,15.2,0,4,0,0.0,0.26,0.0,0.0,,0,0
ENG-Premier League,2324,Sheffield United,Bénie Traoré,CIV,"FW,MF",20,2002,4.3,0,1,1,100.0,0.23,0.23,0.0,0.0,0,0
ENG-Premier League,2324,Sheffield United,Cameron Archer,ENG,"FW,MF",22,2001,20.4,4,42,11,26.2,2.06,0.54,0.1,0.36,0,0
ENG-Premier League,2324,Sheffield United,Chris Basham,ENG,"DF,MF",35,1988,3.6,0,2,0,0.0,0.56,0.0,0.0,,0,0
ENG-Premier League,2324,Sheffield United,Daniel Jebbison,CAN,FW,19,2003,0.2,0,0,0,,0.0,0.0,,,0,0
ENG-Premier League,2324,Sheffield United,George Baldock,GRE,"DF,MF",30,1993,10.8,0,1,0,0.0,0.09,0.0,0.0,,0,0
ENG-Premier League,2324,Sheffield United,Gustavo Hamer,NED,MF,26,1997,32.3,4,49,15,30.6,1.52,0.46,0.08,0.27,0,0
ENG-Premier League,2324,Sheffield United,Ivo Grbić,CRO,GK,27,1996,8.6,0,0,0,,0.0,0.0,,,0,0
ENG-Premier League,2324,Sheffield United,Jack Robinson,ENG,DF,29,1993,32.1,1,14,6,42.9,0.44,0.19,0.07,0.17,0,0
ENG-Premier League,2324,Sheffield United,James Mcatee,ENG,"MF,FW",20,2002,20.2,3,26,9,34.6,1.28,0.44,0.08,0.22,1,1
ENG-Premier League,2324,Sheffield United,Jayden Bogle,ENG,"MF,DF",23,2000,31.0,3,32,11,34.4,1.03,0.36,0.09,0.27,0,0
ENG-Premier League,2324,Sheffield United,John Egan,IRL,DF,30,1992,5.4,0,3,1,33.3,0.56,0.19,0.0,0.0,0,0
ENG-Premier League,2324,Sheffield United,John Fleck,SCO,MF,31,1991,1.0,0,0,0,,0.0,0.0,,,0,0
ENG-Premier League,2324,Sheffield United,Luke Thomas,ENG,"MF,DF",22,2001,10.2,0,6,1,16.7,0.59,0.1,0.0,0.0,0,0
ENG-Premier League,2324,Sheffield United,Mason Holgate,JAM,DF,26,1996,7.9,0,3,0,0.0,0.38,0.0,0.0,,0,0
ENG-Premier League,2324,Sheffield United,Max Lowe,ENG,"MF,DF",26,1997,5.6,0,2,0,0.0,0.36,0.0,0.0,,0,0
ENG-Premier League,2324,Sheffield United,Oliver Arblaster,ENG,MF,19,2004,10.5,0,1,1,100.0,0.1,0.1,0.0,0.0,0,0
ENG-Premier League,2324,Sheffield United,Oliver McBurnie,SCO,FW,27,1996,14.2,6,33,17,51.5,2.32,1.2,0.12,0.24,2,2
ENG-Premier League,2324,Sheffield United,Oliver Norwood,NIR,MF,32,1991,16.0,1,15,6,40.0,0.94,0.37,0.0,0.0,1,1
ENG-Premier League,2324,Sheffield United,Rhian Brewster,ENG,FW,23,2000,3.8,0,7,3,42.9,1.82,0.78,0.0,0.0,0,0
ENG-Premier League,2324,Sheffield United,Rhys Norrington-Davies,WAL,DF,24,1999,1.2,0,0,0,,0.0,0.0,,,0,0
ENG-Premier League,2324,Sheffield United,Ryan One,SCO,MF,17,2006,0.1,0,0,0,,0.0,0.0,,,0,0
ENG-Premier League,2324,Sheffield United,Sam Curtis,IRL,DF,17,2005,0.3,0,0,0,,0.0,0.0,,,0,0
ENG-Premier League,2324,Sheffield United,Sydie Peck,ENG,MF,18,2004,0.1,0,0,0,,0.0,0.0,,,0,0
ENG-Premier League,2324,Sheffield United,Tom Davies,ENG,MF,25,1998,2.5,0,4,1,25.0,1.63,0.41,0.0,0.0,0,0
ENG-Premier League,2324,Sheffield United,Vinicius Souza,BRA,MF,24,1999,29.6,1,14,6,42.9,0.47,0.2,0.07,0.17,0,0
ENG-Premier League,2324,Sheffield United,Wes Foderingham,ENG,GK,32,1991,29.4,0,0,0,,0.0,0.0,,,0,0
ENG-Premier League,2324,Sheffield United,William Osula,DEN,FW,19,2003,8.7,0,21,8,38.1,2.4,0.92,0.0,0.0,0,0
ENG-Premier League,2324,Sheffield United,Yasser Larouci,ALG,MF,22,2001,5.9,0,6,1,16.7,1.02,0.17,0.0,0.0,0,0
ENG-Premier League,2324,Tottenham Hotspur,Alejo Véliz,ARG,FW,19,2003,0.6,1,2,1,50.0,3.6,1.8,0.5,1.0,0,0
ENG-Premier League,2324,Tottenham Hotspur,Ben Davies,WAL,DF,30,1993,12.1,1,12,2,16.7,0.99,0.17,0.08,0.5,0,0
ENG-Premier League,2324,Tottenham Hotspur,Brennan Johnson,WAL,"MF,FW",22,2001,23.2,5,50,21,42.0,2.16,0.91,0.1,0.24,0,0
ENG-Premier League,2324,Tottenham Hotspur,Bryan Gil,ESP,MF,22,2001,2.3,0,4,1,25.0,1.72,0.43,0.0,0.0,0,0
ENG-Premier League,2324,Tottenham Hotspur,Cristian Romero,ARG,DF,25,1998,31.0,5,24,10,41.7,0.77,0.32,0.21,0.5,0,0
ENG-Premier League,2324,Tottenham Hotspur,Dane Scarlett,ENG,FW,19,2004,0.2,0,0,0,,0.0,0.0,,,0,0
ENG-Premier League,2324,Tottenham Hotspur,Davinson Sánchez,COL,DF,27,1996,0.9,0,1,0,0.0,1.17,0.0,0.0,,0,0
ENG-Premier League,2324,Tottenham Hotspur,Dejan Kulusevski,SWE,"MF,FW",23,2000,30.7,8,57,24,42.1,1.86,0.78,0.14,0.33,0,0
ENG-Premier League,2324,Tottenham Hotspur,Destiny Udogie,ITA,DF,20,2002,26.6,2,9,5,55.6,0.34,0.19,0.22,0.4,0,0
ENG-Premier League,2324,Tottenham Hotspur,Emerson,BRA,DF,24,1999,12.9,1,6,3,50.0,0.47,0.23,0.17,0.33,0,0
ENG-Premier League,2324,Tottenham Hotspur,Eric Dier,ENG,DF,29,1994,2.2,0,0,0,,0.0,0.0,,,0,0
ENG-Premier League,2324,Tottenham Hotspur,Giovani Lo Celso,ARG,MF,27,1996,5.6,2,13,6,46.2,2.31,1.07,0.15,0.33,0,0
ENG-Premier League,2324,Tottenham Hotspur,Guglielmo Vicario,ITA,GK,26,1996,38.0,0,0,0,,0.0,0.0,,,0,0
ENG-Premier League,2324,Tottenham Hotspur,Ivan Perišić,CRO,"FW,MF",34,1989,1.1,0,2,0,0.0,1.75,0.0,0.0,,0,0
ENG-Premier League,2324,Tottenham Hotspur,James Maddison,ENG,MF,26,1996,23.7,4,57,22,38.6,2.4,0.93,0.07,0.18,0,0
ENG-Premier League,2324,Tottenham Hotspur,Jamie Donley,NIR,MF,18,2005,0.0,0,0,0,,0.0,0.0,,,0,0
ENG-Premier League,2324,Tottenham Hotspur,Manor Solomon,ISR,MF,24,1999,2.2,0,7,1,14.3,3.17,0.45,0.0,0.0,0,0
ENG-Premier League,2324,Tottenham Hotspur,Micky van de Ven,NED,DF,22,2001,26.0,3,8,3,37.5,0.31,0.12,0.38,1.0,0,0
ENG-Premier League,2324,Tottenham Hotspur,Mikey Moore,ENG,MF,15,2007,0.0,0,0,0,,0.0,0.0,,,0,0
ENG-Premier League,2324,Tottenham Hotspur,Oliver Skipp,ENG,"MF,DF",22,2000,7.9,0,4,1,25.0,0.51,0.13,0.0,0.0,0,0
ENG-Premier League,2324,Tottenham Hotspur,Pape Matar Sarr,SEN,MF,20,2002,23.0,3,36,14,38.9,1.57,0.61,0.08,0.21,0,0
ENG-Premier League,2324,Tottenham Hotspur,Pedro Porro,ESP,DF,23,1999,34.3,3,53,12,22.6,1.54,0.35,0.06,0.25,0,0
ENG-Premier League,2324,Tottenham Hotspur,Pierre Højbjerg,DEN,MF,27,1995,14.6,0,19,6,31.6,1.3,0.41,0.0,0.0,0,0
ENG-Premier League,2324,Tottenham Hotspur,Radu Drăgușin,ROU,DF,21,2002,4.8,0,1,0,0.0,0.21,0.0,0.0,,0,0
ENG-Premier League,2324,Tottenham Hotspur,Richarlison,BRA,"FW,MF",26,1997,16.6,11,61,25,41.0,3.68,1.51,0.18,0.44,0,0
ENG-Premier League,2324,Tottenham Hotspur,Rodrigo Bentancur,URU,MF,26,1997,11.2,1,18,5,27.8,1.61,0.45,0.06,0.2,0,0
ENG-Premier League,2324,Tottenham Hotspur,Son Heung-min,KOR,"FW,MF",31,1992,32.6,17,85,40,47.1,2.61,1.23,0.18,0.38,2,2
ENG-Premier League,2324,Tottenham Hotspur,Timo Werner,GER,"MF,FW",27,1996,9.0,2,29,7,24.1,3.23,0.78,0.07,0.29,0,0
ENG-Premier League,2324,Tottenham Hotspur,Yves Bissouma,MLI,MF,26,1996,23.0,0,24,5,20.8,1.04,0.22,0.0,0.0,0,0
ENG-Premier League,2324,West Ham United,Aaron Cresswell,ENG,DF,33,1989,4.8,0,0,0,,0.0,0.0,,,0,0
ENG-Premier League,2324,West Ham United,Alphonse Areola,FRA,GK,30,1993,30.0,0,0,0,,0.0,0.0,,,0,0
ENG-Premier League,2324,West Ham United,Angelo Ogbonna,ITA,DF,35,1988,7.1,0,1,0,0.0,0.14,0.0,0.0,,0,0
ENG-Premier League,2324,West Ham United,Ben Johnson,ENG,"MF,DF",23,2000,6.0,0,6,2,33.3,0.99,0.33,0.0,0.0,0,0
ENG-Premier League,2324,West Ham United,Danny Ings,ENG,"FW,MF",31,1992,4.5,1,12,4,33.3,2.67,0.89,0.08,0.25,0,0
ENG-Premier League,2324,West Ham United,Divin Mubama,ENG,FW,18,2004,0.9,0,1,0,0.0,1.13,0.0,0.0,,0,0
ENG-Premier League,2324,West Ham United,Edson Álvarez,MEX,MF,25,1997,26.4,1,17,3,17.6,0.64,0.11,0.06,0.33,0,0
ENG-Premier League,2324,West Ham United,Emerson Palmieri,ITA,DF,28,1994,34.9,1,19,4,21.1,0.55,0.11,0.05,0.25,0,0
ENG-Premier League,2324,West Ham United,George Earthy,ENG,MF,18,2004,0.4,1,1,1,100.0,2.65,2.65,1.0,1.0,0,0
ENG-Premier League,2324,West Ham United,James Ward-Prowse,ENG,MF,28,1994,33.3,7,44,18,40.9,1.32,0.54,0.11,0.28,2,2
ENG-Premier League,2324,West Ham United,Jarrod Bowen,ENG,"MF,FW",26,1996,33.5,16,85,37,43.5,2.53,1.1,0.19,0.43,0,0
ENG-Premier League,2324,West Ham United,Kaelan Casey,ENG,DF,18,2004,0.0,0,0,0,,0.0,0.0,,,0,0
ENG-Premier League,2324,West Ham United,Kalvin Phillips,ENG,MF,27,1995,3.4,0,3,2,66.7,0.87,0.58,0.0,0.0,0,0
ENG-Premier League,2324,West Ham United,Konstantinos Mavropanos,GRE,DF,25,1997,16.7,1,12,3,25.0,0.72,0.18,0.08,0.33,0,0
ENG-Premier League,2324,West Ham United,Kurt Zouma,FRA,DF,28,1994,31.5,3,16,7,43.8,0.51,0.22,0.19,0.43,0,0
ENG-Premier League,2324,West Ham United,Lucas Paquetá,BRA,MF,25,1997,29.1,4,42,11,26.2,1.44,0.38,0.05,0.18,2,2
ENG-Premier League,2324,West Ham United,Maxwel Cornet,CIV,MF,26,1996,1.2,1,4,1,25.0,3.21,0.8,0.25,1.0,0,0
ENG-Premier League,2324,West Ham United,Michail Antonio,JAM,FW,33,1990,18.8,6,30,14,46.7,1.59,0.74,0.2,0.43,0,0
ENG-Premier League,2324,West Ham United,Mohammed Kudus,GHA,MF,22,2000,27.6,8,67,17,25.4,2.43,0.62,0.12,0.47,0,0
ENG-Premier League,2324,West Ham United,Nayef Aguerd,MAR,DF,27,1996,20.6,1,14,4,28.6,0.68,0.19,0.07,0.25,0,0
ENG-Premier League,2324,West Ham United,Pablo Fornals,ESP,MF,27,1996,4.7,0,7,3,42.9,1.48,0.63,0.0,0.0,0,0
ENG-Premier League,2324,West Ham United,Saïd Benrahma,ALG,MF,27,1995,6.9,0,19,6,31.6,2.76,0.87,0.0,0.0,0,1
ENG-Premier League,2324,West Ham United,Thilo Kehrer,GER,DF,26,1996,0.2,0,0,0,,0.0,0.0,,,0,0
ENG-Premier League,2324,West Ham United,Tomáš Souček,CZE,MF,28,1995,31.9,7,42,15,35.7,1.32,0.47,0.17,0.47,0,0
ENG-Premier League,2324,West Ham United,Vladimír Coufal,CZE,DF,30,1992,34.8,0,8,2,25.0,0.23,0.06,0.0,0.0,0,0
ENG-Premier League,2324,West Ham United,Łukasz Fabiański,POL,GK,38,1985,8.0,0,0,0,,0.0,0.0,,,0,0
ENG-Premier League,2324,Wolves,Boubacar Traoré,MLI,MF,21,2001,9.1,0,11,1,9.1,1.21,0.11,0.0,0.0,0,0
ENG-Premier League,2324,Wolves,Craig Dawson,ENG,DF,33,1990,24.5,1,16,5,31.3,0.65,0.2,0.06,0.2,0,0
ENG-Premier League,2324,Wolves,Daniel Bentley,ENG,GK,30,1993,4.3,0,0,0,,0.0,0.0,,,0,0
ENG-Premier League,2324,Wolves,Enso Gonzalez,PAR,FW,18,2005,0.0,0,0,0,,0.0,0.0,,,0,0
ENG-Premier League,2324,Wolves,Fábio Silva,POR,FW,21,2002,2.9,0,7,3,42.9,2.39,1.02,0.0,0.0,0,0
ENG-Premier League,2324,Wolves,Hugo Bueno,ESP,"MF,DF",20,2002,8.2,0,5,0,0.0,0.61,0.0,0.0,,0,0
ENG-Premier League,2324,Wolves,Hwang Hee-chan,KOR,"FW,MF",27,1996,23.5,12,45,18,40.0,1.91,0.76,0.24,0.61,1,1
ENG-Premier League,2324,Wolves,Jean-Ricner Bellegarde,HAI,"MF,FW",25,1998,10.6,2,15,5,33.3,1.41,0.47,0.13,0.4,0,0
ENG-Premier League,2324,Wolves,Jonny Castro,ESP,"DF,MF",29,1994,0.1,0,0,0,,0.0,0.0,,,0,0
ENG-Premier League,2324,Wolves,José Sá,POR,GK,30,1993,33.7,0,0,0,,0.0,0.0,,,0,0
ENG-Premier League,2324,Wolves,João Gomes,BRA,MF,22,2001,29.4,2,26,8,30.8,0.88,0.27,0.08,0.25,0,0
ENG-Premier League,2324,Wolves,Leon Chiwome,ENG,FW,17,2006,1.9,0,2,0,0.0,1.03,0.0,0.0,,0,0
ENG-Premier League,2324,Wolves,Mario Lemina,GAB,MF,29,1993,33.0,4,48,18,37.5,1.46,0.55,0.08,0.22,0,0
ENG-Premier League,2324,Wolves,Matheus Cunha,BRA,"FW,MF",24,1999,27.1,12,73,38,52.1,2.69,1.4,0.15,0.29,1,1
ENG-Premier League,2324,Wolves,Matheus Nunes,POR,MF,24,1998,2.0,0,1,0,0.0,0.5,0.0,0.0,,0,0
ENG-Premier League,2324,Wolves,Matt Doherty,IRL,"MF,DF",31,1992,12.8,1,8,3,37.5,0.63,0.23,0.13,0.33,0,0
ENG-Premier League,2324,Wolves,Max Kilman,ENG,DF,26,1997,38.0,2,14,6,42.9,0.37,0.16,0.14,0.33,0,0
ENG-Premier League,2324,Wolves,Nathan Fraser,IRL,FW,18,2005,2.1,0,3,2,66.7,1.45,0.97,0.0,0.0,0,0
ENG-Premier League,2324,Wolves,Nélson Semedo,POR,"MF,DF",29,1993,34.3,0,17,4,23.5,0.5,0.12,0.0,0.0,0,0
ENG-Premier League,2324,Wolves,Pablo Sarabia,ESP,"MF,FW",31,1992,19.4,4,46,18,39.1,2.37,0.93,0.04,0.11,2,2
ENG-Premier League,2324,Wolves,Pedro Neto,POR,"MF,FW",23,2000,16.8,2,36,12,33.3,2.14,0.71,0.06,0.17,0,0
ENG-Premier League,2324,Wolves,Rayan Aït-Nouri,ALG,"MF,DF",22,2001,25.9,2,23,7,30.4,0.89,0.27,0.09,0.29,0,0
ENG-Premier League,2324,Wolves,Santiago Bueno,URU,DF,24,1998,9.1,0,0,0,,0.0,0.0,,,0,0
ENG-Premier League,2324,Wolves,Sasa Kalajdzic,AUT,FW,26,1997,1.8,2,4,2,50.0,2.17,1.08,0.5,1.0,0,0
ENG-Premier League,2324,Wolves,Tawanda Chirewa,ZIM,FW,19,2003,1.6,0,3,1,33.3,1.86,0.62,0.0,0.0,0,0
ENG-Premier League,2324,Wolves,Tommy Doyle,ENG,MF,21,2001,13.6,0,14,3,21.4,1.03,0.22,0.0,0.0,0,0
ENG-Premier League,2324,Wolves,Toti Gomes,POR,DF,24,1999,30.8,1,10,5,50.0,0.32,0.16,0.1,0.2,0,0
