league,season,team,player,nation,pos,age,born,Playing Time_MP,Playing Time_Starts,Playing Time_Min,Playing Time_90s,Performance_Gls,Performance_Ast,Performance_G+A,Performance_G-PK,Performance_PK,Performance_PKatt,Performance_CrdY,Performance_CrdR,Per 90 Minutes_Gls,Per 90 Minutes_Ast,Per 90 Minutes_G+A,Per 90 Minutes_G-PK,Per 90 Minutes_G+A-PK
ENG-Premier League,2324,Arsenal,Aaron Ramsdale,ENG,GK,25,1998,6,6,540,6.0,0,0,0,0,0,0,0,0,0.0,0.0,0.0,0.0,0.0
ENG-Premier League,2324,Arsenal,Ben White,ENG,DF,25,1997,37,35,2988,33.2,4,4,8,4,0,0,8,0,0.12,0.12,0.24,0.12,0.24
ENG-Premier League,2324,Arsenal,Bukayo Saka,ENG,FW,21,2001,35,35,2919,32.4,16,9,25,10,6,6,4,0,0.49,0.28,0.77,0.31,0.59
ENG-Premier League,2324,Arsenal,Cédric Soares,POR,"DF,MF",31,1991,3,0,62,0.7,0,0,0,0,0,0,0,0,0.0,0.0,0.0,0.0,0.0
ENG-Premier League,2324,Arsenal,David Raya,ESP,GK,27,1995,32,32,2880,32.0,0,0,0,0,0,0,2,0,0.0,0.0,0.0,0.0,0.0
ENG-Premier League,2324,Arsenal,Declan Rice,ENG,MF,24,1999,38,37,3225,35.8,7,8,15,7,0,0,5,0,0.2,0.22,0.42,0.2,0.42
ENG-Premier League,2324,Arsenal,Eddie Nketiah,ENG,FW,24,1999,27,10,1082,12.0,5,2,7,5,0,0,3,0,0.42,0.17,0.58,0.42,0.58
ENG-Premier League,2324,Arsenal,Emile Smith Rowe,ENG,MF,23,2000,13,3,353,3.9,0,1,1,0,0,0,0,0,0.0,0.25,0.25,0.0,0.25
ENG-Premier League,2324,Arsenal,Ethan Nwaneri,ENG,MF,16,2007,1,0,14,0.2,0,0,0,0,0,0,0,0,0.0,0.0,0.0,0.0,0.0
ENG-Premier League,2324,Arsenal,Fabio Vieira,POR,MF,23,2000,11,2,297,3.3,1,2,3,0,1,1,0,1,0.3,0.61,0.91,0.0,0.61
ENG-Premier League,2324,Arsenal,Gabriel Jesus,BRA,FW,26,1997,27,17,1478,16.4,4,5,9,4,0,0,6,0,0.24,0.3,0.55,0.24,0.55
ENG-Premier League,2324,Arsenal,Gabriel Magalhães,BRA,DF,25,1997,36,34,3044,33.8,4,0,4,4,0,0,4,0,0.12,0.0,0.12,0.12,0.12
ENG-Premier League,2324,Arsenal,Gabriel Martinelli,BRA,FW,22,2001,35,24,2019,22.4,6,4,10,6,0,0,1,0,0.27,0.18,0.45,0.27,0.45
ENG-Premier League,2324,Arsenal,Jakub Kiwior,POL,DF,23,2000,20,11,946,10.5,1,3,4,1,0,0,1,0,0.1,0.29,0.38,0.1,0.38
ENG-Premier League,2324,Arsenal,Jorginho,ITA,MF,31,1991,24,10,921,10.2,0,2,2,0,0,0,1,0,0.0,0.2,0.2,0.0,0.2
ENG-Premier League,2324,Arsenal,Jurriën Timber,NED,DF,22,2001,2,1,71,0.8,0,0,0,0,0,0,2,0,0.0,0.0,0.0,0.0,0.0
ENG-Premier League,2324,Arsenal,Kai Havertz,GER,"MF,FW",24,1999,37,30,2634,29.3,13,7,20,12,1,1,11,0,0.44,0.24,0.68,0.41,0.65
ENG-Premier League,2324,Arsenal,Leandro Trossard,BEL,"FW,MF",28,1994,34,18,1649,18.3,12,1,13,12,0,0,2,0,0.65,0.05,0.71,0.65,0.71
ENG-Premier League,2324,Arsenal,Martin Ødegaard,NOR,MF,24,1998,35,35,3091,34.3,8,10,18,6,2,2,2,0,0.23,0.29,0.52,0.17,0.47
ENG-Premier League,2324,Arsenal,Mohamed Elneny,EGY,MF,31,1992,3,0,28,0.3,0,0,0,0,0,0,0,0,0.0,0.0,0.0,0.0,0.0
ENG-Premier League,2324,Arsenal,Oleksandr Zinchenko,UKR,DF,26,1996,27,20,1722,19.1,1,2,3,1,0,0,2,0,0.05,0.1,0.16,0.05,0.16
ENG-Premier League,2324,Arsenal,Reiss Nelson,ENG,FW,23,1999,15,1,268,3.0,0,0,0,0,0,0,1,0,0.0,0.0,0.0,0.0,0.0
ENG-Premier League,2324,Arsenal,Takehiro Tomiyasu,JPN,DF,24,1998,22,10,1149,12.8,2,1,3,2,0,0,2,1,0.16,0.08,0.23,0.16,0.23
ENG-Premier League,2324,Arsenal,Thomas Partey,GHA,"MF,DF",30,1993,14,9,788,8.8,0,0,0,0,0,0,3,0,0.0,0.0,0.0,0.0,0.0
ENG-Premier League,2324,Arsenal,William Saliba,FRA,DF,22,2001,38,38,3420,38.0,2,1,3,2,0,0,4,0,0.05,0.03,0.08,0.05,0.08
ENG-Premier League,2324,Aston Villa,Bertrand Traoré,BFA,"FW,MF",27,1995,2,0,11,0.1,0,0,0,0,0,0,0,0,0.0,0.0,0.0,0.0,0.0
ENG-Premier League,2324,Aston Villa,Boubacar Kamara,FRA,MF,23,1999,20,20,1652,18.4,0,1,1,0,0,0,7,1,0.0,0.05,0.05,0.0,0.05
ENG-Premier League,2324,Aston Villa,Calum Chambers,ENG,MF,28,1995,5,1,152,1.7,0,1,1,0,0,0,1,0,0.0,0.59,0.59,0.0,0.59
ENG-Premier League,2324,Aston Villa,Cameron Archer,ENG,"FW,MF",22,2001,1,0,6,0.1,0,0,0,0,0,0,1,0,0.0,0.0,0.0,0.0,0.0
ENG-Premier League,2324,Aston Villa,Clément Lenglet,FRA,DF,28,1995,14,14,1153,12.8,0,1,1,0,0,0,3,0,0.0,0.08,0.08,0.0,0.08
ENG-Premier League,2324,Aston Villa,Diego Carlos,BRA,DF,30,1993,27,20,1816,20.2,0,0,0,0,0,0,4,0,0.0,0.0,0.0,0.0,0.0
ENG-Premier League,2324,Aston Villa,Douglas Luiz,BRA,MF,25,1998,35,35,2993,33.3,9,5,14,5,4,4,12,0,0.27,0.15,0.42,0.15,0.3
ENG-Premier League,2324,Aston Villa,Emiliano Martínez,ARG,GK,30,1992,34,34,3015,33.5,0,0,0,0,0,0,4,0,0.0,0.0,0.0,0.0,0.0
ENG-Premier League,2324,Aston Villa,Ezri Konsa,ENG,DF,25,1997,35,35,3069,34.1,1,0,1,1,0,0,5,0,0.03,0.0,0.03,0.03,0.03
ENG-Premier League,2324,Aston Villa,Finley Munroe,ENG,DF,18,2005,1,0,4,0.0,0,0,0,0,0,0,0,0,0.0,0.0,0.0,0.0,0.0
ENG-Premier League,2324,Aston Villa,Jacob Ramsey,ENG,MF,22,2001,16,8,853,9.5,1,1,2,1,0,0,2,0,0.11,0.11,0.21,0.11,0.21
ENG-Premier League,2324,Aston Villa,Jaden Philogene Bidace,ENG,"FW,MF",21,2002,1,0,4,0.0,0,0,0,0,0,0,0,0,0.0,0.0,0.0,0.0,0.0
ENG-Premier League,2324,Aston Villa,John McGinn,SCO,MF,28,1994,35,35,2999,33.3,6,4,10,6,0,0,9,1,0.18,0.12,0.3,0.18,0.3
ENG-Premier League,2324,Aston Villa,Jáder Durán,COL,FW,19,2003,23,3,475,5.3,5,0,5,5,0,0,5,0,0.95,0.0,0.95,0.95,0.95
ENG-Premier League,2324,Aston Villa,Kaine Kesler-Hayden,ENG,"DF,MF",20,2002,3,0,6,0.1,0,0,0,0,0,0,0,0,0.0,0.0,0.0,0.0,0.0
ENG-Premier League,2324,Aston Villa,Leander Dendoncker,BEL,MF,28,1995,8,1,119,1.3,1,0,1,1,0,0,0,0,0.76,0.0,0.76,0.76,0.76
ENG-Premier League,2324,Aston Villa,Leon Bailey,JAM,MF,25,1997,35,22,2068,23.0,10,9,19,10,0,0,5,0,0.44,0.39,0.83,0.44,0.83
ENG-Premier League,2324,Aston Villa,Lucas Digne,FRA,DF,30,1993,33,27,2410,26.8,1,3,4,1,0,0,7,0,0.04,0.11,0.15,0.04,0.15
ENG-Premier League,2324,Aston Villa,Matty Cash,POL,"DF,MF",25,1997,29,23,2142,23.8,2,2,4,2,0,0,8,0,0.08,0.08,0.17,0.08,0.17
ENG-Premier League,2324,Aston Villa,Morgan Rogers,ENG,MF,21,2002,11,8,638,7.1,3,1,4,3,0,0,3,0,0.42,0.14,0.56,0.42,0.56
ENG-Premier League,2324,Aston Villa,Moussa Diaby,FRA,"MF,FW",24,1999,38,25,2174,24.2,6,8,14,6,0,0,1,0,0.25,0.33,0.58,0.25,0.58
ENG-Premier League,2324,Aston Villa,Nicolò Zaniolo,ITA,"MF,FW",24,1999,25,9,839,9.3,2,0,2,2,0,0,7,0,0.21,0.0,0.21,0.21,0.21
ENG-Premier League,2324,Aston Villa,Ollie Watkins,ENG,FW,27,1995,37,37,3217,35.7,19,13,32,19,0,0,4,0,0.53,0.36,0.9,0.53,0.9
ENG-Premier League,2324,Aston Villa,Omari Kellyman,ENG,"FW,MF",17,2005,2,0,37,0.4,0,0,0,0,0,0,0,0,0.0,0.0,0.0,0.0,0.0
ENG-Premier League,2324,Aston Villa,Pau Torres,ESP,DF,26,1997,29,27,2464,27.4,2,0,2,2,0,0,1,0,0.07,0.0,0.07,0.07,0.07
ENG-Premier League,2324,Aston Villa,Philippe Coutinho,BRA,"FW,MF",31,1992,2,0,25,0.3,0,0,0,0,0,0,0,0,0.0,0.0,0.0,0.0,0.0
ENG-Premier League,2324,Aston Villa,Robin Olsen,SWE,GK,33,1990,5,4,405,4.5,0,0,0,0,0,0,0,0,0.0,0.0,0.0,0.0,0.0
ENG-Premier League,2324,Aston Villa,Tim Iroegbunam,ENG,MF,20,2003,9,1,164,1.8,0,0,0,0,0,0,0,0,0.0,0.0,0.0,0.0,0.0
ENG-Premier League,2324,Aston Villa,Tyrone Mings,ENG,DF,30,1993,1,1,30,0.3,0,0,0,0,0,0,0,0,0.0,0.0,0.0,0.0,0.0
ENG-Premier League,2324,Aston Villa,Youri Tielemans,BEL,"MF,FW",26,1997,32,17,1622,18.0,2,6,8,2,0,0,3,0,0.11,0.33,0.44,0.11,0.44
ENG-Premier League,2324,Aston Villa,Álex Moreno,ESP,DF,30,1993,21,11,1031,11.5,2,0,2,2,0,0,2,0,0.17,0.0,0.17,0.17,0.17
ENG-Premier League,2324,Bournemouth,Adam Smith,ENG,DF,32,1991,28,25,2150,23.9,0,2,2,0,0,0,6,0,0.0,0.08,0.08,0.0,0.08
ENG-Premier League,2324,Bournemouth,Alex Scott,ENG,MF,19,2003,23,11,1014,11.3,1,1,2,1,0,0,3,0,0.09,0.09,0.18,0.09,0.18
ENG-Premier League,2324,Bournemouth,Antoine Semenyo,GHA,MF,23,2000,33,25,2105,23.4,8,2,10,8,0,0,6,0,0.34,0.09,0.43,0.34,0.43
ENG-Premier League,2324,Bournemouth,Chris Mepham,WAL,DF,25,1997,10,6,617,6.9,0,1,1,0,0,0,2,0,0.0,0.15,0.15,0.0,0.15
ENG-Premier League,2324,Bournemouth,Dango Ouattara,BFA,"DF,MF",21,2002,30,12,1229,13.7,1,2,3,1,0,0,3,0,0.07,0.15,0.22,0.07,0.22
ENG-Premier League,2324,Bournemouth,David Brooks,WAL,MF,26,1997,13,2,282,3.1,1,1,2,1,0,0,1,0,0.32,0.32,0.64,0.32,0.64
ENG-Premier League,2324,Bournemouth,Dominic Sadi,ENG,MF,19,2003,1,0,1,0.0,0,0,0,0,0,0,0,0,0.0,0.0,0.0,0.0,0.0
ENG-Premier League,2324,Bournemouth,Dominic Solanke,ENG,FW,25,1997,38,37,3325,36.9,19,3,22,17,2,3,3,0,0.51,0.08,0.6,0.46,0.54
ENG-Premier League,2324,Bournemouth,Enes Ünal,TUR,FW,26,1997,16,2,328,3.6,2,2,4,2,0,0,1,0,0.55,0.55,1.1,0.55,1.1
ENG-Premier League,2324,Bournemouth,Hamed Junior Traorè,CIV,MF,23,2000,3,0,47,0.5,0,0,0,0,0,0,0,0,0.0,0.0,0.0,0.0,0.0
ENG-Premier League,2324,Bournemouth,Illia Zabarnyi,UKR,DF,20,2002,37,37,3330,37.0,1,0,1,1,0,0,5,0,0.03,0.0,0.03,0.03,0.03
ENG-Premier League,2324,Bournemouth,Ionuț Radu,ROU,GK,26,1997,2,2,180,2.0,0,0,0,0,0,0,0,0,0.0,0.0,0.0,0.0,0.0
ENG-Premier League,2324,Bournemouth,Jaidon Anthony,ENG,MF,23,1999,3,2,152,1.7,0,0,0,0,0,0,1,0,0.0,0.0,0.0,0.0,0.0
ENG-Premier League,2324,Bournemouth,James Hill,ENG,DF,21,2002,5,1,76,0.8,0,0,0,0,0,0,0,0,0.0,0.0,0.0,0.0,0.0
ENG-Premier League,2324,Bournemouth,Joe Rothwell,ENG,MF,28,1995,11,3,386,4.3,0,0,0,0,0,0,0,0,0.0,0.0,0.0,0.0,0.0
ENG-Premier League,2324,Bournemouth,Justin Kluivert,NED,MF,24,1999,32,26,1916,21.3,7,1,8,7,0,0,5,0,0.33,0.05,0.38,0.33,0.38
ENG-Premier League,2324,Bournemouth,Kieffer Moore,WAL,"DF,FW",30,1992,8,0,108,1.2,1,0,1,1,0,0,0,0,0.83,0.0,0.83,0.83,0.83
ENG-Premier League,2324,Bournemouth,Lewis Cook,ENG,MF,26,1997,33,32,2786,31.0,0,3,3,0,0,0,5,1,0.0,0.1,0.1,0.0,0.1
ENG-Premier League,2324,Bournemouth,Lloyd Kelly,ENG,DF,24,1998,23,17,1559,17.3,0,1,1,0,0,0,2,0,0.0,0.06,0.06,0.0,0.06
ENG-Premier League,2324,Bournemouth,Luis Sinisterra,COL,MF,24,1999,20,7,699,7.8,2,2,4,2,0,0,0,0,0.26,0.26,0.52,0.26,0.52
ENG-Premier League,2324,Bournemouth,Marcos Senesi,ARG,DF,26,1997,31,26,2242,24.9,4,5,9,4,0,0,13,0,0.16,0.2,0.36,0.16,0.36
ENG-Premier League,2324,Bournemouth,Marcus Tavernier,ENG,MF,24,1999,30,25,2118,23.5,3,4,7,3,0,0,3,0,0.13,0.17,0.3,0.13,0.3
ENG-Premier League,2324,Bournemouth,Mark Travers,IRL,GK,24,1999,4,4,360,4.0,0,0,0,0,0,0,0,0,0.0,0.0,0.0,0.0,0.0
ENG-Premier League,2324,Bournemouth,Max Aarons,ENG,DF,23,2000,20,13,1237,13.7,0,1,1,0,0,0,1,0,0.0,0.07,0.07,0.0,0.07
ENG-Premier League,2324,Bournemouth,Milos Kerkez,HUN,DF,19,2003,28,22,1970,21.9,0,1,1,0,0,0,4,1,0.0,0.05,0.05,0.0,0.05
ENG-Premier League,2324,Bournemouth,Neto,BRA,GK,34,1989,32,32,2880,32.0,0,0,0,0,0,0,5,0,0.0,0.0,0.0,0.0,0.0
ENG-Premier League,2324,Bournemouth,Philip Billing,DEN,MF,27,1996,29,13,1398,15.5,2,2,4,2,0,0,3,1,0.13,0.13,0.26,0.13,0.26
ENG-Premier League,2324,Bournemouth,Romain Faivre,FRA,MF,25,1998,5,0,41,0.5,0,0,0,0,0,0,1,0,0.0,0.0,0.0,0.0,0.0
ENG-Premier League,2324,Bournemouth,Ryan Christie,SCO,MF,28,1995,37,35,2907,32.3,0,5,5,0,0,0,6,0,0.0,0.15,0.15,0.0,0.15
ENG-Premier League,2324,Bournemouth,Tyler Adams,USA,MF,24,1999,3,1,121,1.3,0,0,0,0,0,0,0,0,0.0,0.0,0.0,0.0,0.0
ENG-Premier League,2324,Brentford,Aaron Hickey,SCO,"DF,MF",21,2002,9,9,713,7.9,0,0,0,0,0,0,5,0,0.0,0.0,0.0,0.0,0.0
ENG-Premier League,2324,Brentford,Ben Mee,ENG,DF,33,1989,16,15,1272,14.1,2,0,2,2,0,0,1,1,0.14,0.0,0.14,0.14,0.14
ENG-Premier League,2324,Brentford,Bryan Mbeumo,CMR,FW,23,1999,25,22,1960,21.8,9,6,15,6,3,3,2,0,0.41,0.28,0.69,0.28,0.55
ENG-Premier League,2324,Brentford,Christian Nørgaard,DEN,MF,29,1994,31,30,2505,27.8,2,1,3,2,0,0,8,0,0.07,0.04,0.11,0.07,0.11
ENG-Premier League,2324,Brentford,Ethan Pinnock,JAM,DF,30,1993,29,28,2521,28.0,2,0,2,2,0,0,1,0,0.07,0.0,0.07,0.07,0.07
ENG-Premier League,2324,Brentford,Frank Onyeka,NGA,MF,25,1998,26,11,1161,12.9,1,2,3,1,0,0,8,0,0.08,0.16,0.23,0.08,0.23
ENG-Premier League,2324,Brentford,Ivan Toney,ENG,FW,27,1996,17,16,1450,16.1,4,2,6,4,0,0,5,0,0.25,0.12,0.37,0.25,0.37
ENG-Premier League,2324,Brentford,Josh Dasilva,ENG,MF,24,1998,3,0,24,0.3,0,0,0,0,0,0,0,0,0.0,0.0,0.0,0.0,0.0
ENG-Premier League,2324,Brentford,Keane Lewis-Potter,ENG,"FW,MF",22,2001,30,15,1441,16.0,3,1,4,3,0,0,0,0,0.19,0.06,0.25,0.19,0.25
ENG-Premier League,2324,Brentford,Kevin Schade,GER,FW,21,2001,11,3,333,3.7,2,1,3,2,0,0,0,0,0.54,0.27,0.81,0.54,0.81
ENG-Premier League,2324,Brentford,Kristoffer Ajer,NOR,DF,25,1998,28,21,1832,20.4,2,1,3,2,0,0,5,0,0.1,0.05,0.15,0.1,0.15
ENG-Premier League,2324,Brentford,Mads Roerslev,DEN,"MF,DF",24,1999,34,22,1985,22.1,1,2,3,1,0,0,1,0,0.05,0.09,0.14,0.05,0.14
ENG-Premier League,2324,Brentford,Mark Flekken,NED,GK,30,1993,37,37,3285,36.5,0,1,1,0,0,0,3,0,0.0,0.03,0.03,0.0,0.03
ENG-Premier League,2324,Brentford,Mathias Jensen,DEN,MF,27,1996,32,27,2204,24.5,3,3,6,3,0,0,5,0,0.12,0.12,0.25,0.12,0.25
ENG-Premier League,2324,Brentford,Mathias Jørgensen,DEN,DF,33,1990,14,12,1087,12.1,1,0,1,1,0,0,4,0,0.08,0.0,0.08,0.08,0.08
ENG-Premier League,2324,Brentford,Michael Olakigbe,ENG,MF,19,2004,8,0,59,0.7,0,0,0,0,0,0,0,0,0.0,0.0,0.0,0.0,0.0
ENG-Premier League,2324,Brentford,Mikkel Damsgaard,DEN,MF,23,2000,23,7,842,9.4,0,2,2,0,0,0,2,0,0.0,0.21,0.21,0.0,0.21
ENG-Premier League,2324,Brentford,Myles Peart-Harris,ENG,MF,20,2002,3,0,13,0.1,0,0,0,0,0,0,0,0,0.0,0.0,0.0,0.0,0.0
ENG-Premier League,2324,Brentford,Nathan Collins,IRL,DF,22,2001,32,29,2652,29.5,1,1,2,1,0,0,3,0,0.03,0.03,0.07,0.03,0.07
ENG-Premier League,2324,Brentford,Neal Maupay,FRA,FW,26,1996,29,13,1321,14.7,6,3,9,6,0,0,8,0,0.41,0.2,0.61,0.41,0.61
ENG-Premier League,2324,Brentford,Rico Henry,JAM,DF,26,1997,5,5,401,4.5,0,1,1,0,0,0,1,0,0.0,0.22,0.22,0.0,0.22
ENG-Premier League,2324,Brentford,Saman Ghoddos,IRN,"DF,MF",29,1993,19,7,739,8.2,1,0,1,1,0,0,5,0,0.12,0.0,0.12,0.12,0.12
ENG-Premier League,2324,Brentford,Sergio Reguilón,ESP,"MF,DF",26,1996,16,14,1118,12.4,0,4,4,0,0,0,4,1,0.0,0.32,0.32,0.0,0.32
ENG-Premier League,2324,Brentford,Shandon Baptiste,GRN,MF,25,1998,10,2,229,2.5,1,1,2,1,0,0,1,0,0.39,0.39,0.79,0.39,0.79
ENG-Premier League,2324,Brentford,Thomas Strakosha,ALB,GK,28,1995,2,1,135,1.5,0,0,0,0,0,0,0,0,0.0,0.0,0.0,0.0,0.0
ENG-Premier League,2324,Brentford,Vitaly Janelt,GER,"MF,DF",25,1998,38,37,3054,33.9,1,3,4,1,0,0,8,0,0.03,0.09,0.12,0.03,0.12
ENG-Premier League,2324,Brentford,Yehor Yarmoliuk,UKR,MF,19,2004,27,6,688,7.6,0,0,0,0,0,0,2,0,0.0,0.0,0.0,0.0,0.0
ENG-Premier League,2324,Brentford,Yoane Wissa,COD,FW,26,1996,34,29,2493,27.7,12,3,15,12,0,0,7,0,0.43,0.11,0.54,0.43,0.54
ENG-Premier League,2324,Brighton,Adam Lallana,ENG,MF,35,1988,25,13,850,9.4,0,1,1,0,0,0,2,0,0.0,0.11,0.11,0.0,0.11
ENG-Premier League,2324,Brighton,Adam Webster,ENG,DF,28,1995,15,13,1144,12.7,0,0,0,0,0,0,2,0,0.0,0.0,0.0,0.0,0.0
ENG-Premier League,2324,Brighton,Ansu Fati,ESP,"MF,FW",20,2002,19,3,521,5.8,2,0,2,2,0,0,2,0,0.35,0.0,0.35,0.35,0.35
ENG-Premier League,2324,Brighton,Bart Verbruggen,NED,GK,20,2002,21,21,1890,21.0,0,0,0,0,0,0,3,0,0.0,0.0,0.0,0.0,0.0
ENG-Premier League,2324,Brighton,Benicio Boaitey,ENG,FW,19,2004,5,0,40,0.4,0,0,0,0,0,0,1,0,0.0,0.0,0.0,0.0,0.0
ENG-Premier League,2324,Brighton,Billy Gilmour,SCO,MF,22,2001,30,24,2120,23.6,0,1,1,0,0,0,8,1,0.0,0.04,0.04,0.0,0.04
ENG-Premier League,2324,Brighton,Carlos Baleba,CMR,MF,19,2004,27,15,1325,14.7,0,0,0,0,0,0,7,0,0.0,0.0,0.0,0.0,0.0
ENG-Premier League,2324,Brighton,Danny Welbeck,ENG,"FW,MF",32,1990,29,21,1693,18.8,5,1,6,5,0,0,4,0,0.27,0.05,0.32,0.27,0.32
ENG-Premier League,2324,Brighton,Evan Ferguson,IRL,FW,18,2004,27,15,1367,15.2,6,0,6,6,0,0,1,0,0.4,0.0,0.4,0.4,0.4
ENG-Premier League,2324,Brighton,Facundo Buonanotte,ARG,"MF,FW",18,2004,27,17,1364,15.2,3,1,4,3,0,0,7,0,0.2,0.07,0.26,0.2,0.26
ENG-Premier League,2324,Brighton,Igor,BRA,DF,25,1998,24,17,1637,18.2,0,0,0,0,0,0,4,0,0.0,0.0,0.0,0.0,0.0
ENG-Premier League,2324,Brighton,Jack Hinshelwood,ENG,"DF,MF",18,2005,12,8,869,9.7,3,0,3,3,0,0,1,0,0.31,0.0,0.31,0.31,0.31
ENG-Premier League,2324,Brighton,Jakub Moder,POL,"MF,DF",24,1999,17,6,618,6.9,0,0,0,0,0,0,2,0,0.0,0.0,0.0,0.0,0.0
ENG-Premier League,2324,Brighton,James Milner,ENG,"DF,MF",37,1986,15,11,773,8.6,0,2,2,0,0,0,3,0,0.0,0.23,0.23,0.0,0.23
ENG-Premier League,2324,Brighton,Jan Paul van Hecke,NED,DF,23,2000,28,26,2369,26.3,0,0,0,0,0,0,4,0,0.0,0.0,0.0,0.0,0.0
ENG-Premier League,2324,Brighton,Jason Steele,ENG,GK,32,1990,17,17,1530,17.0,0,0,0,0,0,0,0,0,0.0,0.0,0.0,0.0,0.0
ENG-Premier League,2324,Brighton,João Pedro,BRA,"MF,FW",21,2001,31,19,2045,22.7,9,3,12,5,4,5,2,0,0.4,0.13,0.53,0.22,0.35
ENG-Premier League,2324,Brighton,Joël Veltman,NED,DF,31,1992,27,17,1588,17.6,1,1,2,1,0,0,4,0,0.06,0.06,0.11,0.06,0.11
ENG-Premier League,2324,Brighton,Julio Enciso,PAR,MF,19,2004,12,5,475,5.3,0,2,2,0,0,0,2,0,0.0,0.38,0.38,0.0,0.38
ENG-Premier League,2324,Brighton,Kaoru Mitoma,JPN,"MF,FW",26,1997,19,15,1486,16.5,3,4,7,3,0,0,4,0,0.18,0.24,0.42,0.18,0.42
ENG-Premier League,2324,Brighton,Lewis Dunk,ENG,DF,31,1991,33,33,2869,31.9,3,1,4,3,0,0,7,1,0.09,0.03,0.13,0.09,0.13
ENG-Premier League,2324,Brighton,Mahmoud Dahoud,GER,MF,27,1996,9,6,452,5.0,0,1,1,0,0,0,1,1,0.0,0.2,0.2,0.0,0.2
ENG-Premier League,2324,Brighton,Mark O'Mahony,IRL,FW,18,2005,3,1,63,0.7,0,0,0,0,0,0,1,0,0.0,0.0,0.0,0.0,0.0
ENG-Premier League,2324,Brighton,Odeluga Offiah,ENG,DF,20,2002,4,1,128,1.4,0,0,0,0,0,0,0,0,0.0,0.0,0.0,0.0,0.0
ENG-Premier League,2324,Brighton,Pascal Groß,GER,"MF,DF",32,1991,36,34,3114,34.6,4,10,14,3,1,1,6,0,0.12,0.29,0.4,0.09,0.38
ENG-Premier League,2324,Brighton,Pervis Estupiñán,ECU,"DF,MF",25,1998,19,15,1243,13.8,2,3,5,2,0,0,4,0,0.14,0.22,0.36,0.14,0.36
ENG-Premier League,2324,Brighton,Simon Adingra,CIV,MF,21,2002,31,25,2222,24.7,6,1,7,6,0,0,3,0,0.24,0.04,0.28,0.24,0.28
ENG-Premier League,2324,Brighton,Solly March,ENG,"MF,DF",29,1994,7,7,554,6.2,3,1,4,3,0,0,1,0,0.49,0.16,0.65,0.49,0.65
ENG-Premier League,2324,Brighton,Tariq Lamptey,GHA,"DF,MF",22,2000,19,10,914,10.2,0,3,3,0,0,0,3,0,0.0,0.3,0.3,0.0,0.3
ENG-Premier League,2324,Brighton,Valentín Barco,ARG,DF,19,2004,6,3,307,3.4,0,0,0,0,0,0,1,0,0.0,0.0,0.0,0.0,0.0
ENG-Premier League,2324,Burnley,Aaron Ramsey,ENG,MF,20,2003,14,5,527,5.9,0,0,0,0,0,0,1,0,0.0,0.0,0.0,0.0,0.0
ENG-Premier League,2324,Burnley,Ameen Al-Dakhil,BEL,DF,21,2002,13,12,1056,11.7,1,0,1,1,0,0,1,0,0.09,0.0,0.09,0.09,0.09
ENG-Premier League,2324,Burnley,Anass Zaroury,MAR,FW,22,2000,6,1,152,1.7,0,0,0,0,0,0,0,1,0.0,0.0,0.0,0.0,0.0
ENG-Premier League,2324,Burnley,Arijanet Muric,KVX,GK,24,1998,10,10,900,10.0,0,0,0,0,0,0,0,0,0.0,0.0,0.0,0.0,0.0
ENG-Premier League,2324,Burnley,Benson Manuel,ANG,MF,26,1997,8,1,116,1.3,0,0,0,0,0,0,0,0,0.0,0.0,0.0,0.0,0.0
ENG-Premier League,2324,Burnley,Charlie Taylor,ENG,DF,29,1993,28,25,2331,25.9,1,1,2,1,0,0,8,0,0.04,0.04,0.08,0.04,0.08
ENG-Premier League,2324,Burnley,Connor Roberts,WAL,DF,27,1995,14,8,823,9.1,0,1,1,0,0,0,5,1,0.0,0.11,0.11,0.0,0.11
ENG-Premier League,2324,Burnley,Dara O'Shea,IRL,DF,24,1999,33,32,2892,32.1,3,4,7,3,0,0,5,1,0.09,0.12,0.22,0.09,0.22
ENG-Premier League,2324,Burnley,David Datro Fofana,CIV,FW,20,2002,15,10,879,9.8,4,1,5,4,0,0,1,0,0.41,0.1,0.51,0.41,0.51
ENG-Premier League,2324,Burnley,Han-Noah Massengo,FRA,MF,22,2001,3,0,16,0.2,0,0,0,0,0,0,0,0,0.0,0.0,0.0,0.0,0.0
ENG-Premier League,2324,Burnley,Hannes Delcroix,HAI,DF,24,1999,12,5,589,6.5,0,0,0,0,0,0,2,0,0.0,0.0,0.0,0.0,0.0
ENG-Premier League,2324,Burnley,Hjalmar Ekdal,SWE,DF,24,1998,8,5,437,4.9,0,0,0,0,0,0,2,0,0.0,0.0,0.0,0.0,0.0
ENG-Premier League,2324,Burnley,Jack Cork,ENG,"DF,MF",34,1989,4,0,27,0.3,0,0,0,0,0,0,0,0,0.0,0.0,0.0,0.0,0.0
ENG-Premier League,2324,Burnley,Jacob Bruun Larsen,DEN,MF,24,1998,32,16,1249,13.9,6,0,6,5,1,1,1,0,0.43,0.0,0.43,0.36,0.36
ENG-Premier League,2324,Burnley,James Trafford,ENG,GK,20,2002,28,28,2520,28.0,0,0,0,0,0,0,2,0,0.0,0.0,0.0,0.0,0.0
ENG-Premier League,2324,Burnley,Jay Rodriguez,ENG,FW,34,1989,21,7,822,9.1,2,1,3,1,1,1,0,0,0.22,0.11,0.33,0.11,0.22
ENG-Premier League,2324,Burnley,Jordan Beyer,GER,DF,23,2000,15,15,1234,13.7,0,1,1,0,0,0,6,0,0.0,0.07,0.07,0.0,0.07
ENG-Premier League,2324,Burnley,Josh Brownhill,ENG,MF,27,1995,33,23,2252,25.0,4,2,6,4,0,0,4,1,0.16,0.08,0.24,0.16,0.24
ENG-Premier League,2324,Burnley,Josh Cullen,IRL,MF,27,1996,25,23,2057,22.9,2,3,5,2,0,0,9,0,0.09,0.13,0.22,0.09,0.22
ENG-Premier League,2324,Burnley,Jóhann Berg Guðmundsson,ISL,MF,32,1990,26,12,1192,13.2,1,3,4,1,0,0,2,0,0.08,0.23,0.3,0.08,0.3
ENG-Premier League,2324,Burnley,Lorenz Assignon,TOG,DF,23,2000,15,15,1234,13.7,1,2,3,1,0,0,5,1,0.07,0.15,0.22,0.07,0.22
ENG-Premier League,2324,Burnley,Luca Koleosho,ITA,"MF,FW",18,2004,15,13,974,10.8,1,1,2,1,0,0,0,0,0.09,0.09,0.18,0.09,0.18
ENG-Premier League,2324,Burnley,Lyle Foster,RSA,"FW,MF",22,2000,24,22,1899,21.1,5,3,8,5,0,0,0,1,0.24,0.14,0.38,0.24,0.38
ENG-Premier League,2324,Burnley,Maxime Estève,FRA,DF,21,2002,16,15,1309,14.5,0,0,0,0,0,0,6,0,0.0,0.0,0.0,0.0,0.0
ENG-Premier League,2324,Burnley,Michael Obafemi,IRL,FW,23,2000,2,0,20,0.2,0,0,0,0,0,0,0,0,0.0,0.0,0.0,0.0,0.0
ENG-Premier League,2324,Burnley,Mike Trésor,BEL,"MF,FW",24,1999,16,3,420,4.7,0,0,0,0,0,0,0,0,0.0,0.0,0.0,0.0,0.0
ENG-Premier League,2324,Burnley,Nathan Redmond,ENG,"FW,MF",29,1994,12,0,142,1.6,0,0,0,0,0,0,1,0,0.0,0.0,0.0,0.0,0.0
ENG-Premier League,2324,Burnley,Sander Berge,NOR,MF,25,1998,37,34,3005,33.4,1,2,3,1,0,0,10,1,0.03,0.06,0.09,0.03,0.09
ENG-Premier League,2324,Burnley,Vitinho,BRA,"DF,MF",24,1999,32,26,2314,25.7,0,2,2,0,0,0,1,0,0.0,0.08,0.08,0.0,0.08
ENG-Premier League,2324,Burnley,Wilson Odobert,FRA,"MF,FW",18,2004,29,25,2098,23.3,3,2,5,3,0,0,3,0,0.13,0.09,0.21,0.13,0.21
ENG-Premier League,2324,Burnley,Zeki Amdouni,SUI,FW,22,2000,34,27,1953,21.7,5,1,6,4,1,1,2,0,0.23,0.05,0.28,0.18,0.23
ENG-Premier League,2324,Chelsea,Alex Matos,ENG,MF,18,2004,1,0,1,0.0,0,0,0,0,0,0,0,0,0.0,0.0,0.0,0.0,0.0
ENG-Premier League,2324,Chelsea,Alfie Gilchrist,ENG,DF,19,2003,11,2,207,2.3,1,0,1,1,0,0,1,0,0.43,0.0,0.43,0.43,0.43
ENG-Premier League,2324,Chelsea,Armando Broja,ALB,FW,21,2001,13,6,454,5.0,1,0,1,1,0,0,0,0,0.2,0.0,0.2,0.2,0.2
ENG-Premier League,2324,Chelsea,Axel Disasi,FRA,DF,25,1998,31,29,2579,28.7,2,0,2,2,0,0,6,0,0.07,0.0,0.07,0.07,0.07
ENG-Premier League,2324,Chelsea,Ben Chilwell,ENG,"MF,DF",26,1996,13,9,756,8.4,0,1,1,0,0,0,5,0,0.0,0.12,0.12,0.0,0.12
ENG-Premier League,2324,Chelsea,Benoît Badiashile,FRA,DF,22,2001,18,15,1338,14.9,0,1,1,0,0,0,3,0,0.0,0.07,0.07,0.0,0.07
ENG-Premier League,2324,Chelsea,Carney Chukwuemeka,AUT,MF,19,2003,9,2,227,2.5,1,1,2,1,0,0,2,0,0.4,0.4,0.79,0.4,0.79
ENG-Premier League,2324,Chelsea,Cesare Casadei,ITA,MF,20,2003,11,0,79,0.9,0,0,0,0,0,0,0,0,0.0,0.0,0.0,0.0,0.0
ENG-Premier League,2324,Chelsea,Christopher Nkunku,FRA,"MF,FW",25,1997,11,2,443,4.9,3,0,3,3,0,0,0,0,0.61,0.0,0.61,0.61,0.61
ENG-Premier League,2324,Chelsea,Cole Palmer,ENG,"MF,FW",21,2002,33,29,2607,29.0,22,11,33,13,9,9,7,0,0.76,0.38,1.14,0.45,0.83
ENG-Premier League,2324,Chelsea,Conor Gallagher,ENG,MF,23,2000,37,37,3128,34.8,5,7,12,5,0,0,9,1,0.14,0.2,0.35,0.14,0.35
ENG-Premier League,2324,Chelsea,Deivid Washington,BRA,FW,18,2005,2,0,13,0.1,0,0,0,0,0,0,0,0,0.0,0.0,0.0,0.0,0.0
ENG-Premier League,2324,Chelsea,Enzo Fernández,ARG,MF,22,2001,28,26,2209,24.5,3,2,5,2,1,2,7,0,0.12,0.08,0.2,0.08,0.16
ENG-Premier League,2324,Chelsea,Ian Maatsen,NED,MF,21,2002,12,1,209,2.3,0,0,0,0,0,0,1,0,0.0,0.0,0.0,0.0,0.0
ENG-Premier League,2324,Chelsea,Jimi Tauriainen,ENG,FW,19,2004,1,0,1,0.0,0,0,0,0,0,0,0,0,0.0,0.0,0.0,0.0,0.0
ENG-Premier League,2324,Chelsea,Joshua Acheampong,ENG,DF,17,2006,1,0,6,0.1,0,0,0,0,0,0,0,0,0.0,0.0,0.0,0.0,0.0
ENG-Premier League,2324,Chelsea,Lesley Ugochukwu,FRA,MF,19,2004,12,3,301,3.3,0,0,0,0,0,0,2,0,0.0,0.0,0.0,0.0,0.0
ENG-Premier League,2324,Chelsea,Levi Colwill,ENG,DF,20,2003,23,20,1797,20.0,1,1,2,1,0,0,2,0,0.05,0.05,0.1,0.05,0.1
ENG-Premier League,2324,Chelsea,Malo Gusto,FRA,"DF,MF",20,2003,27,19,1751,19.5,0,6,6,0,0,0,7,1,0.0,0.31,0.31,0.0,0.31
ENG-Premier League,2324,Chelsea,Marc Cucurella,ESP,DF,25,1998,21,20,1782,19.8,0,2,2,0,0,0,10,0,0.0,0.1,0.1,0.0,0.1
ENG-Premier League,2324,Chelsea,Mason Burstow,ENG,FW,19,2003,2,0,9,0.1,0,0,0,0,0,0,0,0,0.0,0.0,0.0,0.0,0.0
ENG-Premier League,2324,Chelsea,Moisés Caicedo,ECU,MF,21,2001,35,33,2866,31.8,1,3,4,1,0,0,11,0,0.03,0.09,0.13,0.03,0.13
ENG-Premier League,2324,Chelsea,Mykhailo Mudryk,UKR,MF,22,2001,31,18,1576,17.5,5,2,7,5,0,0,5,0,0.29,0.11,0.4,0.29,0.4
ENG-Premier League,2324,Chelsea,Nicolas Jackson,SEN,FW,22,2001,35,31,2799,31.1,14,5,19,14,0,0,10,0,0.45,0.16,0.61,0.45,0.61
ENG-Premier League,2324,Chelsea,Noni Madueke,ENG,MF,21,2002,23,13,1053,11.7,5,2,7,4,1,1,2,0,0.43,0.17,0.6,0.34,0.51
ENG-Premier League,2324,Chelsea,Raheem Sterling,ENG,MF,28,1994,31,22,1978,22.0,8,4,12,8,0,0,7,0,0.36,0.18,0.55,0.36,0.55
ENG-Premier League,2324,Chelsea,Reece James,ENG,"DF,MF",23,1999,10,5,419,4.7,0,2,2,0,0,0,2,2,0.0,0.43,0.43,0.0,0.43
ENG-Premier League,2324,Chelsea,Robert Sánchez,ESP,GK,25,1997,16,16,1433,15.9,0,0,0,0,0,0,2,0,0.0,0.0,0.0,0.0,0.0
ENG-Premier League,2324,Chelsea,Roméo Lavia,BEL,MF,19,2004,1,0,33,0.4,0,0,0,0,0,0,0,0,0.0,0.0,0.0,0.0,0.0
ENG-Premier League,2324,Chelsea,Thiago Silva,BRA,DF,38,1984,31,28,2527,28.1,3,1,4,3,0,0,4,0,0.11,0.04,0.14,0.11,0.14
ENG-Premier League,2324,Chelsea,Trevoh Chalobah,ENG,DF,24,1999,13,10,952,10.6,1,0,1,1,0,0,1,0,0.09,0.0,0.09,0.09,0.09
ENG-Premier League,2324,Chelsea,Đorđe Petrović,SRB,GK,23,1999,23,22,1987,22.1,0,0,0,0,0,0,2,0,0.0,0.0,0.0,0.0,0.0
ENG-Premier League,2324,Crystal Palace,Adam Wharton,ENG,MF,19,2004,16,15,1297,14.4,0,3,3,0,0,0,2,0,0.0,0.21,0.21,0.0,0.21
ENG-Premier League,2324,Crystal Palace,Cheick Doucouré,MLI,MF,23,2000,11,11,919,10.2,0,0,0,0,0,0,2,0,0.0,0.0,0.0,0.0,0.0
ENG-Premier League,2324,Crystal Palace,Chris Richards,USA,"DF,MF",23,2000,26,23,2094,23.3,1,1,2,1,0,0,3,0,0.04,0.04,0.09,0.04,0.09
ENG-Premier League,2324,Crystal Palace,Daniel Muñoz,COL,"MF,DF",27,1996,16,16,1439,16.0,0,4,4,0,0,0,4,0,0.0,0.25,0.25,0.0,0.25
ENG-Premier League,2324,Crystal Palace,David Ozoh,ENG,MF,18,2005,9,0,156,1.7,0,0,0,0,0,0,1,0,0.0,0.0,0.0,0.0,0.0
ENG-Premier League,2324,Crystal Palace,Dean Henderson,ENG,GK,26,1997,18,18,1620,18.0,0,0,0,0,0,0,2,0,0.0,0.0,0.0,0.0,0.0
ENG-Premier League,2324,Crystal Palace,Eberechi Eze,ENG,"MF,FW",25,1998,27,24,2055,22.8,11,4,15,10,1,1,3,0,0.48,0.18,0.66,0.44,0.61
ENG-Premier League,2324,Crystal Palace,James Tomkins,ENG,"DF,MF",34,1989,4,0,10,0.1,0,0,0,0,0,0,0,0,0.0,0.0,0.0,0.0,0.0
ENG-Premier League,2324,Crystal Palace,Jaïro Riedewald,NED,MF,26,1996,9,2,235,2.6,0,0,0,0,0,0,0,0,0.0,0.0,0.0,0.0,0.0
ENG-Premier League,2324,Crystal Palace,Jean-Philippe Mateta,FRA,FW,26,1997,35,25,2282,25.4,16,5,21,14,2,2,3,0,0.63,0.2,0.83,0.55,0.75
ENG-Premier League,2324,Crystal Palace,Jefferson Lerma,COL,"MF,DF",28,1994,28,27,2400,26.7,1,1,2,1,0,0,8,0,0.04,0.04,0.07,0.04,0.07
ENG-Premier League,2324,Crystal Palace,Jeffrey Schlupp,GHA,"MF,FW",30,1992,29,17,1352,15.0,2,2,4,2,0,0,1,0,0.13,0.13,0.27,0.13,0.27
ENG-Premier League,2324,Crystal Palace,Jesurun Rak Sakyi,ENG,"FW,MF",20,2002,6,0,136,1.5,0,0,0,0,0,0,0,0,0.0,0.0,0.0,0.0,0.0
ENG-Premier League,2324,Crystal Palace,Joachim Andersen,DEN,DF,27,1996,38,38,3415,37.9,2,3,5,2,0,0,7,0,0.05,0.08,0.13,0.05,0.13
ENG-Premier League,2324,Crystal Palace,Joel Ward,ENG,DF,33,1989,26,23,1980,22.0,0,1,1,0,0,0,4,0,0.0,0.05,0.05,0.0,0.05
ENG-Premier League,2324,Crystal Palace,Jordan Ayew,GHA,"MF,FW",31,1991,35,30,2543,28.3,4,7,11,4,0,0,9,1,0.14,0.25,0.39,0.14,0.39
ENG-Premier League,2324,Crystal Palace,Marc Guéhi,ENG,DF,23,2000,25,23,2021,22.5,0,1,1,0,0,0,2,0,0.0,0.04,0.04,0.0,0.04
ENG-Premier League,2324,Crystal Palace,Matheus França,BRA,MF,19,2004,10,1,232,2.6,0,1,1,0,0,0,1,0,0.0,0.39,0.39,0.0,0.39
ENG-Premier League,2324,Crystal Palace,Michael Olise,FRA,"MF,FW",21,2001,19,14,1275,14.2,10,6,16,9,1,1,0,0,0.71,0.42,1.13,0.64,1.06
ENG-Premier League,2324,Crystal Palace,Naouirou Ahamada,FRA,MF,21,2002,20,0,349,3.9,0,0,0,0,0,0,4,1,0.0,0.0,0.0,0.0,0.0
ENG-Premier League,2324,Crystal Palace,Nathaniel Clyne,ENG,DF,32,1991,19,14,1338,14.9,0,0,0,0,0,0,0,0,0.0,0.0,0.0,0.0,0.0
ENG-Premier League,2324,Crystal Palace,Odsonne Édouard,FRA,"FW,MF",25,1998,30,17,1555,17.3,7,0,7,7,0,0,4,0,0.41,0.0,0.41,0.41,0.41
ENG-Premier League,2324,Crystal Palace,Remi Matthews,ENG,GK,29,1994,1,0,4,0.0,0,0,0,0,0,0,0,0,0.0,0.0,0.0,0.0,0.0
ENG-Premier League,2324,Crystal Palace,Sam Johnstone,ENG,GK,30,1993,20,20,1796,20.0,0,0,0,0,0,0,1,0,0.0,0.0,0.0,0.0,0.0
ENG-Premier League,2324,Crystal Palace,Tyrick Mitchell,ENG,"DF,MF",23,1999,37,37,3204,35.6,2,3,5,2,0,0,6,0,0.06,0.08,0.14,0.06,0.14
ENG-Premier League,2324,Crystal Palace,Will Hughes,ENG,MF,28,1995,30,23,1891,21.0,0,1,1,0,0,0,6,0,0.0,0.05,0.05,0.0,0.05
ENG-Premier League,2324,Everton,Abdoulaye Doucouré,MLI,MF,30,1993,32,32,2629,29.2,7,1,8,7,0,0,7,0,0.24,0.03,0.27,0.24,0.27
ENG-Premier League,2324,Everton,Alex Iwobi,NGA,MF,27,1996,2,2,140,1.6,0,0,0,0,0,0,0,0,0.0,0.0,0.0,0.0,0.0
ENG-Premier League,2324,Everton,Amadou Onana,BEL,MF,21,2001,30,23,2091,23.2,2,0,2,2,0,0,5,0,0.09,0.0,0.09,0.09,0.09
ENG-Premier League,2324,Everton,André Gomes,POR,MF,30,1993,12,3,508,5.6,1,0,1,1,0,0,4,0,0.18,0.0,0.18,0.18,0.18
ENG-Premier League,2324,Everton,Arnaut Danjuma,NED,"MF,FW",26,1997,14,5,595,6.6,1,0,1,1,0,0,0,0,0.15,0.0,0.15,0.15,0.15
ENG-Premier League,2324,Everton,Ashley Young,ENG,"DF,MF",38,1985,31,27,2280,25.3,0,0,0,0,0,0,7,1,0.0,0.0,0.0,0.0,0.0
ENG-Premier League,2324,Everton,Ben Godfrey,ENG,DF,25,1998,15,13,1120,12.4,0,0,0,0,0,0,2,0,0.0,0.0,0.0,0.0,0.0
ENG-Premier League,2324,Everton,Beto,GNB,FW,25,1998,30,9,951,10.6,3,0,3,3,0,1,2,0,0.28,0.0,0.28,0.28,0.28
ENG-Premier League,2324,Everton,Dominic Calvert-Lewin,ENG,FW,26,1997,32,26,2171,24.1,7,2,9,5,2,2,2,0,0.29,0.08,0.37,0.21,0.29
ENG-Premier League,2324,Everton,Dwight McNeil,ENG,MF,23,1999,35,33,2892,32.1,3,6,9,3,0,0,2,0,0.09,0.19,0.28,0.09,0.28
ENG-Premier League,2324,Everton,Idrissa Gana Gueye,SEN,MF,33,1989,25,24,1884,20.9,4,0,4,4,0,0,8,0,0.19,0.0,0.19,0.19,0.19
ENG-Premier League,2324,Everton,Jack Harrison,ENG,MF,26,1996,29,25,2214,24.6,3,3,6,3,0,0,1,0,0.12,0.12,0.24,0.12,0.24
ENG-Premier League,2324,Everton,James Garner,ENG,MF,22,2001,37,34,3004,33.4,1,2,3,1,0,0,7,0,0.03,0.06,0.09,0.03,0.09
ENG-Premier League,2324,Everton,James Tarkowski,ENG,DF,30,1992,38,38,3419,38.0,1,1,2,1,0,0,11,0,0.03,0.03,0.05,0.03,0.05
ENG-Premier League,2324,Everton,Jarrad Branthwaite,ENG,DF,21,2002,35,35,3116,34.6,3,0,3,3,0,0,8,0,0.09,0.0,0.09,0.09,0.09
ENG-Premier League,2324,Everton,Jordan Pickford,ENG,GK,29,1994,38,38,3420,38.0,0,0,0,0,0,0,5,0,0.0,0.0,0.0,0.0,0.0
ENG-Premier League,2324,Everton,Lewis Dobbin,ENG,MF,20,2003,12,1,232,2.6,1,0,1,1,0,0,1,0,0.39,0.0,0.39,0.39,0.39
ENG-Premier League,2324,Everton,Lewis Warrington,ENG,MF,20,2002,1,0,1,0.0,0,0,0,0,0,0,0,0,0.0,0.0,0.0,0.0,0.0
ENG-Premier League,2324,Everton,Michael Keane,ENG,DF,30,1993,9,4,439,4.9,1,0,1,1,0,0,2,0,0.21,0.0,0.21,0.21,0.21
ENG-Premier League,2324,Everton,Nathan Patterson,SCO,DF,21,2001,20,9,1005,11.2,0,2,2,0,0,0,4,0,0.0,0.18,0.18,0.0,0.18
ENG-Premier League,2324,Everton,Neal Maupay,FRA,FW,26,1996,2,1,111,1.2,0,0,0,0,0,0,0,0,0.0,0.0,0.0,0.0,0.0
ENG-Premier League,2324,Everton,Séamus Coleman,IRL,DF,34,1988,12,7,665,7.4,0,0,0,0,0,0,0,0,0.0,0.0,0.0,0.0,0.0
ENG-Premier League,2324,Everton,Thomas Cannon,IRL,FW,20,2002,1,0,1,0.0,0,0,0,0,0,0,0,0,0.0,0.0,0.0,0.0,0.0
ENG-Premier League,2324,Everton,Tyler Onyango,ENG,MF,20,2003,1,0,1,0.0,0,0,0,0,0,0,0,0,0.0,0.0,0.0,0.0,0.0
ENG-Premier League,2324,Everton,Vitaliy Mykolenko,UKR,DF,24,1999,28,28,2469,27.4,2,0,2,2,0,0,1,0,0.07,0.0,0.07,0.07,0.07
ENG-Premier League,2324,Everton,Youssef Chermiti,POR,FW,19,2004,18,1,208,2.3,0,0,0,0,0,0,3,0,0.0,0.0,0.0,0.0,0.0
ENG-Premier League,2324,Fulham,Adama Traoré,ESP,MF,27,1996,17,1,377,4.2,2,3,5,2,0,0,2,0,0.48,0.72,1.19,0.48,1.19
ENG-Premier League,2324,Fulham,Aleksandar Mitrović,SRB,FW,28,1994,1,0,33,0.4,0,0,0,0,0,0,0,0,0.0,0.0,0.0,0.0,0.0
ENG-Premier League,2324,Fulham,Alex Iwobi,NGA,MF,27,1996,30,25,2192,24.4,5,2,7,5,0,0,2,0,0.21,0.08,0.29,0.21,0.29
ENG-Premier League,2324,Fulham,Andreas Pereira,BRA,MF,27,1996,37,34,2613,29.0,3,7,10,3,0,0,6,0,0.1,0.24,0.34,0.1,0.34
ENG-Premier League,2324,Fulham,Antonee Robinson,USA,DF,25,1997,37,37,3265,36.3,0,6,6,0,0,0,6,0,0.0,0.17,0.17,0.0,0.17
ENG-Premier League,2324,Fulham,Armando Broja,ALB,FW,21,2001,8,0,88,1.0,0,1,1,0,0,0,0,0,0.0,1.02,1.02,0.0,1.02
ENG-Premier League,2324,Fulham,Bernd Leno,GER,GK,31,1992,38,38,3420,38.0,0,0,0,0,0,0,3,0,0.0,0.0,0.0,0.0,0.0
ENG-Premier League,2324,Fulham,Bobby De Cordova-Reid,JAM,"MF,FW",30,1993,33,17,1423,15.8,6,2,8,6,0,0,4,0,0.38,0.13,0.51,0.38,0.51
ENG-Premier League,2324,Fulham,Calvin Bassey,NGA,DF,23,1999,29,25,2303,25.6,1,0,1,1,0,0,6,1,0.04,0.0,0.04,0.04,0.04
ENG-Premier League,2324,Fulham,Carlos Vinícius,BRA,FW,28,1995,13,2,315,3.5,2,0,2,2,0,0,2,0,0.57,0.0,0.57,0.57,0.57
ENG-Premier League,2324,Fulham,Fodé Ballo-Touré,SEN,"DF,MF",26,1997,6,0,71,0.8,0,0,0,0,0,0,1,0,0.0,0.0,0.0,0.0,0.0
ENG-Premier League,2324,Fulham,Harrison Reed,ENG,MF,28,1995,27,15,1325,14.7,0,2,2,0,0,0,6,0,0.0,0.14,0.14,0.0,0.14
ENG-Premier League,2324,Fulham,Harry Wilson,WAL,"MF,FW",26,1997,35,16,1620,18.0,4,6,10,4,0,0,6,0,0.22,0.33,0.56,0.22,0.56
ENG-Premier League,2324,Fulham,Issa Diop,MAR,DF,26,1997,18,16,1424,15.8,0,0,0,0,0,0,4,1,0.0,0.0,0.0,0.0,0.0
ENG-Premier League,2324,Fulham,João Palhinha,POR,MF,28,1995,33,31,2699,30.0,4,1,5,4,0,0,13,0,0.13,0.03,0.17,0.13,0.17
ENG-Premier League,2324,Fulham,Kenny Tete,NED,DF,27,1995,14,10,867,9.6,1,0,1,1,0,0,2,0,0.1,0.0,0.1,0.1,0.1
ENG-Premier League,2324,Fulham,Luke Harris,WAL,MF,18,2005,1,0,75,0.8,0,0,0,0,0,0,0,0,0.0,0.0,0.0,0.0,0.0
ENG-Premier League,2324,Fulham,Raúl Jiménez,MEX,FW,32,1991,24,18,1395,15.5,7,0,7,7,0,0,3,1,0.45,0.0,0.45,0.45,0.45
ENG-Premier League,2324,Fulham,Rodrigo Muniz,BRA,FW,22,2001,26,18,1593,17.7,9,1,10,9,0,0,1,0,0.51,0.06,0.56,0.51,0.56
ENG-Premier League,2324,Fulham,Saša Lukić,SRB,MF,26,1996,24,13,1122,12.5,1,0,1,1,0,0,3,0,0.08,0.0,0.08,0.08,0.08
ENG-Premier League,2324,Fulham,Tim Ream,USA,DF,35,1987,18,17,1503,16.7,1,0,1,1,0,0,4,1,0.06,0.0,0.06,0.06,0.06
ENG-Premier League,2324,Fulham,Timothy Castagne,BEL,DF,27,1995,34,29,2634,29.3,1,3,4,1,0,0,3,0,0.03,0.1,0.14,0.03,0.14
ENG-Premier League,2324,Fulham,Tom Cairney,SCO,MF,32,1991,34,14,1488,16.5,1,4,5,1,0,0,3,0,0.06,0.24,0.3,0.06,0.3
ENG-Premier League,2324,Fulham,Tosin Adarabioyo,ENG,DF,25,1997,20,18,1617,18.0,2,0,2,2,0,0,2,0,0.11,0.0,0.11,0.11,0.11
ENG-Premier League,2324,Fulham,Willian,BRA,"MF,FW",34,1988,31,24,2053,22.8,4,2,6,2,2,2,1,0,0.18,0.09,0.26,0.09,0.18
ENG-Premier League,2324,Liverpool,Alexis Mac Allister,ARG,MF,24,1998,33,31,2599,28.9,5,5,10,4,1,1,7,1,0.17,0.17,0.35,0.14,0.31
ENG-Premier League,2324,Liverpool,Alisson,BRA,GK,30,1992,28,28,2520,28.0,0,0,0,0,0,0,1,0,0.0,0.0,0.0,0.0,0.0
ENG-Premier League,2324,Liverpool,Andrew Robertson,SCO,DF,29,1994,23,18,1693,18.8,3,2,5,3,0,0,2,0,0.16,0.11,0.27,0.16,0.27
ENG-Premier League,2324,Liverpool,Ben Gannon-Doak,SCO,MF,17,2005,1,0,14,0.2,0,0,0,0,0,0,0,0,0.0,0.0,0.0,0.0,0.0
ENG-Premier League,2324,Liverpool,Bobby Clark,ENG,MF,18,2005,5,1,89,1.0,0,0,0,0,0,0,0,0,0.0,0.0,0.0,0.0,0.0
ENG-Premier League,2324,Liverpool,Caoimhín Kelleher,IRL,GK,24,1998,10,10,900,10.0,0,0,0,0,0,0,0,0,0.0,0.0,0.0,0.0,0.0
ENG-Premier League,2324,Liverpool,Cody Gakpo,NED,"FW,MF",24,1999,35,17,1649,18.3,8,5,13,8,0,0,1,0,0.44,0.27,0.71,0.44,0.71
ENG-Premier League,2324,Liverpool,Conor Bradley,NIR,DF,20,2003,11,10,753,8.4,1,3,4,1,0,0,2,0,0.12,0.36,0.48,0.12,0.48
ENG-Premier League,2324,Liverpool,Curtis Jones,ENG,MF,22,2001,23,14,1167,13.0,1,1,2,1,0,0,3,1,0.08,0.08,0.15,0.08,0.15
ENG-Premier League,2324,Liverpool,Darwin Núñez,URU,FW,24,1999,36,22,2047,22.7,11,8,19,11,0,1,9,0,0.48,0.35,0.84,0.48,0.84
ENG-Premier League,2324,Liverpool,Diogo Jota,POR,FW,26,1996,21,14,1145,12.7,10,3,13,10,0,0,3,1,0.79,0.24,1.02,0.79,1.02
ENG-Premier League,2324,Liverpool,Dominik Szoboszlai,HUN,MF,22,2000,33,25,2104,23.4,3,2,5,3,0,0,1,0,0.13,0.09,0.21,0.13,0.21
ENG-Premier League,2324,Liverpool,Harvey Elliott,ENG,"MF,FW",20,2003,34,11,1352,15.0,3,6,9,3,0,0,2,0,0.2,0.4,0.6,0.2,0.6
ENG-Premier League,2324,Liverpool,Ibrahima Konaté,FRA,DF,24,1999,22,17,1574,17.5,0,0,0,0,0,0,5,1,0.0,0.0,0.0,0.0,0.0
ENG-Premier League,2324,Liverpool,James McConnell,ENG,MF,18,2004,3,0,4,0.0,0,0,0,0,0,0,0,0,0.0,0.0,0.0,0.0,0.0
ENG-Premier League,2324,Liverpool,Jarell Quansah,ENG,DF,20,2003,17,13,1190,13.2,2,0,2,2,0,0,1,0,0.15,0.0,0.15,0.15,0.15
ENG-Premier League,2324,Liverpool,Jayden Danns,ENG,FW,17,2006,2,0,9,0.1,0,0,0,0,0,0,1,0,0.0,0.0,0.0,0.0,0.0
ENG-Premier League,2324,Liverpool,Joe Gomez,ENG,DF,26,1997,32,17,1786,19.8,0,1,1,0,0,0,5,0,0.0,0.05,0.05,0.0,0.05
ENG-Premier League,2324,Liverpool,Joël Matip,CMR,DF,31,1991,10,9,781,8.7,0,0,0,0,0,0,2,0,0.0,0.0,0.0,0.0,0.0
ENG-Premier League,2324,Liverpool,Kaide Gordon,ENG,FW,18,2004,1,0,1,0.0,0,0,0,0,0,0,0,0,0.0,0.0,0.0,0.0,0.0
ENG-Premier League,2324,Liverpool,Kostas Tsimikas,GRE,DF,27,1996,13,8,679,7.5,0,3,3,0,0,0,0,0,0.0,0.4,0.4,0.0,0.4
ENG-Premier League,2324,Liverpool,Luis Díaz,COL,FW,26,1997,37,32,2629,29.2,8,5,13,8,0,0,3,0,0.27,0.17,0.45,0.27,0.45
ENG-Premier League,2324,Liverpool,Mohamed Salah,EGY,FW,31,1992,32,28,2534,28.2,18,10,28,13,5,7,2,0,0.64,0.36,0.99,0.46,0.82
ENG-Premier League,2324,Liverpool,Owen Beck,WAL,"DF,MF",20,2002,1,0,8,0.1,0,0,0,0,0,0,0,0,0.0,0.0,0.0,0.0,0.0
ENG-Premier League,2324,Liverpool,Ryan Gravenberch,NED,MF,21,2002,26,12,1121,12.5,1,0,1,1,0,0,0,0,0.08,0.0,0.08,0.08,0.08
ENG-Premier League,2324,Liverpool,Stefan Bajcetic,ESP,MF,18,2004,1,0,26,0.3,0,0,0,0,0,0,0,0,0.0,0.0,0.0,0.0,0.0
ENG-Premier League,2324,Liverpool,Thiago Alcántara,ESP,MF,32,1991,1,0,6,0.1,0,0,0,0,0,0,0,0,0.0,0.0,0.0,0.0,0.0
ENG-Premier League,2324,Liverpool,Trent Alexander-Arnold,ENG,DF,24,1998,28,25,2155,23.9,3,4,7,3,0,0,6,0,0.13,0.17,0.29,0.13,0.29
ENG-Premier League,2324,Liverpool,Virgil van Dijk,NED,DF,32,1991,36,36,3177,35.3,2,2,4,2,0,0,3,1,0.06,0.06,0.11,0.06,0.11
ENG-Premier League,2324,Liverpool,Wataru Endo,JPN,MF,30,1993,29,20,1722,19.1,1,0,1,1,0,0,10,0,0.05,0.0,0.05,0.05,0.05
ENG-Premier League,2324,Luton Town,Albert Sambi Lokonga,BEL,MF,23,1999,17,16,1303,14.5,1,3,4,1,0,0,4,0,0.07,0.21,0.28,0.07,0.28
ENG-Premier League,2324,Luton Town,Alfie Doughty,ENG,"MF,DF",23,1999,37,34,2925,32.5,2,8,10,2,0,0,5,0,0.06,0.25,0.31,0.06,0.31
ENG-Premier League,2324,Luton Town,Amari'i Bell,JAM,DF,29,1994,21,21,1720,19.1,0,0,0,0,0,0,0,0,0.0,0.0,0.0,0.0,0.0
ENG-Premier League,2324,Luton Town,Andros Townsend,ENG,"MF,FW",32,1991,27,14,1210,13.4,1,3,4,1,0,0,1,0,0.07,0.22,0.3,0.07,0.3
ENG-Premier League,2324,Luton Town,Carlton Morris,ENG,"FW,MF",27,1995,38,32,2862,31.8,11,4,15,6,5,5,4,0,0.35,0.13,0.47,0.19,0.31
ENG-Premier League,2324,Luton Town,Cauley Woodrow,ENG,FW,28,1994,24,2,427,4.7,1,1,2,1,0,0,2,0,0.21,0.21,0.42,0.21,0.42
ENG-Premier League,2324,Luton Town,Chiedozie Ogbene,IRL,MF,26,1997,30,20,1995,22.2,4,1,5,4,0,0,1,0,0.18,0.05,0.23,0.18,0.23
ENG-Premier League,2324,Luton Town,Daiki Hashioka,JPN,"DF,MF",24,1999,10,6,595,6.6,0,0,0,0,0,0,0,0,0.0,0.0,0.0,0.0,0.0
ENG-Premier League,2324,Luton Town,Elijah Adebayo,ENG,FW,25,1998,27,16,1419,15.8,10,0,10,10,0,0,1,0,0.63,0.0,0.63,0.63,0.63
ENG-Premier League,2324,Luton Town,Fred Onyedinma,ENG,MF,26,1996,8,4,407,4.5,0,0,0,0,0,0,1,0,0.0,0.0,0.0,0.0,0.0
ENG-Premier League,2324,Luton Town,Gabriel Osho,NGA,DF,24,1998,21,21,1846,20.5,2,0,2,2,0,0,3,0,0.1,0.0,0.1,0.1,0.1
ENG-Premier League,2324,Luton Town,Issa Kaboré,BFA,"MF,DF",22,2001,24,21,1729,19.2,0,2,2,0,0,0,7,0,0.0,0.1,0.1,0.0,0.1
ENG-Premier League,2324,Luton Town,Jacob Brown,SCO,"MF,FW",25,1998,19,12,1019,11.3,2,0,2,2,0,0,4,0,0.18,0.0,0.18,0.18,0.18
ENG-Premier League,2324,Luton Town,James Shea,ENG,GK,32,1991,1,0,15,0.2,0,0,0,0,0,0,0,0,0.0,0.0,0.0,0.0,0.0
ENG-Premier League,2324,Luton Town,Jordan Clark,ENG,MF,29,1993,23,14,1304,14.5,1,1,2,1,0,0,4,0,0.07,0.07,0.14,0.07,0.14
ENG-Premier League,2324,Luton Town,Joseph Johnson,ENG,DF,17,2006,2,0,77,0.9,0,0,0,0,0,0,1,0,0.0,0.0,0.0,0.0,0.0
ENG-Premier League,2324,Luton Town,Luke Berry,ENG,MF,31,1992,17,2,323,3.6,2,1,3,2,0,0,1,0,0.56,0.28,0.84,0.56,0.84
ENG-Premier League,2324,Luton Town,Mads Juel Andersen,DEN,DF,25,1997,8,4,400,4.4,1,0,1,1,0,0,1,0,0.23,0.0,0.23,0.23,0.23
ENG-Premier League,2324,Luton Town,Marvelous Nakamba,ZIM,MF,29,1994,13,13,1130,12.6,0,0,0,0,0,0,5,0,0.0,0.0,0.0,0.0,0.0
ENG-Premier League,2324,Luton Town,Pelly Ruddock Mpanzu,COD,MF,30,1993,27,11,1101,12.2,0,0,0,0,0,0,1,0,0.0,0.0,0.0,0.0,0.0
ENG-Premier League,2324,Luton Town,Reece Burke,ENG,DF,26,1996,22,20,1660,18.4,0,4,4,0,0,0,5,0,0.0,0.22,0.22,0.0,0.22
ENG-Premier League,2324,Luton Town,Ross Barkley,ENG,MF,29,1993,32,30,2618,29.1,5,4,9,5,0,0,6,0,0.17,0.14,0.31,0.17,0.31
ENG-Premier League,2324,Luton Town,Ryan Giles,ENG,"MF,DF",23,2000,11,5,503,5.6,0,0,0,0,0,0,0,0,0.0,0.0,0.0,0.0,0.0
ENG-Premier League,2324,Luton Town,Tahith Chong,CUW,"MF,FW",23,1999,33,20,1982,22.0,4,0,4,4,0,0,4,0,0.18,0.0,0.18,0.18,0.18
ENG-Premier League,2324,Luton Town,Teden Mengi,ENG,DF,21,2002,30,28,2469,27.4,1,0,1,1,0,0,3,0,0.04,0.0,0.04,0.04,0.04
ENG-Premier League,2324,Luton Town,Thomas Kaminski,BEL,GK,30,1992,38,38,3405,37.8,0,0,0,0,0,0,3,0,0.0,0.0,0.0,0.0,0.0
ENG-Premier League,2324,Luton Town,Tom Lockyer,WAL,DF,28,1994,14,14,1169,13.0,1,1,2,1,0,0,4,0,0.08,0.08,0.15,0.08,0.15
ENG-Premier League,2324,Luton Town,Zack Nelson,ENG,MF,18,2005,2,0,7,0.1,0,0,0,0,0,0,0,0,0.0,0.0,0.0,0.0,0.0
ENG-Premier League,2324,Manchester City,Aymeric Laporte,ESP,DF,29,1994,1,0,12,0.1,0,0,0,0,0,0,0,0,0.0,0.0,0.0,0.0,0.0
ENG-Premier League,2324,Manchester City,Bernardo Silva,POR,MF,28,1994,33,29,2578,28.6,6,9,15,6,0,0,8,0,0.21,0.31,0.52,0.21,0.52
ENG-Premier League,2324,Manchester City,Cole Palmer,ENG,"FW,MF",21,2002,1,0,11,0.1,0,0,0,0,0,0,0,0,0.0,0.0,0.0,0.0,0.0
ENG-Premier League,2324,Manchester City,Ederson,BRA,GK,29,1993,33,33,2785,30.9,0,0,0,0,0,0,5,0,0.0,0.0,0.0,0.0,0.0
ENG-Premier League,2324,Manchester City,Erling Haaland,NOR,"FW,MF",23,2000,31,29,2552,28.4,27,5,32,20,7,8,1,0,0.95,0.18,1.13,0.71,0.88
ENG-Premier League,2324,Manchester City,Jack Grealish,ENG,"MF,FW",27,1995,20,10,1009,11.2,3,1,4,3,0,0,6,0,0.27,0.09,0.36,0.27,0.36
ENG-Premier League,2324,Manchester City,James Mcatee,ENG,MF,20,2002,1,0,1,0.0,0,0,0,0,0,0,0,0,0.0,0.0,0.0,0.0,0.0
ENG-Premier League,2324,Manchester City,Jeremy Doku,BEL,"MF,FW",21,2002,29,18,1595,17.7,3,8,11,3,0,0,3,0,0.17,0.45,0.62,0.17,0.62
ENG-Premier League,2324,Manchester City,John Stones,ENG,DF,29,1994,16,12,1064,11.8,1,0,1,1,0,0,2,0,0.08,0.0,0.08,0.08,0.08
ENG-Premier League,2324,Manchester City,Joško Gvardiol,CRO,DF,21,2002,28,26,2328,25.9,4,1,5,4,0,0,3,0,0.15,0.04,0.19,0.15,0.19
ENG-Premier League,2324,Manchester City,Julián Álvarez,ARG,"MF,FW",23,2000,36,31,2647,29.4,11,8,19,9,2,2,2,0,0.37,0.27,0.65,0.31,0.58
ENG-Premier League,2324,Manchester City,Kalvin Phillips,ENG,"DF,MF",27,1995,4,0,93,1.0,0,0,0,0,0,0,0,0,0.0,0.0,0.0,0.0,0.0
ENG-Premier League,2324,Manchester City,Kevin De Bruyne,BEL,MF,32,1991,18,15,1221,13.6,4,10,14,4,0,0,2,0,0.29,0.74,1.03,0.29,1.03
ENG-Premier League,2324,Manchester City,Kyle Walker,ENG,"DF,MF",33,1990,32,30,2767,30.7,0,4,4,0,0,0,2,0,0.0,0.13,0.13,0.0,0.13
ENG-Premier League,2324,Manchester City,Manuel Akanji,SUI,"DF,MF",28,1995,30,28,2511,27.9,2,0,2,2,0,0,4,1,0.07,0.0,0.07,0.07,0.07
ENG-Premier League,2324,Manchester City,Mateo Kovačić,CRO,MF,29,1994,30,16,1551,17.2,1,0,1,1,0,0,4,0,0.06,0.0,0.06,0.06,0.06
ENG-Premier League,2324,Manchester City,Matheus Nunes,POR,"MF,FW",24,1998,17,7,661,7.3,0,2,2,0,0,0,0,0,0.0,0.27,0.27,0.0,0.27
ENG-Premier League,2324,Manchester City,Nathan Aké,NED,DF,28,1995,29,24,2042,22.7,2,2,4,2,0,0,0,0,0.09,0.09,0.18,0.09,0.18
ENG-Premier League,2324,Manchester City,Oscar Bobb,NOR,MF,20,2003,14,2,302,3.4,1,1,2,1,0,0,0,0,0.3,0.3,0.6,0.3,0.6
ENG-Premier League,2324,Manchester City,Phil Foden,ENG,MF,23,2000,35,33,2857,31.7,19,8,27,19,0,0,2,0,0.6,0.25,0.85,0.6,0.85
ENG-Premier League,2324,Manchester City,Rico Lewis,ENG,"DF,MF",18,2004,16,8,809,9.0,2,0,2,2,0,0,1,0,0.22,0.0,0.22,0.22,0.22
ENG-Premier League,2324,Manchester City,Rodri,ESP,"MF,DF",27,1996,34,34,2931,32.6,8,9,17,8,0,0,8,1,0.25,0.28,0.52,0.25,0.52
ENG-Premier League,2324,Manchester City,Rúben Dias,POR,"DF,MF",26,1997,30,28,2559,28.4,0,0,0,0,0,0,0,0,0.0,0.0,0.0,0.0,0.0
ENG-Premier League,2324,Manchester City,Sergio Gómez,ESP,"DF,MF",22,2000,6,0,53,0.6,0,1,1,0,0,0,0,0,0.0,1.7,1.7,0.0,1.7
ENG-Premier League,2324,Manchester City,Stefan Ortega,GER,GK,30,1992,9,5,635,7.1,0,0,0,0,0,0,0,0,0.0,0.0,0.0,0.0,0.0
ENG-Premier League,2324,Manchester Utd,Aaron Wan-Bissaka,COD,DF,25,1997,22,20,1780,19.8,0,2,2,0,0,0,4,0,0.0,0.1,0.1,0.0,0.1
ENG-Premier League,2324,Manchester Utd,Alejandro Garnacho,ARG,MF,19,2004,36,30,2565,28.5,7,4,11,7,0,0,4,0,0.25,0.14,0.39,0.25,0.39
ENG-Premier League,2324,Manchester Utd,Amad Diallo,CIV,MF,21,2002,9,3,390,4.3,1,1,2,1,0,0,1,0,0.23,0.23,0.46,0.23,0.46
ENG-Premier League,2324,Manchester Utd,André Onana,CMR,GK,27,1996,38,38,3420,38.0,0,0,0,0,0,0,5,0,0.0,0.0,0.0,0.0,0.0
ENG-Premier League,2324,Manchester Utd,Anthony Martial,FRA,FW,27,1995,13,5,448,5.0,1,0,1,1,0,0,0,0,0.2,0.0,0.2,0.2,0.2
ENG-Premier League,2324,Manchester Utd,Antony,BRA,MF,23,2000,29,15,1324,14.7,1,1,2,1,0,0,5,0,0.07,0.07,0.14,0.07,0.14
ENG-Premier League,2324,Manchester Utd,Bruno Fernandes,POR,MF,28,1994,35,35,3118,34.6,10,8,18,6,4,5,9,0,0.29,0.23,0.52,0.17,0.4
ENG-Premier League,2324,Manchester Utd,Casemiro,BRA,"MF,DF",31,1992,25,24,1982,22.0,1,2,3,1,0,0,7,0,0.05,0.09,0.14,0.05,0.14
ENG-Premier League,2324,Manchester Utd,Christian Eriksen,DEN,MF,31,1992,22,12,1141,12.7,1,2,3,1,0,0,1,0,0.08,0.16,0.24,0.08,0.24
ENG-Premier League,2324,Manchester Utd,Daniel Gore,ENG,MF,18,2004,1,0,1,0.0,0,0,0,0,0,0,0,0,0.0,0.0,0.0,0.0,0.0
ENG-Premier League,2324,Manchester Utd,Diogo Dalot,POR,DF,24,1999,36,35,3174,35.3,2,3,5,2,0,0,6,1,0.06,0.09,0.14,0.06,0.14
ENG-Premier League,2324,Manchester Utd,Donny van de Beek,NED,MF,26,1997,1,0,3,0.0,0,0,0,0,0,0,0,0,0.0,0.0,0.0,0.0,0.0
ENG-Premier League,2324,Manchester Utd,Ethan Wheatley,ENG,FW,17,2006,3,0,16,0.2,0,0,0,0,0,0,0,0,0.0,0.0,0.0,0.0,0.0
ENG-Premier League,2324,Manchester Utd,Facundo Pellistri,URU,MF,21,2001,9,1,172,1.9,0,1,1,0,0,0,0,0,0.0,0.52,0.52,0.0,0.52
ENG-Premier League,2324,Manchester Utd,Hannibal Mejbri,TUN,MF,20,2003,5,1,133,1.5,1,0,1,1,0,0,1,0,0.68,0.0,0.68,0.68,0.68
ENG-Premier League,2324,Manchester Utd,Harry Maguire,ENG,DF,30,1993,22,18,1653,18.4,2,2,4,2,0,0,4,0,0.11,0.11,0.22,0.11,0.22
ENG-Premier League,2324,Manchester Utd,Jadon Sancho,ENG,"FW,MF",23,2000,3,0,79,0.9,0,0,0,0,0,0,0,0,0.0,0.0,0.0,0.0,0.0
ENG-Premier League,2324,Manchester Utd,Jonny Evans,NIR,DF,35,1988,23,15,1392,15.5,0,1,1,0,0,0,2,0,0.0,0.06,0.06,0.0,0.06
ENG-Premier League,2324,Manchester Utd,Kobbie Mainoo,ENG,MF,18,2005,24,24,1924,21.4,3,1,4,3,0,0,3,0,0.14,0.05,0.19,0.14,0.19
ENG-Premier League,2324,Manchester Utd,Lisandro Martínez,ARG,DF,25,1998,11,8,646,7.2,0,1,1,0,0,0,3,0,0.0,0.14,0.14,0.0,0.14
ENG-Premier League,2324,Manchester Utd,Luke Shaw,ENG,DF,28,1995,12,12,959,10.7,0,0,0,0,0,0,6,0,0.0,0.0,0.0,0.0,0.0
ENG-Premier League,2324,Manchester Utd,Marcus Rashford,ENG,"MF,FW",25,1997,33,26,2271,25.2,7,2,9,5,2,2,2,0,0.28,0.08,0.36,0.2,0.28
ENG-Premier League,2324,Manchester Utd,Mason Mount,ENG,MF,24,1999,14,5,516,5.7,1,0,1,1,0,0,2,0,0.17,0.0,0.17,0.17,0.17
ENG-Premier League,2324,Manchester Utd,Omari Forson,ENG,MF,19,2004,4,1,70,0.8,0,1,1,0,0,0,0,0,0.0,1.29,1.29,0.0,1.29
ENG-Premier League,2324,Manchester Utd,Raphaël Varane,FRA,DF,30,1993,22,16,1375,15.3,1,0,1,1,0,0,2,0,0.07,0.0,0.07,0.07,0.07
ENG-Premier League,2324,Manchester Utd,Rasmus Højlund,DEN,FW,20,2003,30,25,2158,24.0,10,2,12,10,0,0,2,0,0.42,0.08,0.5,0.42,0.5
ENG-Premier League,2324,Manchester Utd,Scott McTominay,SCO,"MF,FW",26,1996,32,18,1901,21.1,7,1,8,7,0,0,2,0,0.33,0.05,0.38,0.33,0.38
ENG-Premier League,2324,Manchester Utd,Sergio Reguilón,ESP,DF,26,1996,9,4,412,4.6,0,0,0,0,0,0,3,0,0.0,0.0,0.0,0.0,0.0
ENG-Premier League,2324,Manchester Utd,Sofyan Amrabat,MAR,"MF,DF",26,1996,21,10,938,10.4,0,0,0,0,0,0,6,0,0.0,0.0,0.0,0.0,0.0
ENG-Premier League,2324,Manchester Utd,Victor Lindelöf,SWE,DF,29,1994,19,14,1328,14.8,1,1,2,1,0,0,2,0,0.07,0.07,0.14,0.07,0.14
ENG-Premier League,2324,Manchester Utd,Willy Kambwala,FRA,DF,18,2004,8,3,330,3.7,0,0,0,0,0,0,1,0,0.0,0.0,0.0,0.0,0.0
ENG-Premier League,2324,Newcastle United,Alex Murphy,IRL,DF,19,2004,2,0,13,0.1,0,0,0,0,0,0,0,0,0.0,0.0,0.0,0.0,0.0
ENG-Premier League,2324,Newcastle United,Alexander Isak,SWE,FW,23,1999,30,27,2255,25.1,21,2,23,16,5,6,1,0,0.84,0.08,0.92,0.64,0.72
ENG-Premier League,2324,Newcastle United,Amadou Diallo,ENG,FW,20,2003,1,0,1,0.0,0,0,0,0,0,0,0,0,0.0,0.0,0.0,0.0,0.0
ENG-Premier League,2324,Newcastle United,Anthony Gordon,ENG,FW,22,2001,35,34,2890,32.1,11,10,21,10,1,1,12,1,0.34,0.31,0.65,0.31,0.62
ENG-Premier League,2324,Newcastle United,Ben Parkinson,ENG,FW,18,2005,1,0,25,0.3,0,0,0,0,0,0,0,0,0.0,0.0,0.0,0.0,0.0
ENG-Premier League,2324,Newcastle United,Bruno Guimarães,BRA,MF,25,1997,37,37,3263,36.3,7,8,15,7,0,0,9,0,0.19,0.22,0.41,0.19,0.41
ENG-Premier League,2324,Newcastle United,Callum Wilson,ENG,FW,31,1992,20,9,991,11.0,9,1,10,7,2,2,3,0,0.82,0.09,0.91,0.64,0.73
ENG-Premier League,2324,Newcastle United,Dan Burn,ENG,DF,31,1992,33,32,2726,30.3,2,2,4,2,0,0,4,0,0.07,0.07,0.13,0.07,0.13
ENG-Premier League,2324,Newcastle United,Elliot Anderson,ENG,"MF,FW",20,2002,21,10,1027,11.4,0,2,2,0,0,0,3,0,0.0,0.18,0.18,0.0,0.18
ENG-Premier League,2324,Newcastle United,Emil Krafth,SWE,DF,28,1994,17,8,913,10.1,0,0,0,0,0,0,2,0,0.0,0.0,0.0,0.0,0.0
ENG-Premier League,2324,Newcastle United,Fabian Schär,SUI,DF,31,1991,36,35,3054,33.9,4,1,5,4,0,0,5,0,0.12,0.03,0.15,0.12,0.15
ENG-Premier League,2324,Newcastle United,Harvey Barnes,ENG,"FW,MF",25,1997,21,7,802,8.9,5,3,8,5,0,0,2,0,0.56,0.34,0.9,0.56,0.9
ENG-Premier League,2324,Newcastle United,Jacob Murphy,ENG,"FW,MF",28,1995,21,14,1189,13.2,3,7,10,3,0,0,1,0,0.23,0.53,0.76,0.23,0.76
ENG-Premier League,2324,Newcastle United,Jamaal Lascelles,ENG,DF,29,1993,16,13,1080,12.0,1,0,1,1,0,0,4,0,0.08,0.0,0.08,0.08,0.08
ENG-Premier League,2324,Newcastle United,Joe White,ENG,MF,20,2002,4,0,13,0.1,0,0,0,0,0,0,1,0,0.0,0.0,0.0,0.0,0.0
ENG-Premier League,2324,Newcastle United,Joe Willock,ENG,MF,23,1999,9,5,419,4.7,1,0,1,1,0,0,0,0,0.21,0.0,0.21,0.21,0.21
ENG-Premier League,2324,Newcastle United,Joelinton,BRA,"MF,FW",26,1996,20,15,1279,14.2,2,1,3,2,0,0,6,0,0.14,0.07,0.21,0.14,0.21
ENG-Premier League,2324,Newcastle United,Kieran Trippier,ENG,DF,32,1990,28,26,2236,24.8,1,10,11,1,0,0,5,0,0.04,0.4,0.44,0.04,0.44
ENG-Premier League,2324,Newcastle United,Lewis Hall,ENG,DF,18,2004,18,8,781,8.7,1,0,1,1,0,0,2,0,0.12,0.0,0.12,0.12,0.12
ENG-Premier League,2324,Newcastle United,Lewis Miley,ENG,MF,17,2006,17,14,1202,13.4,1,3,4,1,0,0,1,0,0.07,0.22,0.3,0.07,0.3
ENG-Premier League,2324,Newcastle United,Loris Karius,GER,GK,30,1993,1,1,90,1.0,0,0,0,0,0,0,0,0,0.0,0.0,0.0,0.0,0.0
ENG-Premier League,2324,Newcastle United,Martin Dúbravka,SVK,GK,34,1989,23,22,1985,22.1,0,0,0,0,0,0,1,0,0.0,0.0,0.0,0.0,0.0
ENG-Premier League,2324,Newcastle United,Matt Ritchie,SCO,"DF,MF",33,1989,13,0,128,1.4,1,0,1,1,0,0,1,0,0.7,0.0,0.7,0.7,0.7
ENG-Premier League,2324,Newcastle United,Matt Targett,ENG,DF,27,1995,3,1,78,0.9,0,0,0,0,0,0,1,0,0.0,0.0,0.0,0.0,0.0
ENG-Premier League,2324,Newcastle United,Michael Ndiweni,ENG,MF,19,2003,1,0,1,0.0,0,0,0,0,0,0,0,0,0.0,0.0,0.0,0.0,0.0
ENG-Premier League,2324,Newcastle United,Miguel Almirón,PAR,FW,29,1994,33,23,1937,21.5,3,1,4,3,0,0,2,0,0.14,0.05,0.19,0.14,0.19
ENG-Premier League,2324,Newcastle United,Nick Pope,ENG,GK,31,1992,15,15,1345,14.9,0,0,0,0,0,0,1,0,0.0,0.0,0.0,0.0,0.0
ENG-Premier League,2324,Newcastle United,Paul Dummett,WAL,DF,31,1991,5,0,20,0.2,0,0,0,0,0,0,0,0,0.0,0.0,0.0,0.0,0.0
ENG-Premier League,2324,Newcastle United,Sandro Tonali,ITA,MF,23,2000,8,5,438,4.9,1,0,1,1,0,0,2,0,0.21,0.0,0.21,0.21,0.21
ENG-Premier League,2324,Newcastle United,Sean Longstaff,ENG,MF,25,1997,35,30,2747,30.5,6,2,8,6,0,0,7,0,0.2,0.07,0.26,0.2,0.26
ENG-Premier League,2324,Newcastle United,Sven Botman,NED,DF,23,2000,17,15,1377,15.3,2,2,4,2,0,0,2,0,0.13,0.13,0.26,0.13,0.26
ENG-Premier League,2324,Newcastle United,Valentino Livramento,ENG,DF,20,2002,26,12,1314,14.6,1,0,1,1,0,0,1,0,0.07,0.0,0.07,0.07,0.07
ENG-Premier League,2324,Nottingham Forest,Andrew Omobamidele,IRL,DF,21,2002,11,8,783,8.7,0,0,0,0,0,0,2,0,0.0,0.0,0.0,0.0,0.0
ENG-Premier League,2324,Nottingham Forest,Andrey Santos,BRA,MF,19,2004,1,0,8,0.1,0,0,0,0,0,0,0,0,0.0,0.0,0.0,0.0,0.0
ENG-Premier League,2324,Nottingham Forest,Anthony Elanga,SWE,"MF,FW",21,2002,36,25,2433,27.0,5,9,14,5,0,0,1,0,0.18,0.33,0.52,0.18,0.52
ENG-Premier League,2324,Nottingham Forest,Brandon Aguilera,CRC,MF,20,2003,1,0,5,0.1,0,0,0,0,0,0,0,0,0.0,0.0,0.0,0.0,0.0
ENG-Premier League,2324,Nottingham Forest,Brennan Johnson,WAL,"FW,MF",22,2001,3,3,237,2.6,0,0,0,0,0,0,0,0,0.0,0.0,0.0,0.0,0.0
ENG-Premier League,2324,Nottingham Forest,Callum Hudson-Odoi,ENG,"MF,FW",22,2000,29,20,1854,20.6,8,1,9,8,0,0,0,0,0.39,0.05,0.44,0.39,0.44
ENG-Premier League,2324,Nottingham Forest,Cheikhou Kouyaté,SEN,MF,33,1989,12,2,212,2.4,0,0,0,0,0,0,2,0,0.0,0.0,0.0,0.0,0.0
ENG-Premier League,2324,Nottingham Forest,Chris Wood,NZL,FW,31,1991,31,20,1812,20.1,14,1,15,14,0,0,0,0,0.7,0.05,0.75,0.7,0.75
ENG-Premier League,2324,Nottingham Forest,Danilo Santos,BRA,MF,22,2001,29,20,1792,19.9,2,2,4,2,0,0,4,0,0.1,0.1,0.2,0.1,0.2
ENG-Premier League,2324,Nottingham Forest,Divock Origi,BEL,"MF,FW",28,1995,20,6,606,6.7,0,1,1,0,0,0,1,0,0.0,0.15,0.15,0.0,0.15
ENG-Premier League,2324,Nottingham Forest,Felipe,BRA,DF,34,1989,7,4,375,4.2,0,0,0,0,0,0,4,0,0.0,0.0,0.0,0.0,0.0
ENG-Premier League,2324,Nottingham Forest,Gio Reyna,USA,MF,20,2002,9,2,235,2.6,0,1,1,0,0,0,0,0,0.0,0.38,0.38,0.0,0.38
ENG-Premier League,2324,Nottingham Forest,Gonzalo Montiel,ARG,DF,26,1997,14,8,801,8.9,0,2,2,0,0,0,5,0,0.0,0.22,0.22,0.0,0.22
ENG-Premier League,2324,Nottingham Forest,Harry Toffolo,ENG,"DF,MF",27,1995,23,15,1459,16.2,1,3,4,1,0,0,3,0,0.06,0.19,0.25,0.06,0.25
ENG-Premier League,2324,Nottingham Forest,Ibrahim Sangaré,CIV,MF,25,1997,17,13,1035,11.5,0,0,0,0,0,0,6,0,0.0,0.0,0.0,0.0,0.0
ENG-Premier League,2324,Nottingham Forest,Joe Worrall,ENG,DF,26,1997,7,5,439,4.9,0,0,0,0,0,0,0,1,0.0,0.0,0.0,0.0,0.0
ENG-Premier League,2324,Nottingham Forest,Matt Turner,USA,GK,29,1994,17,17,1530,17.0,0,0,0,0,0,0,2,0,0.0,0.0,0.0,0.0,0.0
ENG-Premier League,2324,Nottingham Forest,Matz Sels,BEL,GK,31,1992,16,16,1440,16.0,0,0,0,0,0,0,1,0,0.0,0.0,0.0,0.0,0.0
ENG-Premier League,2324,Nottingham Forest,Morgan Gibbs-White,ENG,"MF,FW",23,2000,37,35,3156,35.1,5,10,15,4,1,1,9,0,0.14,0.29,0.43,0.11,0.4
ENG-Premier League,2324,Nottingham Forest,Moussa Niakhate,SEN,DF,27,1996,21,15,1460,16.2,1,0,1,1,0,0,5,1,0.06,0.0,0.06,0.06,0.06
ENG-Premier League,2324,Nottingham Forest,Murillo,BRA,DF,21,2002,32,32,2789,31.0,0,2,2,0,0,0,5,0,0.0,0.06,0.06,0.0,0.06
ENG-Premier League,2324,Nottingham Forest,Neco Williams,WAL,"DF,MF",22,2001,26,18,1637,18.2,0,1,1,0,0,0,4,0,0.0,0.05,0.05,0.0,0.05
ENG-Premier League,2324,Nottingham Forest,Nicolás Domínguez,ARG,MF,25,1998,26,19,1495,16.6,2,2,4,2,0,0,4,0,0.12,0.12,0.24,0.12,0.24
ENG-Premier League,2324,Nottingham Forest,Nuno Tavares,POR,DF,23,2000,8,5,457,5.1,0,0,0,0,0,0,2,0,0.0,0.0,0.0,0.0,0.0
ENG-Premier League,2324,Nottingham Forest,Odysseas Vlachodimos,GRE,GK,29,1994,5,5,450,5.0,0,0,0,0,0,0,0,0,0.0,0.0,0.0,0.0,0.0
ENG-Premier League,2324,Nottingham Forest,Ola Aina,NGA,"DF,MF",26,1996,22,20,1692,18.8,1,1,2,1,0,0,3,0,0.05,0.05,0.11,0.05,0.11
ENG-Premier League,2324,Nottingham Forest,Orel Mangala,BEL,MF,25,1998,20,19,1563,17.4,1,0,1,1,0,0,6,0,0.06,0.0,0.06,0.06,0.06
ENG-Premier League,2324,Nottingham Forest,Rodrigo Ribeiro,POR,FW,18,2005,4,0,17,0.2,0,0,0,0,0,0,0,0,0.0,0.0,0.0,0.0,0.0
ENG-Premier League,2324,Nottingham Forest,Ryan Yates,ENG,MF,25,1997,35,21,1992,22.1,1,1,2,1,0,0,6,0,0.05,0.05,0.09,0.05,0.09
ENG-Premier League,2324,Nottingham Forest,Scott McKenna,SCO,DF,26,1996,5,5,416,4.6,0,0,0,0,0,0,0,0,0.0,0.0,0.0,0.0,0.0
ENG-Premier League,2324,Nottingham Forest,Serge Aurier,CIV,"DF,MF",30,1992,12,10,833,9.3,0,2,2,0,0,0,2,0,0.0,0.22,0.22,0.0,0.22
ENG-Premier League,2324,Nottingham Forest,Taiwo Awoniyi,NGA,FW,25,1997,20,12,1042,11.6,6,3,9,6,0,0,2,0,0.52,0.26,0.78,0.52,0.78
ENG-Premier League,2324,Nottingham Forest,Willy Boly,CIV,DF,32,1991,20,18,1438,16.0,2,1,3,2,0,0,3,1,0.13,0.06,0.19,0.13,0.19
ENG-Premier League,2324,Sheffield United,Andre Brooks,JAM,MF,19,2003,20,12,938,10.4,0,0,0,0,0,0,1,0,0.0,0.0,0.0,0.0,0.0
ENG-Premier League,2324,Sheffield United,Anel Ahmedhodžić,BIH,DF,24,1999,31,29,2649,29.4,2,0,2,2,0,0,11,1,0.07,0.0,0.07,0.07,0.07
ENG-Premier League,2324,Sheffield United,Anis Ben Slimane,TUN,MF,22,2001,15,4,419,4.7,0,0,0,0,0,0,2,0,0.0,0.0,0.0,0.0,0.0
ENG-Premier League,2324,Sheffield United,Antwoine Hackford,ENG,FW,19,2004,2,0,13,0.1,0,0,0,0,0,0,0,0,0.0,0.0,0.0,0.0,0.0
ENG-Premier League,2324,Sheffield United,Auston Trusty,USA,DF,24,1998,32,28,2572,28.6,0,0,0,0,0,0,4,0,0.0,0.0,0.0,0.0,0.0
ENG-Premier League,2324,Sheffield United,Ben Brereton,CHI,"FW,MF",24,1999,14,14,1105,12.3,6,1,7,5,1,1,3,0,0.49,0.08,0.57,0.41,0.49
ENG-Premier League,2324,Sheffield United,Ben Osborn,ENG,MF,28,1994,24,14,1367,15.2,0,2,2,0,0,0,3,0,0.0,0.13,0.13,0.0,0.13
ENG-Premier League,2324,Sheffield United,Bénie Traoré,CIV,"FW,MF",20,2002,8,3,387,4.3,0,0,0,0,0,0,0,0,0.0,0.0,0.0,0.0,0.0
ENG-Premier League,2324,Sheffield United,Cameron Archer,ENG,"FW,MF",22,2001,29,21,1832,20.4,4,1,5,4,0,0,1,0,0.2,0.05,0.25,0.2,0.25
ENG-Premier League,2324,Sheffield United,Chris Basham,ENG,"DF,MF",35,1988,8,3,321,3.6,0,0,0,0,0,0,1,0,0.0,0.0,0.0,0.0,0.0
ENG-Premier League,2324,Sheffield United,Daniel Jebbison,CAN,FW,19,2003,1,0,21,0.2,0,0,0,0,0,0,0,0,0.0,0.0,0.0,0.0,0.0
ENG-Premier League,2324,Sheffield United,George Baldock,GRE,"DF,MF",30,1993,13,11,969,10.8,0,1,1,0,0,0,4,0,0.0,0.09,0.09,0.0,0.09
ENG-Premier League,2324,Sheffield United,Gustavo Hamer,NED,MF,26,1997,36,34,2910,32.3,4,6,10,4,0,0,9,0,0.12,0.19,0.31,0.12,0.31
ENG-Premier League,2324,Sheffield United,Ivo Grbić,CRO,GK,27,1996,9,9,771,8.6,0,0,0,0,0,0,1,0,0.0,0.0,0.0,0.0,0.0
ENG-Premier League,2324,Sheffield United,Jack Robinson,ENG,DF,29,1993,34,31,2885,32.1,1,1,2,1,0,0,10,0,0.03,0.03,0.06,0.03,0.06
ENG-Premier League,2324,Sheffield United,James Mcatee,ENG,"MF,FW",20,2002,30,20,1822,20.2,3,3,6,2,1,1,2,0,0.15,0.15,0.3,0.1,0.25
ENG-Premier League,2324,Sheffield United,Jayden Bogle,ENG,"MF,DF",23,2000,34,32,2788,31.0,3,0,3,3,0,0,9,0,0.1,0.0,0.1,0.1,0.1
ENG-Premier League,2324,Sheffield United,John Egan,IRL,DF,30,1992,6,6,482,5.4,0,0,0,0,0,0,2,0,0.0,0.0,0.0,0.0,0.0
ENG-Premier League,2324,Sheffield United,John Fleck,SCO,MF,31,1991,4,1,92,1.0,0,0,0,0,0,0,1,0,0.0,0.0,0.0,0.0,0.0
ENG-Premier League,2324,Sheffield United,Luke Thomas,ENG,"MF,DF",22,2001,12,11,917,10.2,0,0,0,0,0,0,3,0,0.0,0.0,0.0,0.0,0.0
ENG-Premier League,2324,Sheffield United,Mason Holgate,JAM,DF,26,1996,10,9,710,7.9,0,0,0,0,0,0,3,1,0.0,0.0,0.0,0.0,0.0
ENG-Premier League,2324,Sheffield United,Max Lowe,ENG,"MF,DF",26,1997,10,4,503,5.6,0,0,0,0,0,0,1,0,0.0,0.0,0.0,0.0,0.0
ENG-Premier League,2324,Sheffield United,Oliver Arblaster,ENG,MF,19,2004,12,11,943,10.5,0,0,0,0,0,0,2,0,0.0,0.0,0.0,0.0,0.0
ENG-Premier League,2324,Sheffield United,Oliver McBurnie,SCO,FW,27,1996,21,15,1280,14.2,6,3,9,4,2,2,7,2,0.42,0.21,0.63,0.28,0.49
ENG-Premier League,2324,Sheffield United,Oliver Norwood,NIR,MF,32,1991,27,16,1440,16.0,1,0,1,0,1,1,8,0,0.06,0.0,0.06,0.0,0.0
ENG-Premier League,2324,Sheffield United,Rhian Brewster,ENG,FW,23,2000,13,3,346,3.8,0,0,0,0,0,0,0,1,0.0,0.0,0.0,0.0,0.0
ENG-Premier League,2324,Sheffield United,Rhys Norrington-Davies,WAL,DF,24,1999,5,2,110,1.2,0,0,0,0,0,0,1,0,0.0,0.0,0.0,0.0,0.0
ENG-Premier League,2324,Sheffield United,Ryan One,SCO,MF,17,2006,1,0,8,0.1,0,0,0,0,0,0,0,0,0.0,0.0,0.0,0.0,0.0
ENG-Premier League,2324,Sheffield United,Sam Curtis,IRL,DF,17,2005,1,0,28,0.3,0,0,0,0,0,0,0,0,0.0,0.0,0.0,0.0,0.0
ENG-Premier League,2324,Sheffield United,Sydie Peck,ENG,MF,18,2004,1,0,10,0.1,0,0,0,0,0,0,0,0,0.0,0.0,0.0,0.0,0.0
ENG-Premier League,2324,Sheffield United,Tom Davies,ENG,MF,25,1998,9,2,221,2.5,0,0,0,0,0,0,2,0,0.0,0.0,0.0,0.0,0.0
ENG-Premier League,2324,Sheffield United,Vinicius Souza,BRA,MF,24,1999,36,29,2668,29.6,1,0,1,1,0,0,3,0,0.03,0.0,0.03,0.03,0.03
ENG-Premier League,2324,Sheffield United,Wes Foderingham,ENG,GK,32,1991,30,29,2649,29.4,0,0,0,0,0,0,2,0,0.0,0.0,0.0,0.0,0.0
ENG-Premier League,2324,Sheffield United,William Osula,DEN,FW,19,2003,21,9,786,8.7,0,0,0,0,0,0,4,0,0.0,0.0,0.0,0.0,0.0
ENG-Premier League,2324,Sheffield United,Yasser Larouci,ALG,MF,22,2001,11,6,531,5.9,0,0,0,0,0,0,1,0,0.0,0.0,0.0,0.0,0.0
ENG-Premier League,2324,Tottenham Hotspur,Alejo Véliz,ARG,FW,19,2003,8,0,50,0.6,1,0,1,1,0,0,1,0,1.8,0.0,1.8,1.8,1.8
ENG-Premier League,2324,Tottenham Hotspur,Ben Davies,WAL,DF,30,1993,17,12,1090,12.1,1,0,1,1,0,0,2,0,0.08,0.0,0.08,0.08,0.08
ENG-Premier League,2324,Tottenham Hotspur,Brennan Johnson,WAL,"MF,FW",22,2001,32,23,2085,23.2,5,10,15,5,0,0,3,0,0.22,0.43,0.65,0.22,0.65
ENG-Premier League,2324,Tottenham Hotspur,Bryan Gil,ESP,MF,22,2001,11,2,209,2.3,0,0,0,0,0,0,0,0,0.0,0.0,0.0,0.0,0.0
ENG-Premier League,2324,Tottenham Hotspur,Cristian Romero,ARG,DF,25,1998,33,33,2790,31.0,5,0,5,5,0,0,7,1,0.16,0.0,0.16,0.16,0.16
ENG-Premier League,2324,Tottenham Hotspur,Dane Scarlett,ENG,FW,19,2004,4,0,22,0.2,0,0,0,0,0,0,0,0,0.0,0.0,0.0,0.0,0.0
ENG-Premier League,2324,Tottenham Hotspur,Davinson Sánchez,COL,DF,27,1996,1,0,77,0.9,0,0,0,0,0,0,1,0,0.0,0.0,0.0,0.0,0.0
ENG-Premier League,2324,Tottenham Hotspur,Dejan Kulusevski,SWE,"MF,FW",23,2000,36,31,2762,30.7,8,3,11,8,0,0,7,0,0.26,0.1,0.36,0.26,0.36
ENG-Premier League,2324,Tottenham Hotspur,Destiny Udogie,ITA,DF,20,2002,28,28,2391,26.6,2,3,5,2,0,0,7,1,0.08,0.11,0.19,0.08,0.19
ENG-Premier League,2324,Tottenham Hotspur,Emerson,BRA,DF,24,1999,22,11,1161,12.9,1,0,1,1,0,0,4,0,0.08,0.0,0.08,0.08,0.08
ENG-Premier League,2324,Tottenham Hotspur,Eric Dier,ENG,DF,29,1994,4,1,201,2.2,0,0,0,0,0,0,0,0,0.0,0.0,0.0,0.0,0.0
ENG-Premier League,2324,Tottenham Hotspur,Giovani Lo Celso,ARG,MF,27,1996,22,4,506,5.6,2,2,4,2,0,0,2,0,0.36,0.36,0.71,0.36,0.71
ENG-Premier League,2324,Tottenham Hotspur,Guglielmo Vicario,ITA,GK,26,1996,38,38,3420,38.0,0,0,0,0,0,0,2,0,0.0,0.0,0.0,0.0,0.0
ENG-Premier League,2324,Tottenham Hotspur,Ivan Perišić,CRO,"FW,MF",34,1989,5,0,103,1.1,0,1,1,0,0,0,2,0,0.0,0.87,0.87,0.0,0.87
ENG-Premier League,2324,Tottenham Hotspur,James Maddison,ENG,MF,26,1996,28,26,2135,23.7,4,9,13,4,0,0,5,0,0.17,0.38,0.55,0.17,0.55
ENG-Premier League,2324,Tottenham Hotspur,Jamie Donley,NIR,MF,18,2005,3,0,3,0.0,0,0,0,0,0,0,1,0,0.0,0.0,0.0,0.0,0.0
ENG-Premier League,2324,Tottenham Hotspur,Manor Solomon,ISR,MF,24,1999,5,2,199,2.2,0,2,2,0,0,0,1,0,0.0,0.9,0.9,0.0,0.9
ENG-Premier League,2324,Tottenham Hotspur,Micky van de Ven,NED,DF,22,2001,27,27,2339,26.0,3,0,3,3,0,0,5,0,0.12,0.0,0.12,0.12,0.12
ENG-Premier League,2324,Tottenham Hotspur,Mikey Moore,ENG,MF,15,2007,2,0,4,0.0,0,0,0,0,0,0,0,0,0.0,0.0,0.0,0.0,0.0
ENG-Premier League,2324,Tottenham Hotspur,Oliver Skipp,ENG,"MF,DF",22,2000,21,5,707,7.9,0,0,0,0,0,0,3,0,0.0,0.0,0.0,0.0,0.0
ENG-Premier League,2324,Tottenham Hotspur,Pape Matar Sarr,SEN,MF,20,2002,34,27,2069,23.0,3,3,6,3,0,0,9,0,0.13,0.13,0.26,0.13,0.26
ENG-Premier League,2324,Tottenham Hotspur,Pedro Porro,ESP,DF,23,1999,35,35,3089,34.3,3,7,10,3,0,0,3,0,0.09,0.2,0.29,0.09,0.29
ENG-Premier League,2324,Tottenham Hotspur,Pierre Højbjerg,DEN,MF,27,1995,36,8,1311,14.6,0,0,0,0,0,0,4,0,0.0,0.0,0.0,0.0,0.0
ENG-Premier League,2324,Tottenham Hotspur,Radu Drăgușin,ROU,DF,21,2002,9,4,429,4.8,0,0,0,0,0,0,1,0,0.0,0.0,0.0,0.0,0.0
ENG-Premier League,2324,Tottenham Hotspur,Richarlison,BRA,"FW,MF",26,1997,28,18,1491,16.6,11,4,15,11,0,0,3,0,0.66,0.24,0.91,0.66,0.91
ENG-Premier League,2324,Tottenham Hotspur,Rodrigo Bentancur,URU,MF,26,1997,23,13,1005,11.2,1,1,2,1,0,0,7,0,0.09,0.09,0.18,0.09,0.18
ENG-Premier League,2324,Tottenham Hotspur,Son Heung-min,KOR,"FW,MF",31,1992,35,34,2934,32.6,17,10,27,15,2,2,1,0,0.52,0.31,0.83,0.46,0.77
ENG-Premier League,2324,Tottenham Hotspur,Timo Werner,GER,"MF,FW",27,1996,13,10,809,9.0,2,3,5,2,0,0,1,0,0.22,0.33,0.56,0.22,0.56
ENG-Premier League,2324,Tottenham Hotspur,Yves Bissouma,MLI,MF,26,1996,28,26,2068,23.0,0,0,0,0,0,0,10,2,0.0,0.0,0.0,0.0,0.0
ENG-Premier League,2324,West Ham United,Aaron Cresswell,ENG,DF,33,1989,11,4,436,4.8,0,0,0,0,0,0,1,0,0.0,0.0,0.0,0.0,0.0
ENG-Premier League,2324,West Ham United,Alphonse Areola,FRA,GK,30,1993,31,31,2699,30.0,0,0,0,0,0,0,1,0,0.0,0.0,0.0,0.0,0.0
ENG-Premier League,2324,West Ham United,Angelo Ogbonna,ITA,DF,35,1988,11,7,635,7.1,0,0,0,0,0,0,1,0,0.0,0.0,0.0,0.0,0.0
ENG-Premier League,2324,West Ham United,Ben Johnson,ENG,"MF,DF",23,2000,14,4,544,6.0,0,0,0,0,0,0,1,0,0.0,0.0,0.0,0.0,0.0
ENG-Premier League,2324,West Ham United,Danny Ings,ENG,"FW,MF",31,1992,20,3,404,4.5,1,0,1,1,0,0,1,0,0.22,0.0,0.22,0.22,0.22
ENG-Premier League,2324,West Ham United,Divin Mubama,ENG,FW,18,2004,5,0,80,0.9,0,0,0,0,0,0,0,0,0.0,0.0,0.0,0.0,0.0
ENG-Premier League,2324,West Ham United,Edson Álvarez,MEX,MF,25,1997,31,28,2377,26.4,1,1,2,1,0,0,11,0,0.04,0.04,0.08,0.04,0.08
ENG-Premier League,2324,West Ham United,Emerson Palmieri,ITA,DF,28,1994,36,35,3137,34.9,1,2,3,1,0,0,10,0,0.03,0.06,0.09,0.03,0.09
ENG-Premier League,2324,West Ham United,George Earthy,ENG,MF,18,2004,3,0,34,0.4,1,0,1,1,0,0,0,0,2.65,0.0,2.65,2.65,2.65
ENG-Premier League,2324,West Ham United,James Ward-Prowse,ENG,MF,28,1994,37,34,3001,33.3,7,7,14,5,2,2,4,0,0.21,0.21,0.42,0.15,0.36
ENG-Premier League,2324,West Ham United,Jarrod Bowen,ENG,"MF,FW",26,1996,34,34,3019,33.5,16,6,22,16,0,0,2,0,0.48,0.18,0.66,0.48,0.66
ENG-Premier League,2324,West Ham United,Kaelan Casey,ENG,DF,18,2004,1,0,1,0.0,0,0,0,0,0,0,0,0,0.0,0.0,0.0,0.0,0.0
ENG-Premier League,2324,West Ham United,Kalvin Phillips,ENG,MF,27,1995,8,3,309,3.4,0,0,0,0,0,0,3,1,0.0,0.0,0.0,0.0,0.0
ENG-Premier League,2324,West Ham United,Konstantinos Mavropanos,GRE,DF,25,1997,19,16,1500,16.7,1,0,1,1,0,0,2,0,0.06,0.0,0.06,0.06,0.06
ENG-Premier League,2324,West Ham United,Kurt Zouma,FRA,DF,28,1994,33,32,2838,31.5,3,0,3,3,0,0,3,0,0.1,0.0,0.1,0.1,0.1
ENG-Premier League,2324,West Ham United,Lucas Paquetá,BRA,MF,25,1997,31,31,2622,29.1,4,6,10,2,2,2,10,0,0.14,0.21,0.34,0.07,0.27
ENG-Premier League,2324,West Ham United,Maxwel Cornet,CIV,MF,26,1996,7,1,112,1.2,1,0,1,1,0,0,0,0,0.8,0.0,0.8,0.8,0.8
ENG-Premier League,2324,West Ham United,Michail Antonio,JAM,FW,33,1990,26,21,1695,18.8,6,2,8,6,0,0,6,0,0.32,0.11,0.42,0.32,0.42
ENG-Premier League,2324,West Ham United,Mohammed Kudus,GHA,MF,22,2000,33,27,2484,27.6,8,6,14,8,0,0,6,0,0.29,0.22,0.51,0.29,0.51
ENG-Premier League,2324,West Ham United,Nayef Aguerd,MAR,DF,27,1996,21,21,1857,20.6,1,0,1,1,0,0,3,1,0.05,0.0,0.05,0.05,0.05
ENG-Premier League,2324,West Ham United,Pablo Fornals,ESP,MF,27,1996,15,4,426,4.7,0,0,0,0,0,0,0,0,0.0,0.0,0.0,0.0,0.0
ENG-Premier League,2324,West Ham United,Saïd Benrahma,ALG,MF,27,1995,13,5,620,6.9,0,1,1,0,0,1,1,0,0.0,0.15,0.15,0.0,0.15
ENG-Premier League,2324,West Ham United,Thilo Kehrer,GER,DF,26,1996,4,0,22,0.2,0,0,0,0,0,0,2,0,0.0,0.0,0.0,0.0,0.0
ENG-Premier League,2324,West Ham United,Tomáš Souček,CZE,MF,28,1995,37,34,2870,31.9,7,2,9,7,0,0,7,0,0.22,0.06,0.28,0.22,0.28
ENG-Premier League,2324,West Ham United,Vladimír Coufal,CZE,DF,30,1992,36,36,3132,34.8,0,7,7,0,0,0,7,1,0.0,0.2,0.2,0.0,0.2
ENG-Premier League,2324,West Ham United,Łukasz Fabiański,POL,GK,38,1985,10,7,721,8.0,0,0,0,0,0,0,0,0,0.0,0.0,0.0,0.0,0.0
ENG-Premier League,2324,Wolves,Boubacar Traoré,MLI,MF,21,2001,24,7,819,9.1,0,0,0,0,0,0,4,0,0.0,0.0,0.0,0.0,0.0
ENG-Premier League,2324,Wolves,Craig Dawson,ENG,DF,33,1990,25,25,2209,24.5,1,1,2,1,0,0,7,0,0.04,0.04,0.08,0.04,0.08
ENG-Premier League,2324,Wolves,Daniel Bentley,ENG,GK,30,1993,5,3,383,4.3,0,0,0,0,0,0,0,0,0.0,0.0,0.0,0.0,0.0
ENG-Premier League,2324,Wolves,Enso Gonzalez,PAR,FW,18,2005,1,0,1,0.0,0,0,0,0,0,0,0,0,0.0,0.0,0.0,0.0,0.0
ENG-Premier League,2324,Wolves,Fábio Silva,POR,FW,21,2002,8,3,264,2.9,0,0,0,0,0,0,2,0,0.0,0.0,0.0,0.0,0.0
ENG-Premier League,2324,Wolves,Hugo Bueno,ESP,"MF,DF",20,2002,22,7,741,8.2,0,0,0,0,0,0,1,0,0.0,0.0,0.0,0.0,0.0
ENG-Premier League,2324,Wolves,Hwang Hee-chan,KOR,"FW,MF",27,1996,29,25,2119,23.5,12,3,15,11,1,1,6,0,0.51,0.13,0.64,0.47,0.59
ENG-Premier League,2324,Wolves,Jean-Ricner Bellegarde,HAI,"MF,FW",25,1998,22,10,958,10.6,2,1,3,2,0,0,0,1,0.19,0.09,0.28,0.19,0.28
ENG-Premier League,2324,Wolves,Jonny Castro,ESP,"DF,MF",29,1994,1,0,5,0.1,0,0,0,0,0,0,0,0,0.0,0.0,0.0,0.0,0.0
ENG-Premier League,2324,Wolves,José Sá,POR,GK,30,1993,35,35,3037,33.7,0,1,1,0,0,0,1,0,0.0,0.03,0.03,0.0,0.03
ENG-Premier League,2324,Wolves,João Gomes,BRA,MF,22,2001,34,32,2649,29.4,2,1,3,2,0,0,11,0,0.07,0.03,0.1,0.07,0.1
ENG-Premier League,2324,Wolves,Leon Chiwome,ENG,FW,17,2006,3,2,174,1.9,0,0,0,0,0,0,0,0,0.0,0.0,0.0,0.0,0.0
ENG-Premier League,2324,Wolves,Mario Lemina,GAB,MF,29,1993,35,34,2968,33.0,4,1,5,4,0,0,12,1,0.12,0.03,0.15,0.12,0.15
ENG-Premier League,2324,Wolves,Matheus Cunha,BRA,"FW,MF",24,1999,32,29,2440,27.1,12,7,19,11,1,1,9,0,0.44,0.26,0.7,0.41,0.66
ENG-Premier League,2324,Wolves,Matheus Nunes,POR,MF,24,1998,2,2,179,2.0,0,0,0,0,0,0,2,1,0.0,0.0,0.0,0.0,0.0
ENG-Premier League,2324,Wolves,Matt Doherty,IRL,"MF,DF",31,1992,30,9,1150,12.8,1,0,1,1,0,0,2,0,0.08,0.0,0.08,0.08,0.08
ENG-Premier League,2324,Wolves,Max Kilman,ENG,DF,26,1997,38,38,3420,38.0,2,0,2,2,0,0,7,0,0.05,0.0,0.05,0.05,0.05
ENG-Premier League,2324,Wolves,Nathan Fraser,IRL,FW,18,2005,7,1,186,2.1,0,0,0,0,0,0,1,0,0.0,0.0,0.0,0.0,0.0
ENG-Premier League,2324,Wolves,Nélson Semedo,POR,"MF,DF",29,1993,36,36,3084,34.3,0,1,1,0,0,0,10,1,0.0,0.03,0.03,0.0,0.03
ENG-Premier League,2324,Wolves,Pablo Sarabia,ESP,"MF,FW",31,1992,30,20,1745,19.4,4,7,11,2,2,2,5,0,0.21,0.36,0.57,0.1,0.46
ENG-Premier League,2324,Wolves,Pedro Neto,POR,"MF,FW",23,2000,20,18,1516,16.8,2,9,11,2,0,0,4,0,0.12,0.53,0.65,0.12,0.65
ENG-Premier League,2324,Wolves,Rayan Aït-Nouri,ALG,"MF,DF",22,2001,33,29,2329,25.9,2,1,3,2,0,0,7,0,0.08,0.04,0.12,0.08,0.12
ENG-Premier League,2324,Wolves,Santiago Bueno,URU,DF,24,1998,12,9,822,9.1,0,0,0,0,0,0,1,0,0.0,0.0,0.0,0.0,0.0
ENG-Premier League,2324,Wolves,Sasa Kalajdzic,AUT,FW,26,1997,11,1,166,1.8,2,0,2,2,0,0,0,0,1.08,0.0,1.08,1.08,1.08
ENG-Premier League,2324,Wolves,Tawanda Chirewa,ZIM,FW,19,2003,8,1,145,1.6,0,0,0,0,0,0,1,0,0.0,0.0,0.0,0.0,0.0
ENG-Premier League,2324,Wolves,Tommy Doyle,ENG,MF,21,2001,26,11,1222,13.6,0,0,0,0,0,0,2,0,0.0,0.0,0.0,0.0,0.0
ENG-Premier League,2324,Wolves,Toti Gomes,POR,DF,24,1999,35,31,2772,30.8,1,3,4,1,0,0,7,0,0.03,0.1,0.13,0.03,0.13
